"id","record","type","summary","sources","locator","file","conflict","reviewNote","decision","note"
"region:1","node","Region","Region: region:1","source:kandel-pns; source:blumenfeld-neuroanatomy; source:purves-neuroscience; source:uberon-ontology; source:desikan-2006; source:glasser-2016; source:brodmann-1909","R1 §1.1 Prefrontal cortex; R1 §17b Pronunciation guide; R2 E1 Region crosswalk row 1","data/anatomy.yaml","","","",""
"region:2","node","Region","Region: region:2","source:kandel-pns; source:purves-neuroscience; source:uberon-ontology; source:desikan-2006; source:glasser-2016; source:brodmann-1909","R1 §1.2 Orbitofrontal cortex; R1 §17b Pronunciation guide; R2 E1 Region crosswalk row 2","data/anatomy.yaml","","","",""
"region:3","node","Region","Region: region:3","source:kandel-pns; source:purves-neuroscience; source:uberon-ontology; source:desikan-2006; source:glasser-2016; source:brodmann-1909","R1 §1.3 Premotor cortex; R1 §17b Pronunciation guide; R2 E1 Region crosswalk row 3 (poor fit, overlaps only)","data/anatomy.yaml","","","",""
"region:4","node","Region","Region: region:4","source:kandel-pns; source:blumenfeld-neuroanatomy; source:desikan-2006; source:glasser-2016; source:brodmann-1909","R1 §1.4 Supplementary motor area; R2 E1 Region crosswalk row 4 (poor fit in DK; HCP near-equivalent)","data/anatomy.yaml","","","",""
"region:5","node","Region","Region: region:5","source:kandel-pns; source:purves-neuroscience; source:nolte-human-brain; source:uberon-ontology; source:desikan-2006; source:glasser-2016; source:brodmann-1909","R1 §1.5 Primary motor cortex; R1 §3 The Homunculus; R2 E1 Region crosswalk row 5","data/anatomy.yaml","","","",""
"region:6","node","Region","Region: region:6","source:blumenfeld-neuroanatomy; source:uberon-ontology; source:desikan-2006; source:glasser-2016; source:brodmann-1909","R1 §1.6 Broca's area; R1 §17b Pronunciation guide; R2 E1 Region crosswalk row 6","data/anatomy.yaml","","","",""
"region:7","node","Region","Region: region:7","source:kandel-pns; source:purves-neuroscience; source:nolte-human-brain; source:uberon-ontology; source:desikan-2006; source:glasser-2016; source:brodmann-1909","R1 §1.7 Primary somatosensory cortex; R1 §17b Pronunciation guide; R2 E1 Region crosswalk row 7","data/anatomy.yaml","","","",""
"region:8","node","Region","Region: region:8","source:kandel-pns; source:blumenfeld-neuroanatomy; source:uberon-ontology; source:desikan-2006; source:glasser-2016; source:brodmann-1909","R1 §1.8 Superior parietal lobule; R1 §17b Pronunciation guide; R2 E1 Region crosswalk row 8 (external labels cover only the superior parietal part of the painted territory)","data/anatomy.yaml","","","",""
"region:9","node","Region","Region: region:9","source:blumenfeld-neuroanatomy; source:kandel-pns; source:uberon-ontology; source:desikan-2006; source:glasser-2016; source:brodmann-1909","R1 §1.9 Angular gyrus; R1 §17b Pronunciation guide; R2 E1 Region crosswalk row 9","data/anatomy.yaml","","","",""
"region:10","node","Region","Region: region:10","source:cavanna-trimble-2006; source:uberon-ontology; source:desikan-2006; source:glasser-2016; source:brodmann-1909","R1 §1.10 Precuneus; R1 §17b Pronunciation guide; R2 E1 Region crosswalk row 10","data/anatomy.yaml","","","",""
"region:11","node","Region","Region: region:11","source:kandel-pns; source:purves-neuroscience; source:nolte-human-brain; source:uberon-ontology; source:desikan-2006; source:glasser-2016; source:brodmann-1909","R1 §1.11 Primary auditory cortex; R2 E1 Region crosswalk row 11","data/anatomy.yaml","","","",""
"region:12","node","Region","Region: region:12","source:kandel-pns; source:uberon-ontology; source:desikan-2006; source:glasser-2016; source:brodmann-1909","R1 §1.12 Superior temporal gyrus; R1 §17b Pronunciation guide; R2 E1 Region crosswalk row 12","data/anatomy.yaml","","","",""
"region:13","node","Region","Region: region:13","source:blumenfeld-neuroanatomy; source:uberon-ontology; source:desikan-2006; source:glasser-2016; source:brodmann-1909","R1 §1.13 Wernicke's area; R1 §17b Pronunciation guide; R2 E1 Region crosswalk row 13 (poor fit, overlaps only; UBERON parent superior temporal gyrus)","data/anatomy.yaml","","","",""
"region:14","node","Region","Region: region:14","source:purves-neuroscience; source:uberon-ontology; source:desikan-2006; source:glasser-2016; source:brodmann-1909","R1 §1.14 Fusiform gyrus; R1 §1.18 Visual association cortex (inferotemporal cortex); R1 §17b Pronunciation guide; R2 E1 Region crosswalk row 14 (row describes the fusiform gyrus, which is only the underside of region 14)","data/anatomy.yaml","","","",""
"region:15","node","Region","Region: region:15","source:kandel-pns; source:purves-neuroscience; source:blumenfeld-neuroanatomy; source:gottfried-2010; source:uberon-ontology; source:brodmann-1909","R1 §1.15a Piriform cortex; R1 §17b Pronunciation guide; R2 E1 Region crosswalk row 15-alt Piriform (allocortex; poor fit)","data/anatomy.yaml","","","",""
"region:16","node","Region","Region: region:16","source:vogt-2005; source:kandel-pns; source:blumenfeld-neuroanatomy; source:uberon-ontology; source:desikan-2006; source:glasser-2016; source:brodmann-1909","R1 §1.16 Cingulate cortex; KB anatomy/gyri_and_sulci.md (cingulate gyrus); R1 §17b Pronunciation guide; R2 E1 Region crosswalk row 16","data/anatomy.yaml","","","",""
"region:17","node","Region","Region: region:17","source:kandel-pns; source:purves-neuroscience; source:nolte-human-brain; source:dougherty-2003; source:uberon-ontology; source:desikan-2006; source:glasser-2016; source:brodmann-1909","R1 §1.17 Primary visual cortex; R2 E1 Region crosswalk row 17","data/anatomy.yaml","","","",""
"region:18","node","Region","Region: region:18","source:kandel-pns; source:uberon-ontology; source:desikan-2006; source:glasser-2016; source:brodmann-1909","R1 §1.18 Visual association cortex; R2 E1 Region crosswalk row 18","data/anatomy.yaml","","","",""
"region:19","node","Region","Region: region:19","source:azevedo-2009; source:kandel-pns; source:qbi-brain-basics; source:uberon-ontology","R1 TL;DR; R1 §1.19 Cerebellum; R1 §17c Glossary (Cerebellum); KB anatomy/hindbrain.md; R1 §17b Pronunciation guide; R2 E1 Region crosswalk row 19","data/anatomy.yaml","","","",""
"region:20","node","Region","Region: region:20","source:blumenfeld-neuroanatomy; source:kandel-pns; source:nolte-human-brain; source:uberon-ontology","R1 §1.20 Brainstem; R1 §17c Glossary (Brainstem); R2 E1 Region crosswalk row 20","data/anatomy.yaml","","","",""
"structure:central-nervous-system","node","Structure","Structure: Central Nervous System","source:kandel-pns; source:purves-neuroscience; source:nolte-human-brain; source:qbi-brain-basics","KB anatomy/central_nervous_system.md","data/anatomy.yaml","","Marked diffuse: it spans the whole model, so there is no single region to point at.","",""
"structure:peripheral-nervous-system","node","Structure","Structure: Peripheral Nervous System","source:kandel-pns; source:purves-neuroscience; source:nolte-human-brain; source:qbi-brain-basics","KB anatomy/peripheral_nervous_system.md","data/anatomy.yaml","","","",""
"structure:autonomic-nervous-system","node","Structure","Structure: Autonomic Nervous System","source:kandel-pns; source:purves-neuroscience; source:nolte-human-brain; source:qbi-brain-basics","KB anatomy/peripheral_nervous_system.md (Autonomic division)","data/anatomy.yaml","","","",""
"structure:limbic-system","node","Structure","Structure: Limbic System","source:kandel-pns; source:purves-neuroscience; source:nolte-human-brain; source:qbi-brain-basics; source:brainfacts","KB anatomy/limbic_system.md; R1 §17c Glossary (Limbic system)","data/anatomy.yaml","","","",""
"structure:forebrain","node","Structure","Structure: Forebrain","source:kandel-pns; source:purves-neuroscience; source:nolte-human-brain; source:qbi-brain-basics","KB anatomy/forebrain.md","data/anatomy.yaml","","Marked diffuse: it spans the whole model, so there is no single region to point at.","",""
"structure:cerebrum","node","Structure","Structure: Cerebrum","source:kandel-pns; source:purves-neuroscience; source:nolte-human-brain; source:qbi-brain-basics","KB anatomy/forebrain.md; R1 §17b Pronunciation guide","data/anatomy.yaml","","","",""
"structure:cerebral-cortex","node","Structure","Structure: Cerebral Cortex","source:kandel-pns; source:purves-neuroscience; source:nolte-human-brain; source:azevedo-2009; source:fischl-dale-2000; source:statpearls","R1 TL;DR (neuron count); R1 §17c Glossary (Cortex); KB anatomy/gyri_and_sulci.md (Scale); R2 C8 Cortical thickness; R1 §17b Pronunciation guide","data/anatomy.yaml","","","",""
"structure:diencephalon","node","Structure","Structure: Diencephalon","source:kandel-pns; source:purves-neuroscience; source:nolte-human-brain; source:qbi-brain-basics","KB anatomy/forebrain.md; R1 §1.15b Midbrain","data/anatomy.yaml","","","",""
"structure:midbrain","node","Structure","Structure: Midbrain","source:kandel-pns; source:purves-neuroscience; source:blumenfeld-neuroanatomy; source:nolte-human-brain; source:uberon-ontology","R1 §1.15b Midbrain; R1 §17c Glossary (Midbrain); KB anatomy/midbrain.md; R2 E1 Region crosswalk row 15 Midbrain","data/anatomy.yaml","","","",""
"structure:hindbrain","node","Structure","Structure: Hindbrain","source:kandel-pns; source:purves-neuroscience; source:nolte-human-brain; source:qbi-brain-basics","KB anatomy/hindbrain.md","data/anatomy.yaml","","","",""
"structure:pons","node","Structure","Structure: Pons","source:blumenfeld-neuroanatomy; source:kandel-pns; source:nolte-human-brain; source:uberon-ontology","R1 §1.20 Brainstem (Pons); R1 §17c Glossary (Pons); KB anatomy/hindbrain.md; R1 §17b Pronunciation guide; R2 E1 Region crosswalk row 20","data/anatomy.yaml","","","",""
"structure:medulla-oblongata","node","Structure","Structure: Medulla Oblongata","source:blumenfeld-neuroanatomy; source:kandel-pns; source:nolte-human-brain; source:qbi-brain-basics; source:uberon-ontology","R1 §1.20 Brainstem (Medulla); R1 §17c Glossary (Medulla); KB anatomy/hindbrain.md; R1 §17b Pronunciation guide; R2 E1 Region crosswalk row 20","data/anatomy.yaml","","","",""
"structure:insula","node","Structure","Structure: Insula","source:kandel-pns; source:purves-neuroscience; source:blumenfeld-neuroanatomy","R1 §5 Hidden and deep structures (Insula); R1 §1.6 Broca's area (Visibility); R1 §17c Glossary (Insula); KB anatomy/lobes.md; R1 §17b Pronunciation guide","data/anatomy.yaml","","","",""
"structure:anterior-insula","node","Structure","Structure: Anterior Insula","source:kandel-pns; source:purves-neuroscience; source:blumenfeld-neuroanatomy","R1 §5 Hidden and deep structures (Insula); R1 §8 Sensory systems (Taste)","data/anatomy.yaml","","","",""
"structure:precentral-gyrus","node","Structure","Structure: Precentral Gyrus","source:kandel-pns; source:purves-neuroscience; source:nolte-human-brain; source:uberon-ontology; source:desikan-2006","R1 §1.5 Primary motor cortex; R1 §3 The Homunculus; KB anatomy/gyri_and_sulci.md; R1 §17b Pronunciation guide; R2 E1 Region crosswalk row 5","data/anatomy.yaml","","","",""
"structure:postcentral-gyrus","node","Structure","Structure: Postcentral Gyrus","source:kandel-pns; source:purves-neuroscience; source:nolte-human-brain; source:uberon-ontology; source:desikan-2006","R1 §1.7 Primary somatosensory cortex; R1 §3 The Homunculus; KB anatomy/gyri_and_sulci.md; R1 §17b Pronunciation guide; R2 E1 Region crosswalk row 7","data/anatomy.yaml","","","",""
"structure:superior-frontal-gyrus","node","Structure","Structure: Superior Frontal Gyrus","source:desikan-2006","R2 E1 Region crosswalk (Desikan-Killiany label superiorfrontal, rows 1 and 4); R1 §1.3 Premotor cortex (superior frontal sulcus)","data/anatomy.yaml","","","",""
"structure:middle-frontal-gyrus","node","Structure","Structure: Middle Frontal Gyrus","source:desikan-2006","R1 §9 Brain networks (Language network: IFG, MFG); R2 E1 Region crosswalk (Desikan-Killiany labels rostral/caudal middlefrontal)","data/anatomy.yaml","","","",""
"structure:inferior-frontal-gyrus","node","Structure","Structure: Inferior Frontal Gyrus","source:blumenfeld-neuroanatomy","R1 §1.6 Broca's area; R1 §4 Function index (Language production: left inferior frontal gyrus)","data/anatomy.yaml","","","",""
"structure:pars-opercularis","node","Structure","Structure: Pars Opercularis","source:blumenfeld-neuroanatomy; source:uberon-ontology; source:desikan-2006; source:brodmann-1909","R1 §1.6 Broca's area; R1 §17b Pronunciation guide; R2 E1 Region crosswalk row 6","data/anatomy.yaml","","","",""
"structure:pars-triangularis","node","Structure","Structure: Pars Triangularis","source:blumenfeld-neuroanatomy; source:uberon-ontology; source:desikan-2006; source:brodmann-1909","R1 §1.6 Broca's area; R1 §17b Pronunciation guide; R2 E1 Region crosswalk row 6","data/anatomy.yaml","","","",""
"structure:pars-orbitalis","node","Structure","Structure: Pars Orbitalis","source:desikan-2006","R2 E1 Region crosswalk row 2 (Desikan-Killiany label parsorbitalis)","data/anatomy.yaml","","","",""
"structure:dorsolateral-prefrontal-cortex","node","Structure","Structure: Dorsolateral Prefrontal Cortex","source:kandel-pns; source:blumenfeld-neuroanatomy; source:purves-neuroscience; source:brodmann-1909","R1 §1.1 Prefrontal cortex (Subregions); R1 §17b Pronunciation guide","data/anatomy.yaml","","","",""
"structure:ventromedial-prefrontal-cortex","node","Structure","Structure: Ventromedial Prefrontal Cortex","source:kandel-pns; source:blumenfeld-neuroanatomy; source:purves-neuroscience; source:brodmann-1909","R1 §1.1 Prefrontal cortex (Subregions, Visibility)","data/anatomy.yaml","","","",""
"structure:ventrolateral-prefrontal-cortex","node","Structure","Structure: Ventrolateral Prefrontal Cortex","source:kandel-pns; source:blumenfeld-neuroanatomy; source:purves-neuroscience; source:brodmann-1909","R1 §1.1 Prefrontal cortex (Subregions, Lateralization)","data/anatomy.yaml","","","",""
"structure:dorsomedial-prefrontal-cortex","node","Structure","Structure: Dorsomedial Prefrontal Cortex","source:kandel-pns; source:blumenfeld-neuroanatomy; source:purves-neuroscience; source:brodmann-1909","R1 §1.1 Prefrontal cortex (Subregions)","data/anatomy.yaml","","","",""
"structure:frontopolar-cortex","node","Structure","Structure: Frontopolar Cortex","source:kandel-pns; source:blumenfeld-neuroanatomy; source:purves-neuroscience; source:brodmann-1909","R1 §1.1 Prefrontal cortex (Subregions, Expert)","data/anatomy.yaml","","","",""
"structure:frontal-eye-field","node","Structure","Structure: Frontal Eye Field","source:kandel-pns; source:purves-neuroscience; source:brodmann-1909; source:glasser-2016","R1 §1.3 Premotor cortex (Subregions); R2 B1 Cortico-basal ganglia loops (oculomotor loop); R2 E1 Region crosswalk row 1 (HCP FEF)","data/anatomy.yaml","","","",""
"structure:dorsal-premotor-cortex","node","Structure","Structure: Dorsal Premotor Cortex","source:kandel-pns; source:purves-neuroscience","R1 §1.3 Premotor cortex (Subregions)","data/anatomy.yaml","","","",""
"structure:ventral-premotor-cortex","node","Structure","Structure: Ventral Premotor Cortex","source:kandel-pns; source:purves-neuroscience","R1 §1.3 Premotor cortex (Subregions, Function)","data/anatomy.yaml","","","",""
"structure:pre-supplementary-motor-area","node","Structure","Structure: Pre-Supplementary Motor Area","source:kandel-pns; source:blumenfeld-neuroanatomy; source:nachev-2008","R1 §1.4 Supplementary motor area (Function, Subregions)","data/anatomy.yaml","","","",""
"structure:paracentral-lobule","node","Structure","Structure: Paracentral Lobule","source:kandel-pns; source:purves-neuroscience; source:nolte-human-brain; source:desikan-2006","R1 §1.5 Primary motor cortex (Motor map, Visibility); R1 §1.7 Primary somatosensory cortex (Visibility); R1 §1.10 Precuneus","data/anatomy.yaml","","","",""
"structure:superior-parietal-lobule","node","Structure","Structure: Superior Parietal Lobule","source:kandel-pns; source:blumenfeld-neuroanatomy; source:uberon-ontology; source:desikan-2006; source:brodmann-1909","R1 §1.8 Superior parietal lobule; R1 §17b Pronunciation guide; R2 E1 Region crosswalk row 8","data/anatomy.yaml","","","",""
"structure:inferior-parietal-lobule","node","Structure","Structure: Inferior Parietal Lobule","source:kandel-pns; source:blumenfeld-neuroanatomy","R1 §1.9 Angular gyrus; R1 §9 Brain networks (DMN); R1 §17b Pronunciation guide","data/anatomy.yaml","","","",""
"structure:supramarginal-gyrus","node","Structure","Structure: Supramarginal Gyrus","source:kandel-pns; source:blumenfeld-neuroanatomy; source:brodmann-1909","R1 §1.9 Angular gyrus; KB anatomy/gyri_and_sulci.md (Careful with); R1 §17b Pronunciation guide","data/anatomy.yaml","","","",""
"structure:intraparietal-sulcus","node","Structure","Structure: Intraparietal Sulcus","source:kandel-pns; source:blumenfeld-neuroanatomy","R1 §1.8 Superior parietal lobule; R1 §4 Function index (Math and number; Attention)","data/anatomy.yaml","","","",""
"structure:secondary-somatosensory-cortex","node","Structure","Structure: Secondary Somatosensory Cortex","source:kandel-pns; source:purves-neuroscience; source:nolte-human-brain","R1 §1.7 Primary somatosensory cortex (Connections: S2, parietal operculum)","data/anatomy.yaml","","","",""
"structure:temporoparietal-junction","node","Structure","Structure: Temporoparietal Junction","source:kandel-pns","R1 §1.12 Superior temporal gyrus (Social cognition); R1 §9 Brain networks (Ventral attention network)","data/anatomy.yaml","","","",""
"structure:middle-temporal-gyrus","node","Structure","Structure: Middle Temporal Gyrus","source:kandel-pns","R1 §1.12 Superior temporal gyrus (Connections); R1 §1.13 Wernicke's area; R1 §17b Pronunciation guide","data/anatomy.yaml","","","",""
"structure:inferior-temporal-gyrus","node","Structure","Structure: Inferior Temporal Gyrus","source:purves-neuroscience","R1 §1.13 Wernicke's area (inferior temporal regions); R1 §1.18 (inferotemporal cortex); R1 §17b Pronunciation guide","data/anatomy.yaml","","","",""
"structure:fusiform-gyrus","node","Structure","Structure: Fusiform Gyrus","source:purves-neuroscience; source:kanwisher-1997; source:dehaene-cohen-2011; source:uberon-ontology; source:desikan-2006; source:brodmann-1909","R1 §1.14 Fusiform gyrus; KB anatomy/gyri_and_sulci.md; R1 §17b Pronunciation guide; R2 E1 Region crosswalk row 14","data/anatomy.yaml","","","",""
"structure:fusiform-face-area","node","Structure","Structure: Fusiform Face Area","source:kanwisher-1997","R1 §1.14 Fusiform gyrus (Named areas); R1 §4 Function index (Face recognition: right FFA)","data/anatomy.yaml","","","",""
"structure:visual-word-form-area","node","Structure","Structure: Visual Word Form Area","source:dehaene-cohen-2011","R1 §1.14 Fusiform gyrus (Named areas, Lateralization); R1 §4 Function index (Reading)","data/anatomy.yaml","","","",""
"structure:collateral-sulcus","node","Structure","Structure: Collateral Sulcus","source:purves-neuroscience","R1 §1.14 Fusiform gyrus; KB anatomy/gyri_and_sulci.md (Variability)","data/anatomy.yaml","","","",""
"structure:occipitotemporal-sulcus","node","Structure","Structure: Occipitotemporal Sulcus","source:purves-neuroscience; source:dehaene-cohen-2011","R1 §1.14 Fusiform gyrus","data/anatomy.yaml","","","",""
"structure:parahippocampal-gyrus","node","Structure","Structure: Parahippocampal Gyrus","source:kandel-pns; source:purves-neuroscience; source:nolte-human-brain; source:qbi-brain-basics","KB anatomy/lobes.md (Other lobes: limbic lobe); KB anatomy/limbic_system.md (Also included)","data/anatomy.yaml","","","",""
"structure:entorhinal-cortex","node","Structure","Structure: Entorhinal Cortex","source:kandel-pns; source:purves-neuroscience; source:qbi-brain-basics; source:brainfacts","KB anatomy/limbic_system.md (Hippocampus); R1 §4 Function index (Spatial navigation); R2 C3 Allocortex versus neocortex; R1 §17b Pronunciation guide","data/anatomy.yaml","","","",""
"structure:heschls-gyrus","node","Structure","Structure: Heschl's Gyrus","source:kandel-pns; source:purves-neuroscience; source:nolte-human-brain; source:uberon-ontology; source:desikan-2006; source:brodmann-1909","R1 §1.11 Primary auditory cortex; KB anatomy/gyri_and_sulci.md; KB anatomy/lobes.md (Primary areas); R1 §17b Pronunciation guide; R2 E1 Region crosswalk row 11","data/anatomy.yaml","","","",""
"structure:planum-temporale","node","Structure","Structure: Planum Temporale","source:kandel-pns","R1 §1.12 Superior temporal gyrus (What, Visibility, Lateralization); R1 §17b Pronunciation guide","data/anatomy.yaml","","","",""
"structure:temporal-pole","node","Structure","Structure: Temporal Pole","source:kandel-pns; source:purves-neuroscience; source:blumenfeld-neuroanatomy","R1 §1.12 Superior temporal gyrus (Social cognition); R1 §1.15a Piriform cortex (Visibility); R1 §17b Pronunciation guide","data/anatomy.yaml","","","",""
"structure:superior-temporal-sulcus","node","Structure","Structure: Superior Temporal Sulcus","source:kandel-pns","R1 §1.12 Superior temporal gyrus; R1 §1.9 Angular gyrus; KB anatomy/gyri_and_sulci.md; R1 §17b Pronunciation guide","data/anatomy.yaml","","","",""
"structure:anterior-cingulate-cortex","node","Structure","Structure: Anterior Cingulate Cortex","source:vogt-2005; source:kandel-pns; source:blumenfeld-neuroanatomy; source:uberon-ontology; source:desikan-2006; source:brodmann-1909","R1 §1.16 Cingulate cortex; R1 §17b Pronunciation guide; R2 E1 Region crosswalk row 16","data/anatomy.yaml","","","",""
"structure:subgenual-anterior-cingulate-cortex","node","Structure","Structure: Subgenual Anterior Cingulate Cortex","source:vogt-2005; source:brodmann-1909","R1 §1.16 Cingulate cortex (Anterior cingulate); R1 §17b Pronunciation guide","data/anatomy.yaml","","","",""
"structure:midcingulate-cortex","node","Structure","Structure: Midcingulate Cortex","source:vogt-2005; source:brodmann-1909","R1 §1.16 Cingulate cortex (Midcingulate)","data/anatomy.yaml","","","",""
"structure:posterior-cingulate-cortex","node","Structure","Structure: Posterior Cingulate Cortex","source:vogt-2005; source:kandel-pns; source:blumenfeld-neuroanatomy; source:desikan-2006; source:brodmann-1909","R1 §1.16 Cingulate cortex (Posterior cingulate); R1 §17b Pronunciation guide; R2 E1 Region crosswalk row 16","data/anatomy.yaml","","","",""
"structure:retrosplenial-cortex","node","Structure","Structure: Retrosplenial Cortex","source:vogt-2005; source:brodmann-1909; source:glasser-2016","R1 §1.16 Cingulate cortex (Posterior cingulate and retrosplenial); R1 §17b Pronunciation guide; R2 E1 Region crosswalk row 16 (HCP RSC)","data/anatomy.yaml","","","",""
"structure:cingulate-sulcus","node","Structure","Structure: Cingulate Sulcus","source:vogt-2005; source:kandel-pns; source:blumenfeld-neuroanatomy","R1 §1.16 Cingulate cortex (Visibility); R1 §17b Pronunciation guide","data/anatomy.yaml","","","",""
"structure:callosal-sulcus","node","Structure","Structure: Callosal Sulcus","source:vogt-2005; source:kandel-pns; source:blumenfeld-neuroanatomy","R1 §1.16 Cingulate cortex (Visibility)","data/anatomy.yaml","","","",""
"structure:cuneus","node","Structure","Structure: Cuneus","source:cavanna-trimble-2006; source:kandel-pns; source:purves-neuroscience; source:nolte-human-brain; source:desikan-2006","R1 §1.10 Precuneus; R1 §1.17 Primary visual cortex (Retinotopic map); R1 §17b Pronunciation guide; R2 E1 Region crosswalk rows 17 and 18","data/anatomy.yaml","","","",""
"structure:lingual-gyrus","node","Structure","Structure: Lingual Gyrus","source:kandel-pns; source:purves-neuroscience; source:nolte-human-brain; source:desikan-2006","R1 §1.17 Primary visual cortex (Retinotopic map); R1 §1.14 Fusiform gyrus (Function); R2 E1 Region crosswalk rows 17 and 18","data/anatomy.yaml","","","",""
"structure:calcarine-sulcus","node","Structure","Structure: Calcarine Sulcus","source:kandel-pns; source:purves-neuroscience; source:nolte-human-brain; source:statpearls","R1 §1.17 Primary visual cortex; KB anatomy/gyri_and_sulci.md; KB anatomy/lobes.md (Primary areas); R1 §17b Pronunciation guide","data/anatomy.yaml","","","",""
"structure:parieto-occipital-sulcus","node","Structure","Structure: Parieto-occipital Sulcus","source:cavanna-trimble-2006; source:kandel-pns; source:purves-neuroscience; source:nolte-human-brain","R1 §1.10 Precuneus; KB anatomy/lobes.md (Borders); KB anatomy/gyri_and_sulci.md","data/anatomy.yaml","","","",""
"structure:stria-of-gennari","node","Structure","Structure: Stria of Gennari","source:kandel-pns; source:purves-neuroscience; source:nolte-human-brain","R1 §1.17 Primary visual cortex (What); R2 C2 Motor versus sensory cortex (Region 17)","data/anatomy.yaml","","","",""
"structure:area-v2","node","Structure","Structure: Area V2","source:kandel-pns; source:brodmann-1909; source:glasser-2016","R1 §1.18 Visual association cortex (Areas); R1 §1.17 (Connections); R2 E1 Region crosswalk row 18","data/anatomy.yaml","","","",""
"structure:area-v3","node","Structure","Structure: Area V3","source:kandel-pns; source:glasser-2016","R1 §1.18 Visual association cortex (Areas); R2 E1 Region crosswalk row 18","data/anatomy.yaml","","","",""
"structure:area-v4","node","Structure","Structure: Area V4","source:kandel-pns; source:glasser-2016","R1 §1.18 Visual association cortex (Areas, Damage); R2 E1 Region crosswalk row 18","data/anatomy.yaml","","","",""
"structure:area-v5-mt","node","Structure","Structure: Area V5/MT","source:kandel-pns; source:glasser-2016","R1 §1.18 Visual association cortex (Areas, Damage); R2 E1 Region crosswalk row 18","data/anatomy.yaml","","","",""
"structure:central-sulcus","node","Structure","Structure: Central Sulcus","source:kandel-pns; source:purves-neuroscience; source:nolte-human-brain","R1 §1.5 Primary motor cortex; R1 §1.7 Primary somatosensory cortex; R1 §10 History (Luigi Rolando); R1 §17c Glossary (Central sulcus); KB anatomy/gyri_and_sulci.md; KB anatomy/lobes.md","data/anatomy.yaml","","","",""
"structure:lateral-fissure","node","Structure","Structure: Lateral Fissure","source:kandel-pns; source:purves-neuroscience; source:nolte-human-brain","R1 §1.11 Primary auditory cortex; R1 §1.12 Superior temporal gyrus; R1 §10 History (Franciscus Sylvius); R1 §17c Glossary (Lateral fissure); KB anatomy/gyri_and_sulci.md; KB anatomy/lobes.md","data/anatomy.yaml","","","",""
"structure:longitudinal-fissure","node","Structure","Structure: Longitudinal Fissure","source:kandel-pns; source:purves-neuroscience; source:nolte-human-brain; source:statpearls; source:radiopaedia","KB anatomy/gyri_and_sulci.md (Landmark folds); KB anatomy/gyri_and_sulci_questions.md; KB anatomy/corpus_callosum.md","data/anatomy.yaml","","","",""
"structure:precentral-sulcus","node","Structure","Structure: Precentral Sulcus","source:kandel-pns; source:purves-neuroscience","R1 §1.3 Premotor cortex (Visibility, Subregions)","data/anatomy.yaml","","","",""
"structure:postcentral-sulcus","node","Structure","Structure: Postcentral Sulcus","source:kandel-pns; source:purves-neuroscience; source:nolte-human-brain","R1 §1.7 Primary somatosensory cortex (Visibility); KB anatomy/gyri_and_sulci.md (Variability)","data/anatomy.yaml","","","",""
"structure:gyrus-rectus","node","Structure","Structure: Gyrus Rectus","source:kandel-pns; source:purves-neuroscience","R1 §1.2 Orbitofrontal cortex (Subregions); R1 §17b Pronunciation guide","data/anatomy.yaml","","","",""
"structure:cerebellar-vermis","node","Structure","Structure: Cerebellar Vermis","source:kandel-pns; source:qbi-brain-basics","R1 §1.19 Cerebellum (Anatomy, Visibility); KB anatomy/hindbrain.md; R1 §17b Pronunciation guide","data/anatomy.yaml","","","",""
"structure:flocculonodular-lobe","node","Structure","Structure: Flocculonodular Lobe","source:kandel-pns; source:qbi-brain-basics","R1 §1.19 Cerebellum (Anatomy, Functional divisions); KB anatomy/hindbrain.md; KB SOURCES_AND_CORRECTIONS.md (vestibulocerebellum is the flocculonodular lobe only)","data/anatomy.yaml","","","",""
"structure:deep-cerebellar-nuclei","node","Structure","Structure: Deep Cerebellar Nuclei","source:kandel-pns; source:qbi-brain-basics","R1 §1.19 Cerebellum (Anatomy); KB anatomy/hindbrain.md","data/anatomy.yaml","","","",""
"structure:dentate-nucleus","node","Structure","Structure: Dentate Nucleus","source:kandel-pns","R1 §1.19 Cerebellum (Anatomy); R2 B2 Cerebro-cerebellar loop; R2 A15","data/anatomy.yaml","","","",""
"structure:interposed-nucleus","node","Structure","Structure: Interposed Nucleus","source:kandel-pns","R1 §1.19 Cerebellum (Anatomy)","data/anatomy.yaml","","","",""
"structure:fastigial-nucleus","node","Structure","Structure: Fastigial Nucleus","source:kandel-pns","R1 §1.19 Cerebellum (Anatomy)","data/anatomy.yaml","","","",""
"structure:arbor-vitae","node","Structure","Structure: Arbor Vitae","source:kandel-pns; source:qbi-brain-basics","R1 §1.19 Cerebellum (Visibility); KB anatomy/hindbrain.md; R1 §17b Pronunciation guide","data/anatomy.yaml","","","",""
"structure:cerebellar-molecular-layer","node","Structure","Structure: Cerebellar Molecular Layer","source:kandel-pns","R1 §1.19 Cerebellum (Anatomy: cortical layers)","data/anatomy.yaml","","","",""
"structure:purkinje-cell-layer","node","Structure","Structure: Purkinje Cell Layer","source:kandel-pns","R1 §1.19 Cerebellum (Anatomy: cortical layers); R1 §17b Pronunciation guide","data/anatomy.yaml","","","",""
"structure:cerebellar-granular-layer","node","Structure","Structure: Cerebellar Granular Layer","source:kandel-pns","R1 §1.19 Cerebellum (Anatomy: cortical layers)","data/anatomy.yaml","","","",""
"structure:olfactory-bulb","node","Structure","Structure: Olfactory Bulb","source:kandel-pns; source:purves-neuroscience; source:blumenfeld-neuroanatomy; source:gottfried-2010","R1 §1.2 Orbitofrontal cortex (Visibility); R1 §1.15a Piriform cortex; R1 §6 Cranial nerves (I); R1 §8 Sensory systems (Smell); KB anatomy/forebrain.md; R1 §17b Pronunciation guide","data/anatomy.yaml","","","",""
"structure:olfactory-epithelium","node","Structure","Structure: Olfactory Epithelium","source:kandel-pns; source:purves-neuroscience","R1 §8 Sensory systems (Smell)","data/anatomy.yaml","","","",""
"structure:taste-buds","node","Structure","Structure: Taste Buds","source:kandel-pns; source:purves-neuroscience","R1 §8 Sensory systems (Taste)","data/anatomy.yaml","","","",""
"structure:retina","node","Structure","Structure: Retina","source:kandel-pns; source:purves-neuroscience; source:nolte-human-brain; source:qbi-brain-basics","R1 §8 Sensory systems (Vision); R1 §2 Pathways (Visual pathway); KB anatomy/central_nervous_system.md (Edge cases)","data/anatomy.yaml","","","",""
"structure:cochlea","node","Structure","Structure: Cochlea","source:kandel-pns; source:purves-neuroscience","R1 §8 Sensory systems (Hearing); R1 §2 Pathways (Auditory pathway)","data/anatomy.yaml","","","",""
"structure:optic-chiasm","node","Structure","Structure: Optic Chiasm","source:kandel-pns; source:purves-neuroscience; source:blumenfeld-neuroanatomy; source:nolte-human-brain","R1 §2 Pathways (Visual pathway); R1 §5 Hidden and deep structures (Pituitary gland); R1 §6 Cranial nerves (II); R1 §17c Glossary (Optic chiasm); R1 §17b Pronunciation guide","data/anatomy.yaml","","","",""
"structure:pituitary-gland","node","Structure","Structure: Pituitary Gland","source:kandel-pns; source:purves-neuroscience; source:blumenfeld-neuroanatomy","R1 §5 Hidden and deep structures (Pituitary gland); R1 §17b Pronunciation guide","data/anatomy.yaml","","","",""
"structure:anterior-pituitary","node","Structure","Structure: Anterior Pituitary","source:kandel-pns; source:purves-neuroscience; source:blumenfeld-neuroanatomy","R1 §5 Hidden and deep structures (Pituitary gland)","data/anatomy.yaml","","","",""
"structure:posterior-pituitary","node","Structure","Structure: Posterior Pituitary","source:kandel-pns; source:purves-neuroscience; source:blumenfeld-neuroanatomy","R1 §5 Hidden and deep structures (Pituitary gland)","data/anatomy.yaml","","","",""
"structure:pineal-gland","node","Structure","Structure: Pineal Gland","source:kandel-pns; source:purves-neuroscience; source:blumenfeld-neuroanatomy; source:qbi-brain-basics","R1 §5 Hidden and deep structures (Pineal gland); KB anatomy/forebrain.md; R1 §17b Pronunciation guide","data/anatomy.yaml","","","",""
"structure:thalamus","node","Structure","Structure: Thalamus","source:kandel-pns; source:purves-neuroscience; source:blumenfeld-neuroanatomy; source:qbi-brain-basics","R1 §5 Hidden and deep structures (Thalamus); R1 §17c Glossary (Thalamus); KB anatomy/forebrain.md; R1 §17b Pronunciation guide","data/anatomy.yaml","","","",""
"structure:lateral-geniculate-nucleus","node","Structure","Structure: Lateral Geniculate Nucleus","source:kandel-pns; source:purves-neuroscience; source:blumenfeld-neuroanatomy","R1 §5 Hidden and deep structures (Thalamus); R1 §1.17 Primary visual cortex (Connections); R1 §8 Sensory systems (Vision); R1 §17b Pronunciation guide","data/anatomy.yaml","","","",""
"structure:medial-geniculate-nucleus","node","Structure","Structure: Medial Geniculate Nucleus","source:kandel-pns; source:purves-neuroscience; source:blumenfeld-neuroanatomy","R1 §5 Hidden and deep structures (Thalamus); R1 §1.11 Primary auditory cortex (Connections); R1 §17b Pronunciation guide","data/anatomy.yaml","","","",""
"structure:ventral-posterolateral-nucleus","node","Structure","Structure: Ventral Posterolateral Nucleus","source:kandel-pns; source:purves-neuroscience; source:blumenfeld-neuroanatomy","R1 §5 Hidden and deep structures (Thalamus); R1 §1.7 Primary somatosensory cortex (Connections); R1 §2 Pathways","data/anatomy.yaml","","","",""
"structure:ventral-posteromedial-nucleus","node","Structure","Structure: Ventral Posteromedial Nucleus","source:kandel-pns; source:purves-neuroscience; source:blumenfeld-neuroanatomy","R1 §5 Hidden and deep structures (Thalamus); R1 §1.7 Primary somatosensory cortex (Connections); R1 §8 Sensory systems (Taste)","data/anatomy.yaml","","","",""
"structure:ventral-anterior-nucleus","node","Structure","Structure: Ventral Anterior Nucleus","source:kandel-pns; source:purves-neuroscience; source:blumenfeld-neuroanatomy","R1 §5 Hidden and deep structures (Thalamus); R1 §1.4 Supplementary motor area (Connections); KB anatomy/forebrain.md","data/anatomy.yaml","","","",""
"structure:ventral-lateral-nucleus","node","Structure","Structure: Ventral Lateral Nucleus","source:kandel-pns; source:purves-neuroscience; source:blumenfeld-neuroanatomy","R1 §5 Hidden and deep structures (Thalamus); R1 §1.3 Premotor cortex (Connections); R1 §1.5 Primary motor cortex (Connections); KB anatomy/forebrain.md","data/anatomy.yaml","","","",""
"structure:anterior-thalamic-nucleus","node","Structure","Structure: Anterior Thalamic Nucleus","source:kandel-pns; source:purves-neuroscience; source:blumenfeld-neuroanatomy","R1 §5 Hidden and deep structures (Thalamus); R1 §1.16 Cingulate cortex (Connections)","data/anatomy.yaml","","","",""
"structure:mediodorsal-nucleus","node","Structure","Structure: Mediodorsal Nucleus","source:kandel-pns; source:purves-neuroscience; source:blumenfeld-neuroanatomy","R1 §5 Hidden and deep structures (Thalamus); R1 §1.1 Prefrontal cortex (Connections); R1 §1.15a Piriform cortex (Connections)","data/anatomy.yaml","","","",""
"structure:pulvinar","node","Structure","Structure: Pulvinar","source:kandel-pns; source:purves-neuroscience; source:blumenfeld-neuroanatomy","R1 §5 Hidden and deep structures (Thalamus); R1 §1.10 Precuneus (Connections); R1 §1.17 Primary visual cortex (Connections)","data/anatomy.yaml","","","",""
"structure:thalamic-reticular-nucleus","node","Structure","Structure: Thalamic Reticular Nucleus","source:kandel-pns; source:purves-neuroscience; source:blumenfeld-neuroanatomy","R1 §5 Hidden and deep structures (Thalamus); R2 B3 Thalamocortical loops","data/anatomy.yaml","","","",""
"structure:intralaminar-nuclei","node","Structure","Structure: Intralaminar Nuclei","source:kandel-pns; source:purves-neuroscience","R1 §4 Function index (Consciousness)","data/anatomy.yaml","","","",""
"structure:hypothalamus","node","Structure","Structure: Hypothalamus","source:kandel-pns; source:purves-neuroscience; source:blumenfeld-neuroanatomy; source:qbi-brain-basics","R1 §5 Hidden and deep structures (Hypothalamus); R1 §17c Glossary (Hypothalamus); KB anatomy/forebrain.md; R1 §17b Pronunciation guide","data/anatomy.yaml","","","",""
"structure:suprachiasmatic-nucleus","node","Structure","Structure: Suprachiasmatic Nucleus","source:kandel-pns; source:purves-neuroscience; source:blumenfeld-neuroanatomy; source:qbi-brain-basics","R1 §5 Hidden and deep structures (Hypothalamus); KB anatomy/forebrain.md (Circadian control); R1 §8 Sensory systems (Vision)","data/anatomy.yaml","","","",""
"structure:ventrolateral-preoptic-nucleus","node","Structure","Structure: Ventrolateral Preoptic Nucleus","source:kandel-pns; source:purves-neuroscience","R1 §4 Function index (Sleep and wakefulness); R2 B11 Ascending arousal system","data/anatomy.yaml","","","",""
"structure:hypothalamic-arcuate-nucleus","node","Structure","Structure: Arcuate Nucleus of the Hypothalamus","source:kandel-pns; source:purves-neuroscience","R1 §4 Function index (Hunger and thirst)","data/anatomy.yaml","","","",""
"structure:lateral-hypothalamus","node","Structure","Structure: Lateral Hypothalamus","source:kandel-pns; source:purves-neuroscience","R1 §4 Function index (Hunger and thirst; Sleep and wakefulness); R2 B11 Ascending arousal system; R2 A16","data/anatomy.yaml","","","",""
"structure:paraventricular-nucleus","node","Structure","Structure: Paraventricular Nucleus","source:kandel-pns; source:purves-neuroscience","R1 §4 Function index (Hunger and thirst); R2 B13 HPA stress axis","data/anatomy.yaml","","","",""
"structure:preoptic-area","node","Structure","Structure: Preoptic Area","source:kandel-pns; source:purves-neuroscience","R1 §4 Function index (Body temperature)","data/anatomy.yaml","","","",""
"structure:tuberomammillary-nucleus","node","Structure","Structure: Tuberomammillary Nucleus","source:kandel-pns; source:purves-neuroscience","R2 B11 Ascending arousal system; KB physiology/neurotransmitters.md (Histamine)","data/anatomy.yaml","","","",""
"structure:mammillary-bodies","node","Structure","Structure: Mammillary Bodies","source:kandel-pns; source:purves-neuroscience; source:nolte-human-brain; source:qbi-brain-basics; source:brainfacts","KB anatomy/limbic_system.md (Also included; Papez circuit); R2 B4 Papez circuit; R1 §17b Pronunciation guide","data/anatomy.yaml","","","",""
"structure:septal-nuclei","node","Structure","Structure: Septal Nuclei","source:kandel-pns; source:purves-neuroscience; source:nolte-human-brain; source:qbi-brain-basics","KB anatomy/limbic_system.md (Also included); R2 A9 Fornix","data/anatomy.yaml","","","",""
"structure:basal-ganglia","node","Structure","Structure: Basal Ganglia","source:kandel-pns; source:purves-neuroscience; source:blumenfeld-neuroanatomy; source:qbi-brain-basics","R1 §5 Hidden and deep structures (Basal ganglia); R1 §17c Glossary (Basal ganglia); KB anatomy/forebrain.md","data/anatomy.yaml","","","",""
"structure:striatum","node","Structure","Structure: Striatum","source:kandel-pns; source:purves-neuroscience; source:blumenfeld-neuroanatomy","R1 §5 Hidden and deep structures (Basal ganglia); R1 §17b Pronunciation guide","data/anatomy.yaml","","","",""
"structure:caudate-nucleus","node","Structure","Structure: Caudate Nucleus","source:kandel-pns; source:purves-neuroscience; source:blumenfeld-neuroanatomy","R1 §5 Hidden and deep structures (Basal ganglia); R1 §17b Pronunciation guide","data/anatomy.yaml","","","",""
"structure:putamen","node","Structure","Structure: Putamen","source:kandel-pns; source:purves-neuroscience; source:blumenfeld-neuroanatomy","R1 §5 Hidden and deep structures (Basal ganglia); R1 §1.4 Supplementary motor area (Connections); R1 §17b Pronunciation guide","data/anatomy.yaml","","","",""
"structure:nucleus-accumbens","node","Structure","Structure: Nucleus Accumbens","source:kandel-pns; source:purves-neuroscience; source:nolte-human-brain; source:qbi-brain-basics","KB anatomy/limbic_system.md (Careful with: ventral striatum); R1 §4 Function index (Music: reward circuits)","data/anatomy.yaml","","","",""
"structure:globus-pallidus","node","Structure","Structure: Globus Pallidus","source:kandel-pns; source:purves-neuroscience; source:blumenfeld-neuroanatomy","R1 §5 Hidden and deep structures (Basal ganglia); R1 §17b Pronunciation guide","data/anatomy.yaml","","","",""
"structure:globus-pallidus-internal","node","Structure","Structure: Globus Pallidus, Internal Segment","source:kandel-pns; source:purves-neuroscience; source:blumenfeld-neuroanatomy","R1 §5 Hidden and deep structures (Basal ganglia); R2 B1 Cortico-basal ganglia loops","data/anatomy.yaml","","","",""
"structure:globus-pallidus-external","node","Structure","Structure: Globus Pallidus, External Segment","source:kandel-pns; source:purves-neuroscience; source:blumenfeld-neuroanatomy","R1 §5 Hidden and deep structures (Basal ganglia); R2 B1 Cortico-basal ganglia loops","data/anatomy.yaml","","","",""
"structure:subthalamic-nucleus","node","Structure","Structure: Subthalamic Nucleus","source:kandel-pns; source:purves-neuroscience; source:blumenfeld-neuroanatomy","R1 §5 Hidden and deep structures (Basal ganglia); R2 B1 Cortico-basal ganglia loops; R1 §17b Pronunciation guide","data/anatomy.yaml","","","",""
"structure:substantia-nigra","node","Structure","Structure: Substantia Nigra","source:kandel-pns; source:purves-neuroscience; source:blumenfeld-neuroanatomy","R1 §1.15b Midbrain (Parts); R1 §5 Hidden and deep structures (Basal ganglia); KB anatomy/midbrain.md; R1 §17b Pronunciation guide","data/anatomy.yaml","","","",""
"structure:substantia-nigra-pars-compacta","node","Structure","Structure: Substantia Nigra Pars Compacta","source:kandel-pns; source:purves-neuroscience; source:blumenfeld-neuroanatomy","R1 §1.15b Midbrain (Parts); R1 §16 Scope candidates (Parkinson's disease)","data/anatomy.yaml","","","",""
"structure:substantia-nigra-pars-reticulata","node","Structure","Structure: Substantia Nigra Pars Reticulata","source:kandel-pns; source:purves-neuroscience; source:blumenfeld-neuroanatomy","R1 §1.15b Midbrain (Parts); R2 B1 Cortico-basal ganglia loops","data/anatomy.yaml","","","",""
"structure:amygdala","node","Structure","Structure: Amygdala","source:kandel-pns; source:purves-neuroscience; source:blumenfeld-neuroanatomy; source:qbi-brain-basics; source:brainfacts","R1 §5 Hidden and deep structures (Amygdala); R1 §1.15a Piriform cortex (What); R1 §17c Glossary (Amygdala); KB anatomy/limbic_system.md; R1 §17b Pronunciation guide","data/anatomy.yaml","","","",""
"structure:hippocampus","node","Structure","Structure: Hippocampus","source:kandel-pns; source:purves-neuroscience; source:blumenfeld-neuroanatomy; source:qbi-brain-basics","R1 §5 Hidden and deep structures (Hippocampus); R1 §17c Glossary (Hippocampus); KB anatomy/limbic_system.md; KB physiology/neurogenesis.md (On the model); R1 §17b Pronunciation guide","data/anatomy.yaml","","","",""
"structure:dentate-gyrus","node","Structure","Structure: Dentate Gyrus","source:kandel-pns; source:purves-neuroscience; source:qbi-brain-basics","KB physiology/neurogenesis.md (Say it; In rodents); KB physiology/synaptic_plasticity.md; R2 B8 Hippocampal trisynaptic circuit","data/anatomy.yaml","","","",""
"structure:ca3","node","Structure","Structure: Hippocampal CA3","source:kandel-pns","R2 B8 Hippocampal trisynaptic circuit","data/anatomy.yaml","","","",""
"structure:ca1","node","Structure","Structure: Hippocampal CA1","source:kandel-pns","R2 B8 Hippocampal trisynaptic circuit","data/anatomy.yaml","","","",""
"structure:superior-colliculus","node","Structure","Structure: Superior Colliculus","source:kandel-pns; source:purves-neuroscience; source:blumenfeld-neuroanatomy","R1 §1.15b Midbrain (Parts); R1 §1.15b (Visibility); KB anatomy/midbrain.md; R1 §17b Pronunciation guide","data/anatomy.yaml","","","",""
"structure:inferior-colliculus","node","Structure","Structure: Inferior Colliculus","source:kandel-pns; source:purves-neuroscience; source:blumenfeld-neuroanatomy","R1 §1.15b Midbrain (Parts); R1 §1.15b (Visibility); R1 §2 Pathways (Auditory pathway); KB anatomy/midbrain.md; R1 §17b Pronunciation guide","data/anatomy.yaml","","","",""
"structure:periaqueductal-gray","node","Structure","Structure: Periaqueductal Gray","source:kandel-pns; source:purves-neuroscience; source:blumenfeld-neuroanatomy","R1 §1.15b Midbrain (Parts); KB anatomy/midbrain.md; R1 §17b Pronunciation guide","data/anatomy.yaml","","","",""
"structure:red-nucleus","node","Structure","Structure: Red Nucleus","source:kandel-pns; source:purves-neuroscience; source:blumenfeld-neuroanatomy","R1 §1.15b Midbrain (Parts); KB anatomy/midbrain.md","data/anatomy.yaml","","","",""
"structure:ventral-tegmental-area","node","Structure","Structure: Ventral Tegmental Area","source:kandel-pns; source:purves-neuroscience; source:blumenfeld-neuroanatomy","R1 §1.15b Midbrain (Parts); KB anatomy/midbrain.md","data/anatomy.yaml","","","",""
"structure:oculomotor-nucleus","node","Structure","Structure: Oculomotor Nucleus","source:kandel-pns; source:purves-neuroscience; source:blumenfeld-neuroanatomy","R1 §1.15b Midbrain (Parts); R2 B12 Vestibulo-ocular reflex; R1 §17b Pronunciation guide","data/anatomy.yaml","","","",""
"structure:trochlear-nucleus","node","Structure","Structure: Trochlear Nucleus","source:kandel-pns; source:purves-neuroscience; source:blumenfeld-neuroanatomy","R1 §1.15b Midbrain (Parts); R1 §17b Pronunciation guide","data/anatomy.yaml","","","",""
"structure:cerebral-peduncle","node","Structure","Structure: Cerebral Peduncle","source:kandel-pns; source:purves-neuroscience; source:blumenfeld-neuroanatomy","R1 §1.15b Midbrain (Parts, Visibility); KB anatomy/midbrain.md; R2 A15 (pronunciation of peduncles)","data/anatomy.yaml","","","",""
"structure:cerebral-aqueduct","node","Structure","Structure: Cerebral Aqueduct","source:kandel-pns; source:purves-neuroscience; source:blumenfeld-neuroanatomy; source:nolte-human-brain","R1 §1.15b Midbrain (Parts); R1 §7 Meninges, ventricles and CSF; R1 §10 History (Sylvius); KB anatomy/midbrain.md","data/anatomy.yaml","","","",""
"structure:reticular-formation","node","Structure","Structure: Reticular Formation","source:kandel-pns; source:purves-neuroscience; source:blumenfeld-neuroanatomy; source:nolte-human-brain","R1 §1.15b Midbrain (Parts); R1 §1.20 Brainstem (Controls); R1 §4 Function index (Consciousness; Sleep and wakefulness)","data/anatomy.yaml","","","",""
"structure:locus-coeruleus","node","Structure","Structure: Locus Coeruleus","source:blumenfeld-neuroanatomy; source:kandel-pns; source:nolte-human-brain","R1 §1.20 Brainstem (Pons); R2 B11; R1 §17b Pronunciation guide","data/anatomy.yaml","","","",""
"structure:raphe-nuclei","node","Structure","Structure: Raphe Nuclei","source:blumenfeld-neuroanatomy; source:kandel-pns; source:nolte-human-brain; source:purves-neuroscience","R1 §1.20 Brainstem (Pons); R2 B11 Ascending arousal system; KB physiology/neurotransmitters.md (Serotonin)","data/anatomy.yaml","","","",""
"structure:pontine-nuclei","node","Structure","Structure: Pontine Nuclei","source:blumenfeld-neuroanatomy; source:kandel-pns; source:nolte-human-brain","R1 §1.20 Brainstem (Pons); R1 §1.19 Cerebellum (Connections); R2 B2 Cerebro-cerebellar loop","data/anatomy.yaml","","","",""
"structure:abducens-nucleus","node","Structure","Structure: Abducens Nucleus","source:blumenfeld-neuroanatomy; source:kandel-pns; source:nolte-human-brain","R1 §1.20 Brainstem (Pons) (nuclei of CN V to VIII); R2 B12 Vestibulo-ocular reflex; R1 §17b Pronunciation guide","data/anatomy.yaml","","","",""
"structure:vestibular-nuclei","node","Structure","Structure: Vestibular Nuclei","source:blumenfeld-neuroanatomy; source:kandel-pns; source:nolte-human-brain","R1 §1.20 Brainstem (Pons) (nuclei of CN V to VIII); R1 §1.19 Cerebellum (mossy fibers); R2 B12 Vestibulo-ocular reflex","data/anatomy.yaml","","","",""
"structure:cochlear-nuclei","node","Structure","Structure: Cochlear Nuclei","source:blumenfeld-neuroanatomy; source:kandel-pns; source:nolte-human-brain; source:purves-neuroscience","R1 §1.20 Brainstem (Pons) (nuclei of CN V to VIII); R1 §2 Pathways (Auditory pathway)","data/anatomy.yaml","","","",""
"structure:nucleus-of-the-solitary-tract","node","Structure","Structure: Nucleus of the Solitary Tract","source:blumenfeld-neuroanatomy; source:kandel-pns; source:nolte-human-brain; source:purves-neuroscience","R1 §1.20 Brainstem (Medulla); R1 §8 Sensory systems (Taste); R1 §4 Function index (Breathing; Hunger)","data/anatomy.yaml","","","",""
"structure:inferior-olivary-nucleus","node","Structure","Structure: Inferior Olivary Nucleus","source:blumenfeld-neuroanatomy; source:kandel-pns; source:nolte-human-brain","R1 §1.20 Brainstem (Medulla); R1 §1.19 Cerebellum (Anatomy: climbing fibers)","data/anatomy.yaml","","","",""
"structure:nucleus-gracilis","node","Structure","Structure: Nucleus Gracilis","source:kandel-pns; source:purves-neuroscience; source:blumenfeld-neuroanatomy; source:nolte-human-brain","R1 §2 Pathways (Dorsal column-medial lemniscus); R1 §1.20 Brainstem (Medulla) (dorsal column nuclei)","data/anatomy.yaml","","","",""
"structure:nucleus-cuneatus","node","Structure","Structure: Nucleus Cuneatus","source:kandel-pns; source:purves-neuroscience; source:blumenfeld-neuroanatomy; source:nolte-human-brain","R1 §2 Pathways (Dorsal column-medial lemniscus); R1 §1.20 Brainstem (Medulla) (dorsal column nuclei)","data/anatomy.yaml","","","",""
"structure:pre-botzinger-complex","node","Structure","Structure: Pre-Bötzinger Complex","source:smith-1991; source:blumenfeld-neuroanatomy; source:kandel-pns; source:nolte-human-brain","R1 §1.20 Brainstem (Medulla); R1 §4 Function index (Breathing); R2 B10 Central pattern generators; R1 §17b Pronunciation guide","data/anatomy.yaml","","","",""
"structure:meninges","node","Structure","Structure: Meninges","source:purves-neuroscience; source:nolte-human-brain; source:statpearls","R1 §7 Meninges, ventricles and CSF; R1 §17c Glossary (Meninges); KB anatomy/central_nervous_system.md; R1 §17b Pronunciation guide","data/anatomy.yaml","","","",""
"structure:dura-mater","node","Structure","Structure: Dura Mater","source:purves-neuroscience; source:nolte-human-brain; source:statpearls","R1 §7 Meninges, ventricles and CSF; R1 §17c Glossary (Dura mater); R1 §17b Pronunciation guide","data/anatomy.yaml","","","",""
"structure:arachnoid-mater","node","Structure","Structure: Arachnoid Mater","source:purves-neuroscience; source:nolte-human-brain; source:statpearls","R1 §7 Meninges, ventricles and CSF; R1 §17b Pronunciation guide","data/anatomy.yaml","","","",""
"structure:pia-mater","node","Structure","Structure: Pia Mater","source:purves-neuroscience; source:nolte-human-brain; source:statpearls","R1 §7 Meninges, ventricles and CSF; R1 §17b Pronunciation guide","data/anatomy.yaml","","","",""
"structure:lateral-ventricle","node","Structure","Structure: Lateral Ventricle","source:purves-neuroscience; source:nolte-human-brain; source:statpearls","R1 §7 Meninges, ventricles and CSF; R1 §17c Glossary (Ventricle); R1 §17b Pronunciation guide","data/anatomy.yaml","","","",""
"structure:third-ventricle","node","Structure","Structure: Third Ventricle","source:purves-neuroscience; source:nolte-human-brain; source:statpearls","R1 §7 Meninges, ventricles and CSF; R1 §5 Hidden and deep structures (Pineal gland); R1 §17b Pronunciation guide","data/anatomy.yaml","","","",""
"structure:fourth-ventricle","node","Structure","Structure: Fourth Ventricle","source:purves-neuroscience; source:nolte-human-brain; source:statpearls","R1 §7 Meninges, ventricles and CSF; R1 §17b Pronunciation guide","data/anatomy.yaml","","","",""
"structure:choroid-plexus","node","Structure","Structure: Choroid Plexus","source:purves-neuroscience; source:nolte-human-brain; source:statpearls","R1 §7 Meninges, ventricles and CSF; R1 §17c Glossary (Choroid plexus); R1 §17b Pronunciation guide","data/anatomy.yaml","","","",""
"structure:grey-matter","node","Structure","Structure: Grey Matter","source:kandel-pns; source:purves-neuroscience; source:nolte-human-brain","R1 §17c Glossary (Gray matter); KB anatomy/central_nervous_system.md; KB anatomy/forebrain.md","data/anatomy.yaml","","","",""
"structure:white-matter","node","Structure","Structure: White Matter","source:kandel-pns; source:purves-neuroscience; source:nolte-human-brain","R1 §17c Glossary (White matter); KB anatomy/central_nervous_system.md; KB anatomy/forebrain.md","data/anatomy.yaml","","","",""
"structure:blood-brain-barrier","node","Structure","Structure: Blood-Brain Barrier","source:kandel-pns; source:purves-neuroscience; source:nolte-human-brain; source:qbi-brain-basics; source:brainfacts","KB anatomy/blood_brain_barrier.md; R1 §13 Blood supply (Blood-brain barrier); R1 §17c Glossary (Blood-brain barrier)","data/anatomy.yaml","","","",""
"structure:spinal-cord","node","Structure","Structure: Spinal Cord","source:kandel-pns; source:purves-neuroscience; source:nolte-human-brain; source:qbi-brain-basics","KB anatomy/spinal_cord.md; KB anatomy/central_nervous_system.md; R1 §17c Glossary (Spinal cord)","data/anatomy.yaml","","","",""
"structure:olfactory-nerve","node","Structure","Structure: Olfactory Nerve","source:blumenfeld-neuroanatomy; source:nolte-human-brain; source:statpearls","R1 §6 Cranial nerves (row I); R1 §17b Pronunciation guide","data/anatomy.yaml","","","",""
"structure:optic-nerve","node","Structure","Structure: Optic Nerve","source:blumenfeld-neuroanatomy; source:nolte-human-brain; source:statpearls; source:kandel-pns; source:purves-neuroscience","R1 §6 Cranial nerves (row II); R1 §2 Pathways (Visual pathway); R1 §8 Sensory systems (Vision); KB anatomy/peripheral_nervous_system.md (Careful with)","data/anatomy.yaml","","","",""
"structure:oculomotor-nerve","node","Structure","Structure: Oculomotor Nerve","source:blumenfeld-neuroanatomy; source:nolte-human-brain; source:statpearls","R1 §6 Cranial nerves (row III); R1 §17b Pronunciation guide","data/anatomy.yaml","","","",""
"structure:trochlear-nerve","node","Structure","Structure: Trochlear Nerve","source:blumenfeld-neuroanatomy; source:nolte-human-brain; source:statpearls","R1 §6 Cranial nerves (row IV); R1 §17b Pronunciation guide","data/anatomy.yaml","","","",""
"structure:trigeminal-nerve","node","Structure","Structure: Trigeminal Nerve","source:blumenfeld-neuroanatomy; source:nolte-human-brain; source:statpearls","R1 §6 Cranial nerves (row V); R1 §17b Pronunciation guide","data/anatomy.yaml","","","",""
"structure:abducens-nerve","node","Structure","Structure: Abducens Nerve","source:blumenfeld-neuroanatomy; source:nolte-human-brain; source:statpearls","R1 §6 Cranial nerves (row VI); R1 §17b Pronunciation guide","data/anatomy.yaml","","","",""
"structure:facial-nerve","node","Structure","Structure: Facial Nerve","source:blumenfeld-neuroanatomy; source:nolte-human-brain; source:statpearls","R1 §6 Cranial nerves (row VII)","data/anatomy.yaml","","","",""
"structure:vestibulocochlear-nerve","node","Structure","Structure: Vestibulocochlear Nerve","source:blumenfeld-neuroanatomy; source:nolte-human-brain; source:statpearls","R1 §6 Cranial nerves (row VIII); R1 §17b Pronunciation guide","data/anatomy.yaml","","","",""
"structure:glossopharyngeal-nerve","node","Structure","Structure: Glossopharyngeal Nerve","source:blumenfeld-neuroanatomy; source:nolte-human-brain; source:statpearls","R1 §6 Cranial nerves (row IX); R1 §17b Pronunciation guide","data/anatomy.yaml","","","",""
"structure:vagus-nerve","node","Structure","Structure: Vagus Nerve","source:blumenfeld-neuroanatomy; source:nolte-human-brain; source:statpearls; source:kandel-pns; source:purves-neuroscience; source:qbi-brain-basics","R1 §6 Cranial nerves (row X); KB anatomy/peripheral_nervous_system.md (Common questions); R1 §17b Pronunciation guide","data/anatomy.yaml","","","",""
"structure:accessory-nerve","node","Structure","Structure: Accessory Nerve","source:blumenfeld-neuroanatomy; source:nolte-human-brain; source:statpearls","R1 §6 Cranial nerves (row XI)","data/anatomy.yaml","","","",""
"structure:hypoglossal-nerve","node","Structure","Structure: Hypoglossal Nerve","source:blumenfeld-neuroanatomy; source:nolte-human-brain; source:statpearls","R1 §6 Cranial nerves (row XII); R1 §17b Pronunciation guide","data/anatomy.yaml","","","",""
"artery:anterior-cerebral","node","Artery","Artery: Anterior Cerebral Artery","source:blumenfeld-neuroanatomy; source:purves-neuroscience; source:nolte-human-brain","R1 §13 Blood supply; R1 §1 region Blood supply lines; R1 §14 Stroke (symptoms by territory)","data/anatomy.yaml","","","",""
"artery:middle-cerebral","node","Artery","Artery: Middle Cerebral Artery","source:blumenfeld-neuroanatomy; source:purves-neuroscience; source:nolte-human-brain","R1 §13 Blood supply; R1 §1 region Blood supply lines; R1 §14 Stroke (symptoms by territory)","data/anatomy.yaml","","","",""
"artery:posterior-cerebral","node","Artery","Artery: Posterior Cerebral Artery","source:blumenfeld-neuroanatomy; source:purves-neuroscience; source:nolte-human-brain","R1 §13 Blood supply; R1 §1 region Blood supply lines; R1 §14 Stroke (symptoms by territory)","data/anatomy.yaml","","","",""
"artery:internal-carotid","node","Artery","Artery: Internal Carotid Artery","source:blumenfeld-neuroanatomy; source:purves-neuroscience; source:nolte-human-brain","R1 §13 Blood supply (Inflow; Circle of Willis)","data/anatomy.yaml","","","",""
"artery:vertebral","node","Artery","Artery: Vertebral Artery","source:blumenfeld-neuroanatomy; source:purves-neuroscience; source:nolte-human-brain","R1 §13 Blood supply (Inflow); R1 §1.20 Brainstem (Blood supply)","data/anatomy.yaml","","","",""
"artery:basilar","node","Artery","Artery: Basilar Artery","source:blumenfeld-neuroanatomy; source:purves-neuroscience; source:nolte-human-brain","R1 §13 Blood supply (Inflow; Vertebrobasilar system); R1 §1.20 Brainstem (Blood supply)","data/anatomy.yaml","","","",""
"artery:circle-of-willis","node","Artery","Artery: Circle of Willis","source:blumenfeld-neuroanatomy; source:purves-neuroscience; source:nolte-human-brain","R1 §13 Blood supply (Circle of Willis); R1 §10 History (Thomas Willis); R1 §17c Glossary (Circle of Willis)","data/anatomy.yaml","","","",""
"artery:superior-cerebellar","node","Artery","Artery: Superior Cerebellar Artery","source:blumenfeld-neuroanatomy; source:purves-neuroscience; source:nolte-human-brain","R1 §13 Blood supply (Vertebrobasilar system); R1 §1.19 Cerebellum (Blood supply); R1 §1.15b Midbrain (Blood supply)","data/anatomy.yaml","","","",""
"artery:anterior-inferior-cerebellar","node","Artery","Artery: Anterior Inferior Cerebellar Artery","source:blumenfeld-neuroanatomy; source:purves-neuroscience; source:nolte-human-brain","R1 §13 Blood supply (Vertebrobasilar system); R1 §1.19 Cerebellum (Blood supply); R1 §1.20 Brainstem (Blood supply)","data/anatomy.yaml","","","",""
"artery:posterior-inferior-cerebellar","node","Artery","Artery: Posterior Inferior Cerebellar Artery","source:blumenfeld-neuroanatomy; source:purves-neuroscience; source:nolte-human-brain","R1 §13 Blood supply (Vertebrobasilar system); R1 §1.19 Cerebellum (Blood supply); R1 §1.20 Brainstem (Blood supply)","data/anatomy.yaml","","","",""
"artery:anterior-choroidal","node","Artery","Artery: Anterior Choroidal Artery","source:blumenfeld-neuroanatomy; source:purves-neuroscience; source:nolte-human-brain; source:kandel-pns; source:gottfried-2010","R1 §13 Blood supply (PCA and MCA territories); R1 §1.15a Piriform cortex (Blood supply); R1 §5 Hidden and deep structures (Hippocampus)","data/anatomy.yaml","","","",""
"artery:anterior-communicating","node","Artery","Artery: Anterior Communicating Artery","source:blumenfeld-neuroanatomy; source:purves-neuroscience; source:nolte-human-brain","R1 §13 Blood supply (Circle of Willis)","data/anatomy.yaml","","","",""
"artery:posterior-communicating","node","Artery","Artery: Posterior Communicating Artery","source:blumenfeld-neuroanatomy; source:purves-neuroscience; source:nolte-human-brain; source:kandel-pns","R1 §13 Blood supply (Circle of Willis); R1 §5 Hidden and deep structures (Thalamus)","data/anatomy.yaml","","","",""
"artery:anterior-spinal","node","Artery","Artery: Anterior Spinal Artery","source:blumenfeld-neuroanatomy; source:purves-neuroscience; source:nolte-human-brain","R1 §13 Blood supply (Vertebrobasilar system); R1 §1.20 Brainstem (Blood supply)","data/anatomy.yaml","","","",""
"artery:posterior-choroidal","node","Artery","Artery: Posterior Choroidal Artery","source:kandel-pns; source:purves-neuroscience; source:blumenfeld-neuroanatomy","R1 §1.15b Midbrain (Blood supply)","data/anatomy.yaml","","","",""
"celltype:neuron","node","CellType","CellType: Neuron","source:azevedo-2009; source:lent-2012; source:qbi-brain-basics; source:brainfacts; source:kandel-pns; source:purves-neuroscience; source:nolte-human-brain","KB cells/neuron.md; R1 TL;DR; R1 Key Findings (Neuron and glia counts); R1 §17c Glossary (Neuron); KB physiology/how_neurons_signal.md (Scale)","data/cells.yaml","","","",""
"celltype:glia","node","CellType","CellType: Glia","source:azevedo-2009; source:von-bartheld-2016; source:qbi-brain-basics; source:brainfacts; source:kandel-pns; source:purves-neuroscience; source:nolte-human-brain","KB cells/glia.md; R1 Key Findings (Neuron and glia counts); R1 §17a Myths 8; R1 §17c Glossary (Glia); KB SOURCES_AND_CORRECTIONS.md (QBI What is a neuron?)","data/cells.yaml","","","",""
"celltype:pyramidal-neuron","node","CellType","CellType: Pyramidal Neuron","source:qbi-brain-basics; source:kandel-pns; source:purves-neuroscience; source:nolte-human-brain","KB cells/neuron_types.md (Projection neurons vs local interneurons); R2 C1 The six neocortical layers; KB physiology/how_neurons_signal.md (Scale); KB SOURCES_AND_CORRECTIONS.md (How do neurons work?)","data/cells.yaml","","","",""
"celltype:betz","node","CellType","CellType: Betz Cell","source:kandel-pns; source:purves-neuroscience; source:nolte-human-brain; source:qbi-brain-basics","R1 §1.5 Primary motor cortex (Key cells); R2 C1; R2 C2 Motor versus sensory cortex; R2 F Verification (Betz cell share); KB cells/neuron_types.md (Signature neurons)","data/cells.yaml","","","",""
"celltype:purkinje","node","CellType","CellType: Purkinje Cell","source:kandel-pns; source:purves-neuroscience; source:nolte-human-brain; source:qbi-brain-basics; source:brainfacts","R1 §1.19 Cerebellum (Anatomy); R1 §17c Glossary (Purkinje cell); KB cells/neuron_types.md (Signature neurons); KB anatomy/hindbrain.md (For the expert); R2 B2 Cerebro-cerebellar loop","data/cells.yaml","","","",""
"celltype:cerebellar-granule-cell","node","CellType","CellType: Cerebellar Granule Cell","source:azevedo-2009; source:kandel-pns; source:purves-neuroscience; source:qbi-brain-basics; source:brainfacts","R1 §1.19 Cerebellum (What); R2 B2 Cerebro-cerebellar loop; KB physiology/neurogenesis.md (Before birth); KB SOURCES_AND_CORRECTIONS.md (Independent fact-check)","data/cells.yaml","","","",""
"celltype:interneuron","node","CellType","CellType: Interneuron","source:qbi-brain-basics; source:kandel-pns; source:purves-neuroscience; source:nolte-human-brain","KB cells/neuron_types.md (How they function; Projection neurons vs local interneurons); R2 B9 Spinal reflex arcs; KB physiology/neurotransmitters.md (Glycine)","data/cells.yaml","","","",""
"celltype:basket-cell","node","CellType","CellType: Basket Cell","source:qbi-brain-basics; source:kandel-pns; source:purves-neuroscience; source:nolte-human-brain","KB cells/neuron_types.md (Projection neurons vs local interneurons)","data/cells.yaml","","","",""
"celltype:chandelier-cell","node","CellType","CellType: Chandelier Cell","source:qbi-brain-basics; source:kandel-pns; source:purves-neuroscience; source:nolte-human-brain","KB cells/neuron_types.md (Projection neurons vs local interneurons)","data/cells.yaml","","","",""
"celltype:spiny-stellate-cell","node","CellType","CellType: Spiny Stellate Cell","source:kandel-pns; source:purves-neuroscience","R2 C1 The six neocortical layers (layer IV); R2 C2 Motor versus sensory cortex","data/cells.yaml","","","",""
"celltype:motor-neuron","node","CellType","CellType: Motor Neuron","source:qbi-brain-basics; source:kandel-pns; source:purves-neuroscience; source:nolte-human-brain","KB cells/neuron_types.md; KB anatomy/spinal_cord.md (Internal layout); KB physiology/neurotransmitters.md (Acetylcholine); R2 B9 Spinal reflex arcs; KB SOURCES_AND_CORRECTIONS.md (Types of neurons)","data/cells.yaml","","","",""
"celltype:upper-motor-neuron","node","CellType","CellType: Upper Motor Neuron","source:qbi-brain-basics; source:kandel-pns; source:purves-neuroscience; source:nolte-human-brain","KB cells/neuron_types.md (Upper vs lower motor neurons; On the model)","data/cells.yaml","","","",""
"celltype:sensory-neuron","node","CellType","CellType: Sensory Neuron","source:qbi-brain-basics; source:kandel-pns; source:purves-neuroscience; source:nolte-human-brain","KB cells/neuron_types.md; KB SOURCES_AND_CORRECTIONS.md (Types of neurons)","data/cells.yaml","","","",""
"celltype:dopaminergic-neuron","node","CellType","CellType: Dopamine Neuron","source:qbi-brain-basics; source:brainfacts; source:kandel-pns; source:purves-neuroscience; source:nolte-human-brain; source:schultz-1997","KB anatomy/midbrain.md; KB physiology/neurotransmitters.md (Dopamine); R1 §1.15b Midbrain (Parts); R1 §16 Scope candidates (Parkinson's disease); R2 B6 Mesolimbic and mesocortical dopamine reward circuit; R2 B7 Nigrostriatal pathway","data/cells.yaml","","","",""
"celltype:cholinergic-neuron","node","CellType","CellType: Acetylcholine Neuron","source:qbi-brain-basics; source:kandel-pns; source:purves-neuroscience","KB physiology/neurotransmitters.md (Acetylcholine); R2 B11 Ascending arousal system; R1 §4 Function index (Sleep and wakefulness)","data/cells.yaml","","","",""
"celltype:orexin-neuron","node","CellType","CellType: Orexin Neuron","source:kandel-pns; source:purves-neuroscience","R2 B11 Ascending arousal system; R1 §4 Function index (Sleep and wakefulness)","data/cells.yaml","","","",""
"celltype:place-cell","node","CellType","CellType: Place Cell","source:okeefe-1971; source:kandel-pns; source:purves-neuroscience; source:blumenfeld-neuroanatomy; source:qbi-brain-basics; source:brainfacts","R1 §5 Hidden and deep structures (Hippocampus); R1 §4 Function index (Spatial navigation); KB anatomy/limbic_system.md (Hippocampus)","data/cells.yaml","","","",""
"celltype:grid-cell","node","CellType","CellType: Grid Cell","source:hafting-2005; source:kandel-pns; source:purves-neuroscience; source:blumenfeld-neuroanatomy; source:qbi-brain-basics; source:brainfacts","R1 §5 Hidden and deep structures (Hippocampus); R1 §4 Function index (Spatial navigation); KB anatomy/limbic_system.md (Hippocampus)","data/cells.yaml","","","",""
"celltype:astrocyte","node","CellType","CellType: Astrocyte","source:qbi-brain-basics; source:brainfacts; source:kandel-pns; source:purves-neuroscience; source:nolte-human-brain; source:iliff-2012","KB cells/glia.md (Astrocytes); KB anatomy/blood_brain_barrier.md (Neurovascular unit); R1 §7 (Glymphatic system); R1 §13 (Blood-brain barrier); R1 §17c Glossary (Astrocyte)","data/cells.yaml","","","",""
"celltype:oligodendrocyte","node","CellType","CellType: Oligodendrocyte","source:qbi-brain-basics; source:brainfacts; source:kandel-pns; source:purves-neuroscience; source:nolte-human-brain","KB cells/glia.md (Oligodendrocytes); KB cells/axon.md (Myelin makers); R1 §17c Glossary (Oligodendrocyte)","data/cells.yaml","","","",""
"celltype:oligodendrocyte-precursor-cell","node","CellType","CellType: Oligodendrocyte Precursor Cell","source:qbi-brain-basics; source:brainfacts; source:kandel-pns; source:purves-neuroscience; source:nolte-human-brain","KB cells/glia.md (Oligodendrocyte precursor (NG2) cells)","data/cells.yaml","","","",""
"celltype:microglia","node","CellType","CellType: Microglia","source:qbi-brain-basics; source:brainfacts; source:kandel-pns; source:purves-neuroscience; source:nolte-human-brain; source:ginhoux-2010","KB cells/glia.md (Microglia; Origin); KB physiology/neurogenesis.md (For the expert); KB SOURCES_AND_CORRECTIONS.md (What is neurogenesis?); R1 §17c Glossary (Microglia)","data/cells.yaml","","","",""
"celltype:schwann-cell","node","CellType","CellType: Schwann Cell","source:qbi-brain-basics; source:brainfacts; source:kandel-pns; source:purves-neuroscience; source:nolte-human-brain","KB cells/glia.md (Outside the brain and spinal cord); KB anatomy/peripheral_nervous_system.md (Myelin; Repair); KB cells/axon.md (Myelin makers)","data/cells.yaml","","","",""
"celltype:ependymal-cell","node","CellType","CellType: Ependymal Cell","source:qbi-brain-basics; source:brainfacts; source:kandel-pns; source:purves-neuroscience; source:nolte-human-brain","KB cells/glia.md (Ependymal cells)","data/cells.yaml","","","",""
"celltype:radial-glia","node","CellType","CellType: Radial Glia","source:qbi-brain-basics; source:brainfacts; source:kandel-pns; source:purves-neuroscience; source:nolte-human-brain","KB cells/glia.md (Radial glia); KB physiology/neurogenesis.md (Before birth); R1 §12 Lifespan (Neurogenesis and migration)","data/cells.yaml","","","",""
"celltype:neural-stem-cell","node","CellType","CellType: Neural Stem Cell","source:qbi-brain-basics; source:brainfacts; source:kandel-pns; source:purves-neuroscience","KB physiology/neurogenesis.md (The tour; For the expert)","data/cells.yaml","","","",""
"celltype:bergmann-glia","node","CellType","CellType: Bergmann Glia","source:qbi-brain-basics; source:brainfacts; source:kandel-pns; source:purves-neuroscience; source:nolte-human-brain","KB cells/glia.md (Specialists)","data/cells.yaml","","","",""
"celltype:muller-glia","node","CellType","CellType: Müller Glia","source:qbi-brain-basics; source:brainfacts; source:kandel-pns; source:purves-neuroscience; source:nolte-human-brain","KB cells/glia.md (Specialists)","data/cells.yaml","","","",""
"celltype:tanycyte","node","CellType","CellType: Tanycyte","source:qbi-brain-basics; source:brainfacts; source:kandel-pns; source:purves-neuroscience; source:nolte-human-brain","KB cells/glia.md (Specialists)","data/cells.yaml","","","",""
"celltype:rod","node","CellType","CellType: Rod Photoreceptor","source:kandel-pns; source:purves-neuroscience","R1 §8 Sensory systems end to end (Vision)","data/cells.yaml","","","",""
"celltype:cone","node","CellType","CellType: Cone Photoreceptor","source:kandel-pns; source:purves-neuroscience","R1 §8 Sensory systems end to end (Vision)","data/cells.yaml","","","",""
"celltype:retinal-bipolar-cell","node","CellType","CellType: Retinal Bipolar Cell","source:kandel-pns; source:purves-neuroscience; source:qbi-brain-basics; source:nolte-human-brain","R1 §8 Sensory systems end to end (Vision); KB cells/neuron_types.md (Shapes)","data/cells.yaml","","","",""
"celltype:retinal-ganglion-cell","node","CellType","CellType: Retinal Ganglion Cell","source:kandel-pns; source:purves-neuroscience; source:nolte-human-brain; source:blumenfeld-neuroanatomy","R1 §8 Sensory systems end to end (Vision); R1 §2 Pathways (Visual pathway)","data/cells.yaml","","","",""
"celltype:amacrine-cell","node","CellType","CellType: Amacrine Cell","source:qbi-brain-basics; source:brainfacts; source:kandel-pns; source:purves-neuroscience; source:nolte-human-brain","KB cells/neuron.md (Exceptions)","data/cells.yaml","","","",""
"celltype:olfactory-sensory-neuron","node","CellType","CellType: Olfactory Sensory Neuron","source:kandel-pns; source:purves-neuroscience; source:buck-axel-1991; source:qbi-brain-basics; source:nolte-human-brain","R1 §8 Sensory systems end to end (Smell); KB cells/neuron_types.md (Shapes: bipolar)","data/cells.yaml","","","",""
"celltype:mitral-cell","node","CellType","CellType: Mitral Cell","source:kandel-pns; source:purves-neuroscience; source:gottfried-2010","R1 §8 Sensory systems end to end (Smell); R1 §1.15a Piriform cortex (Connections)","data/cells.yaml","","","",""
"celltype:tufted-cell","node","CellType","CellType: Tufted Cell","source:kandel-pns; source:purves-neuroscience; source:gottfried-2010","R1 §8 Sensory systems end to end (Smell); R1 §1.15a Piriform cortex (Connections)","data/cells.yaml","","","",""
"celltype:dentate-granule-cell","node","CellType","CellType: Dentate Gyrus Granule Cell","source:kandel-pns; source:purves-neuroscience; source:qbi-brain-basics; source:brainfacts","R2 B8 Hippocampal trisynaptic circuit; KB physiology/neurogenesis.md (In adults)","data/cells.yaml","","","",""
"celltype:thalamic-relay-neuron","node","CellType","CellType: Thalamic Relay Neuron","source:kandel-pns; source:purves-neuroscience","R2 B3 Thalamocortical loops and thalamic reticular nucleus","data/cells.yaml","","","",""
"celltype:thalamic-reticular-neuron","node","CellType","CellType: Thalamic Reticular Neuron","source:kandel-pns; source:purves-neuroscience","R2 B3 Thalamocortical loops and thalamic reticular nucleus","data/cells.yaml","","","",""
"celltype:d1-striatal-neuron","node","CellType","CellType: Direct-Pathway Striatal Neuron","source:kandel-pns; source:purves-neuroscience; source:blumenfeld-neuroanatomy; source:albin-1989; source:delong-1990; source:cui-2013","R2 B1 Cortico-basal ganglia-thalamo-cortical loops (Signal flow); R1 §5 Hidden and deep structures (Basal ganglia)","data/cells.yaml","","","",""
"celltype:d2-striatal-neuron","node","CellType","CellType: Indirect-Pathway Striatal Neuron","source:kandel-pns; source:purves-neuroscience; source:blumenfeld-neuroanatomy; source:albin-1989; source:delong-1990; source:cui-2013","R2 B1 Cortico-basal ganglia-thalamo-cortical loops (Signal flow); R1 §5 Hidden and deep structures (Basal ganglia)","data/cells.yaml","","","",""
"molecule:glutamate","node","Molecule","Molecule: Glutamate","source:qbi-brain-basics; source:kandel-pns; source:purves-neuroscience","KB physiology/neurotransmitters.md (The main ones); KB physiology/how_neurons_signal.md (Scale); R1 §17c Glossary (Glutamate)","data/cells.yaml","","","",""
"molecule:gaba","node","Molecule","Molecule: GABA","source:qbi-brain-basics; source:kandel-pns; source:purves-neuroscience","KB physiology/neurotransmitters.md (The main ones); R2 D2 Major receptor families; R1 §17c Glossary (GABA)","data/cells.yaml","","","",""
"molecule:glycine","node","Molecule","Molecule: Glycine","source:qbi-brain-basics; source:kandel-pns; source:purves-neuroscience","KB physiology/neurotransmitters.md (The main ones); R2 B9 Spinal reflex arcs","data/cells.yaml","","","",""
"molecule:acetylcholine","node","Molecule","Molecule: Acetylcholine","source:qbi-brain-basics; source:kandel-pns; source:purves-neuroscience; source:loewi-1921","KB physiology/neurotransmitters.md (Memorable fact; The main ones; Clearance); R1 §10 History (Otto Loewi); R2 B11 Ascending arousal system","data/cells.yaml","","","",""
"molecule:dopamine","node","Molecule","Molecule: Dopamine","source:qbi-brain-basics; source:kandel-pns; source:purves-neuroscience; source:brainfacts; source:nolte-human-brain; source:schultz-1997","KB physiology/neurotransmitters.md (The main ones; Common questions; Careful with); KB anatomy/midbrain.md; R2 B6; R2 B7; R1 §17c Glossary (Dopamine)","data/cells.yaml","","","",""
"molecule:serotonin","node","Molecule","Molecule: Serotonin","source:qbi-brain-basics; source:kandel-pns; source:purves-neuroscience","KB physiology/neurotransmitters.md (The main ones; Common questions); KB SOURCES_AND_CORRECTIONS.md (Neurotransmitters); R1 §17a Myths 14; R1 §13 Blood-brain barrier","data/cells.yaml","","","",""
"molecule:noradrenaline","node","Molecule","Molecule: Noradrenaline","source:qbi-brain-basics; source:kandel-pns; source:purves-neuroscience","KB physiology/neurotransmitters.md (The main ones); R1 §1.20 Brainstem (Pons); R2 B11 Ascending arousal system","data/cells.yaml","","","",""
"molecule:histamine","node","Molecule","Molecule: Histamine","source:qbi-brain-basics; source:kandel-pns; source:purves-neuroscience","KB physiology/neurotransmitters.md (The main ones); R2 B11 Ascending arousal system","data/cells.yaml","","","",""
"molecule:melatonin","node","Molecule","Molecule: Melatonin","source:kandel-pns; source:purves-neuroscience; source:blumenfeld-neuroanatomy; source:qbi-brain-basics; source:nolte-human-brain","R1 §5 Hidden and deep structures (Pineal gland); R1 §4 Function index (Sleep and wakefulness); KB anatomy/forebrain.md","data/cells.yaml","","","",""
"molecule:oxytocin","node","Molecule","Molecule: Oxytocin","source:kandel-pns; source:purves-neuroscience; source:blumenfeld-neuroanatomy; source:qbi-brain-basics","R1 §5 Hidden and deep structures (Pituitary gland); KB physiology/neurotransmitters.md (Neuropeptides)","data/cells.yaml","","","",""
"molecule:vasopressin","node","Molecule","Molecule: Vasopressin","source:kandel-pns; source:purves-neuroscience; source:blumenfeld-neuroanatomy","R1 §5 Hidden and deep structures (Pituitary gland); R2 B13 HPA stress axis","data/cells.yaml","","","",""
"molecule:endocannabinoids","node","Molecule","Molecule: Endocannabinoids","source:qbi-brain-basics; source:kandel-pns; source:purves-neuroscience","KB physiology/neurotransmitters.md (Unusual messengers); R2 D2 Major receptor families (Cannabinoid CB1)","data/cells.yaml","","","",""
"molecule:orexin","node","Molecule","Molecule: Orexin","source:kandel-pns; source:purves-neuroscience","R2 B11 Ascending arousal system; R1 §4 Function index (Sleep and wakefulness)","data/cells.yaml","","","",""
"molecule:adenosine","node","Molecule","Molecule: Adenosine","source:qbi-brain-basics; source:kandel-pns; source:purves-neuroscience","KB physiology/neurotransmitters.md (Unusual messengers; Common questions); R2 D4 Familiar substances","data/cells.yaml","","","",""
"molecule:nitric-oxide","node","Molecule","Molecule: Nitric Oxide","source:qbi-brain-basics; source:kandel-pns; source:purves-neuroscience","KB physiology/neurotransmitters.md (Unusual messengers)","data/cells.yaml","","","",""
"molecule:endorphins","node","Molecule","Molecule: Endorphins","source:qbi-brain-basics; source:kandel-pns; source:purves-neuroscience","KB physiology/neurotransmitters.md (Neuropeptides); R2 D2 Major receptor families (Opioid)","data/cells.yaml","","","",""
"molecule:crh","node","Molecule","Molecule: Corticotropin-Releasing Hormone","source:kandel-pns; source:purves-neuroscience","R2 B13 HPA stress axis; R2 B5 Amygdala fear circuit (Neurotransmitters)","data/cells.yaml","","","",""
"molecule:ampa-receptor","node","Molecule","Molecule: AMPA Receptor","source:kandel-pns; source:purves-neuroscience; source:qbi-brain-basics; source:brainfacts","R2 D2 Major receptor families; KB physiology/synaptic_plasticity.md (Mechanism)","data/cells.yaml","","","",""
"molecule:nmda-receptor","node","Molecule","Molecule: NMDA Receptor","source:kandel-pns; source:purves-neuroscience; source:qbi-brain-basics; source:brainfacts","R2 D2 Major receptor families; KB physiology/synaptic_plasticity.md (Mechanism); KB physiology/neurotransmitters.md (Glycine)","data/cells.yaml","","","",""
"molecule:kainate-receptor","node","Molecule","Molecule: Kainate Receptor","source:kandel-pns; source:purves-neuroscience","R2 D2 Major receptor families","data/cells.yaml","","","",""
"molecule:gaba-a-receptor","node","Molecule","Molecule: GABA-A Receptor","source:kandel-pns; source:purves-neuroscience","R2 D2 Major receptor families; R2 D4 Familiar substances","data/cells.yaml","","","",""
"molecule:gaba-b-receptor","node","Molecule","Molecule: GABA-B Receptor","source:kandel-pns; source:purves-neuroscience","R2 D2 Major receptor families","data/cells.yaml","","","",""
"molecule:d1-receptor","node","Molecule","Molecule: Dopamine D1 Receptor","source:kandel-pns; source:purves-neuroscience; source:albin-1989","R2 D2 Major receptor families; R2 B1 (Signal flow); R2 B7 Nigrostriatal pathway; R1 §5 (Basal ganglia)","data/cells.yaml","","","",""
"molecule:d2-receptor","node","Molecule","Molecule: Dopamine D2 Receptor","source:kandel-pns; source:purves-neuroscience; source:albin-1989","R2 D2 Major receptor families; R2 B1 (Signal flow); R2 B7 Nigrostriatal pathway; R1 §5 (Basal ganglia)","data/cells.yaml","","","",""
"molecule:nicotinic-acetylcholine-receptor","node","Molecule","Molecule: Nicotinic Acetylcholine Receptor","source:kandel-pns; source:purves-neuroscience","R2 D2 Major receptor families; R2 D4 Familiar substances","data/cells.yaml","","","",""
"molecule:muscarinic-acetylcholine-receptor","node","Molecule","Molecule: Muscarinic Acetylcholine Receptor","source:kandel-pns; source:purves-neuroscience","R2 D2 Major receptor families","data/cells.yaml","","","",""
"molecule:metabotropic-glutamate-receptor","node","Molecule","Molecule: Metabotropic Glutamate Receptor","source:qbi-brain-basics; source:brainfacts; source:kandel-pns; source:purves-neuroscience","KB physiology/synaptic_plasticity.md (Other forms)","data/cells.yaml","","","",""
"molecule:serotonin-receptors","node","Molecule","Molecule: Serotonin Receptors","source:kandel-pns; source:purves-neuroscience","R2 D2 Major receptor families","data/cells.yaml","","","",""
"molecule:serotonin-5-ht3-receptor","node","Molecule","Molecule: Serotonin 5-HT3 Receptor","source:kandel-pns; source:purves-neuroscience","R2 D2 Major receptor families","data/cells.yaml","","","",""
"molecule:adrenergic-receptors","node","Molecule","Molecule: Adrenergic Receptors","source:kandel-pns; source:purves-neuroscience","R2 D2 Major receptor families","data/cells.yaml","","","",""
"molecule:opioid-receptors","node","Molecule","Molecule: Opioid Receptors","source:kandel-pns; source:purves-neuroscience","R2 D2 Major receptor families; R2 B10 Central pattern generators","data/cells.yaml","","","",""
"molecule:cb1-receptor","node","Molecule","Molecule: Cannabinoid CB1 Receptor","source:kandel-pns; source:purves-neuroscience","R2 D2 Major receptor families","data/cells.yaml","","","",""
"molecule:adenosine-a1-receptor","node","Molecule","Molecule: Adenosine A1 Receptor","source:kandel-pns; source:purves-neuroscience; source:qbi-brain-basics","R2 D4 Familiar substances; KB physiology/neurotransmitters.md (Common questions)","data/cells.yaml","","","",""
"molecule:adenosine-a2a-receptor","node","Molecule","Molecule: Adenosine A2A Receptor","source:kandel-pns; source:purves-neuroscience; source:qbi-brain-basics","R2 D4 Familiar substances; KB physiology/neurotransmitters.md (Common questions)","data/cells.yaml","","","",""
"molecule:olfactory-receptors","node","Molecule","Molecule: Olfactory Receptors","source:kandel-pns; source:purves-neuroscience; source:buck-axel-1991","R1 §8 Sensory systems end to end (Smell)","data/cells.yaml","","","",""
"molecule:trpv1","node","Molecule","Molecule: TRPV1","source:kandel-pns; source:purves-neuroscience","R1 §8 Sensory systems end to end (Touch, proprioception and pain)","data/cells.yaml","","","",""
"molecule:piezo2","node","Molecule","Molecule: Piezo2","source:kandel-pns; source:purves-neuroscience","R1 §8 Sensory systems end to end (Touch, proprioception and pain)","data/cells.yaml","","","",""
"molecule:voltage-gated-sodium-channel","node","Molecule","Molecule: Voltage-Gated Sodium Channel","source:kandel-pns; source:purves-neuroscience; source:qbi-brain-basics","R2 D3 Voltage-gated channels; KB physiology/how_neurons_signal.md (The spike); KB cells/axon.md (Segments)","data/cells.yaml","","","",""
"molecule:voltage-gated-potassium-channel","node","Molecule","Molecule: Voltage-Gated Potassium Channel","source:kandel-pns; source:purves-neuroscience; source:qbi-brain-basics","R2 D3 Voltage-gated channels; KB physiology/how_neurons_signal.md (The spike)","data/cells.yaml","","","",""
"molecule:voltage-gated-calcium-channel","node","Molecule","Molecule: Voltage-Gated Calcium Channel","source:kandel-pns; source:purves-neuroscience; source:qbi-brain-basics","R2 D3 Voltage-gated channels; KB physiology/how_neurons_signal.md (Chemical synapse); R2 B3 (Failure)","data/cells.yaml","","","",""
"molecule:sodium-potassium-pump","node","Molecule","Molecule: Sodium-Potassium Pump","source:qbi-brain-basics; source:kandel-pns; source:purves-neuroscience; source:brainfacts","KB physiology/how_neurons_signal.md (Resting potential); KB cells/mitochondria.md (How they function; Neuronal roles); R1 §13 Blood supply (Energy)","data/cells.yaml","","","",""
"molecule:aquaporin-4","node","Molecule","Molecule: Aquaporin-4","source:iliff-2012; source:purves-neuroscience; source:nolte-human-brain; source:statpearls","R1 §7 Meninges, ventricles and CSF (Glymphatic system)","data/cells.yaml","","","",""
"molecule:camkii","node","Molecule","Molecule: CaMKII","source:qbi-brain-basics; source:brainfacts; source:kandel-pns; source:purves-neuroscience","KB physiology/synaptic_plasticity.md (Mechanism)","data/cells.yaml","","","",""
"molecule:pka","node","Molecule","Molecule: PKA","source:qbi-brain-basics; source:brainfacts; source:kandel-pns; source:purves-neuroscience","KB physiology/synaptic_plasticity.md (Phases)","data/cells.yaml","","","",""
"molecule:creb","node","Molecule","Molecule: CREB","source:qbi-brain-basics; source:brainfacts; source:kandel-pns; source:purves-neuroscience","KB physiology/synaptic_plasticity.md (Phases)","data/cells.yaml","","","",""
"process:action-potential","node","Process","Process: Action Potential","source:qbi-brain-basics; source:kandel-pns; source:purves-neuroscience; source:hodgkin-huxley-1952","KB physiology/how_neurons_signal.md; R1 §10 History (Hodgkin and Huxley); R1 §17c Glossary (Action potential)","data/cells.yaml","","","",""
"process:synaptic-transmission","node","Process","Process: Synaptic Transmission","source:qbi-brain-basics; source:kandel-pns; source:purves-neuroscience; source:brainfacts; source:nolte-human-brain","KB physiology/how_neurons_signal.md (Chemical synapse; Electrical synapses); KB physiology/neurotransmitters.md; KB cells/glia.md (Astrocytes)","data/cells.yaml","","","",""
"process:long-term-potentiation","node","Process","Process: Long-Term Potentiation","source:qbi-brain-basics; source:brainfacts; source:kandel-pns; source:purves-neuroscience; source:bliss-lomo-1973","KB physiology/synaptic_plasticity.md; R2 B8 Hippocampal trisynaptic circuit; R2 D2 (NMDA)","data/cells.yaml","","","",""
"process:long-term-depression","node","Process","Process: Long-Term Depression","source:qbi-brain-basics; source:brainfacts; source:kandel-pns; source:purves-neuroscience","KB physiology/synaptic_plasticity.md (Short-term vs long-term; Mechanism; Other forms; Careful with)","data/cells.yaml","","","",""
"process:short-term-plasticity","node","Process","Process: Short-Term Plasticity","source:qbi-brain-basics; source:brainfacts; source:kandel-pns; source:purves-neuroscience","KB physiology/synaptic_plasticity.md (Short-term vs long-term)","data/cells.yaml","","","",""
"process:spike-timing-dependent-plasticity","node","Process","Process: Spike-Timing-Dependent Plasticity","source:qbi-brain-basics; source:brainfacts; source:kandel-pns; source:purves-neuroscience; source:markram-1997; source:bi-poo-1998","KB physiology/synaptic_plasticity.md (Timing rule)","data/cells.yaml","","","",""
"process:myelination","node","Process","Process: Myelination","source:qbi-brain-basics; source:brainfacts; source:kandel-pns; source:purves-neuroscience; source:nolte-human-brain; source:bethlehem-2022","R1 §12 Lifespan development (Myelination); KB cells/axon.md (Myelin makers); KB cells/glia.md; R1 §17c Glossary (Myelin)","data/cells.yaml","","","",""
"process:neurogenesis","node","Process","Process: Neurogenesis","source:qbi-brain-basics; source:brainfacts; source:kandel-pns; source:purves-neuroscience","KB physiology/neurogenesis.md (The tour; Before birth); R1 §12 Lifespan development (Neurogenesis and migration); R1 §17c Glossary (Neurogenesis)","data/cells.yaml","","","",""
"process:adult-neurogenesis","node","Process","Process: Adult Neurogenesis","source:sorrells-2018; source:moreno-jimenez-2019; source:dumitru-2025; source:qbi-brain-basics; source:brainfacts; source:kandel-pns; source:purves-neuroscience","KB physiology/neurogenesis.md (In adults: the honest state of the science); R1 §12 Lifespan development (Adult neurogenesis (DEBATED)); KB SOURCES_AND_CORRECTIONS.md (Adult neurogenesis)","data/cells.yaml","","","",""
"process:synaptic-pruning","node","Process","Process: Synaptic Pruning","source:huttenlocher-dabholkar-1997; source:qbi-brain-basics; source:brainfacts; source:kandel-pns; source:purves-neuroscience; source:nolte-human-brain","R1 §12 Lifespan development (Synaptogenesis and pruning); KB cells/glia.md (Microglia)","data/cells.yaml","","","",""
"process:synaptogenesis","node","Process","Process: Synaptogenesis","source:huttenlocher-dabholkar-1997","R1 §12 Lifespan development (Synaptogenesis and pruning)","data/cells.yaml","","","",""
"process:neuronal-migration","node","Process","Process: Neuronal Migration","source:qbi-brain-basics; source:brainfacts; source:kandel-pns; source:purves-neuroscience","KB physiology/neurogenesis.md (Before birth); R1 §12 Lifespan development (Neurogenesis and migration); KB cells/glia.md (Radial glia)","data/cells.yaml","","","",""
"process:glymphatic-clearance","node","Process","Process: Glymphatic Clearance","source:iliff-2012; source:xie-2013; source:miao-2024; source:purves-neuroscience; source:nolte-human-brain; source:statpearls","R1 §7 Meninges, ventricles and CSF (Glymphatic system (DEBATED)); R1 Key Findings (Glymphatic system); KB cells/glia.md (Glymphatic system)","data/cells.yaml","","","",""
"process:neuroplasticity","node","Process","Process: Neuroplasticity","source:qbi-brain-basics; source:brainfacts; source:kandel-pns; source:purves-neuroscience","KB physiology/synaptic_plasticity.md; R1 §17c Glossary (Neuroplasticity); R1 §14 Stroke and recovery (Rehabilitation and plasticity)","data/cells.yaml","","","",""
"process:saltatory-conduction","node","Process","Process: Saltatory Conduction","source:qbi-brain-basics; source:kandel-pns; source:purves-neuroscience; source:nolte-human-brain","KB cells/axon.md (Saltatory conduction; Speed; Segments); KB physiology/how_neurons_signal.md (Conduction)","data/cells.yaml","","","",""
"process:sensory-transduction","node","Process","Process: Sensory Transduction","source:kandel-pns; source:purves-neuroscience; source:qbi-brain-basics; source:nolte-human-brain","R1 §8 Sensory systems end to end; KB cells/neuron_types.md (How they function)","data/cells.yaml","","","",""
"process:csf-production","node","Process","Process: Cerebrospinal Fluid Production","source:purves-neuroscience; source:nolte-human-brain; source:statpearls; source:blumenfeld-neuroanatomy; source:qbi-brain-basics; source:brainfacts; source:kandel-pns","R1 §7 Meninges, ventricles and CSF (CSF); R2 F Verification (CSF production); KB cells/glia.md (Ependymal cells)","data/cells.yaml","","","",""
"process:axon-regeneration","node","Process","Process: Peripheral Axon Regeneration","source:qbi-brain-basics; source:kandel-pns; source:purves-neuroscience; source:nolte-human-brain","KB anatomy/peripheral_nervous_system.md (Repair); KB cells/glia.md (Schwann cells)","data/cells.yaml","","","",""
"process:blood-brain-barrier-maintenance","node","Process","Process: Blood-Brain Barrier Maintenance","source:qbi-brain-basics; source:brainfacts; source:kandel-pns; source:purves-neuroscience; source:nolte-human-brain","KB anatomy/blood_brain_barrier.md (Neurovascular unit); KB cells/glia.md (Astrocytes); R1 §13 Blood supply (Blood-brain barrier)","data/cells.yaml","","","",""
"process:energy-metabolism","node","Process","Process: Brain Energy Metabolism","source:raichle-gusnard-2002; source:qbi-brain-basics; source:brainfacts; source:kandel-pns; source:purves-neuroscience","R1 §13 Blood supply (Energy); KB cells/mitochondria.md","data/cells.yaml","","","",""
"doc:anatomy.blood-brain-barrier","node","Doc","Doc: Blood-Brain Barrier","","KB anatomy/blood_brain_barrier.md","data/docs.yaml","","","",""
"doc:anatomy.central-nervous-system","node","Doc","Doc: Central Nervous System (Brain and Spinal Cord)","","KB anatomy/central_nervous_system.md","data/docs.yaml","","","",""
"doc:anatomy.corpus-callosum","node","Doc","Doc: Corpus Callosum","","KB anatomy/corpus_callosum.md","data/docs.yaml","","","",""
"doc:anatomy.forebrain","node","Doc","Doc: The Forebrain","","KB anatomy/forebrain.md","data/docs.yaml","","","",""
"doc:anatomy.gyri-and-sulci","node","Doc","Doc: Gyri and Sulci (the Folds of the Brain)","","KB anatomy/gyri_and_sulci.md","data/docs.yaml","","","",""
"doc:anatomy.gyri-and-sulci-questions","node","Doc","Doc: Questions About Gyri and Sulci","","KB anatomy/gyri_and_sulci_questions.md","data/docs.yaml","","","",""
"doc:anatomy.hindbrain","node","Doc","Doc: The Hindbrain (Pons, Medulla, Cerebellum)","","KB anatomy/hindbrain.md","data/docs.yaml","","","",""
"doc:anatomy.limbic-system","node","Doc","Doc: The Limbic System","","KB anatomy/limbic_system.md","data/docs.yaml","","","",""
"doc:anatomy.lobes","node","Doc","Doc: Lobes of the Brain","","KB anatomy/lobes.md","data/docs.yaml","","","",""
"doc:anatomy.midbrain","node","Doc","Doc: The Midbrain","","KB anatomy/midbrain.md","data/docs.yaml","","","",""
"doc:anatomy.peripheral-nervous-system","node","Doc","Doc: Peripheral Nervous System","","KB anatomy/peripheral_nervous_system.md","data/docs.yaml","","","",""
"doc:anatomy.spinal-cord","node","Doc","Doc: The Spinal Cord","","KB anatomy/spinal_cord.md","data/docs.yaml","","","",""
"doc:cells.axon","node","Doc","Doc: Axons","","KB cells/axon.md","data/docs.yaml","","","",""
"doc:cells.glia","node","Doc","Doc: Glia (What They Are and Their Types)","","KB cells/glia.md","data/docs.yaml","","","",""
"doc:cells.mitochondria","node","Doc","Doc: Mitochondria in the Brain","","KB cells/mitochondria.md","data/docs.yaml","","","",""
"doc:cells.neuron","node","Doc","Doc: What Is a Neuron?","","KB cells/neuron.md","data/docs.yaml","","","",""
"doc:cells.neuron-types","node","Doc","Doc: Types of Neurons","","KB cells/neuron_types.md","data/docs.yaml","","","",""
"doc:physiology.how-neurons-signal","node","Doc","Doc: How Neurons Signal (Action Potentials and Synapses)","","KB physiology/how_neurons_signal.md","data/docs.yaml","","","",""
"doc:physiology.neurogenesis","node","Doc","Doc: Neurogenesis (Development and Adulthood)","","KB physiology/neurogenesis.md","data/docs.yaml","","","",""
"doc:physiology.neurotransmitters","node","Doc","Doc: Neurotransmitters","","KB physiology/neurotransmitters.md","data/docs.yaml","","","",""
"doc:physiology.synaptic-plasticity","node","Doc","Doc: Synaptic Plasticity (Short-Term and Long-Term)","","KB physiology/synaptic_plasticity.md","data/docs.yaml","","","",""
"function:working-memory","node","Function","Function: Working Memory","source:kandel-pns; source:blumenfeld-neuroanatomy","R2 E2 Working memory; R1 §4 Working memory","data/functions.yaml","","","",""
"function:episodic-memory","node","Function","Function: Episodic Memory","source:scoville-milner-1957; source:kandel-pns","R2 E2 Episodic memory; R1 §4 Episodic memory","data/functions.yaml","","","",""
"function:semantic-memory","node","Function","Function: Semantic Memory","source:lambon-ralph-2017","R2 E2 Semantic memory; R1 §4 Semantic memory","data/functions.yaml","","","",""
"function:procedural-memory","node","Function","Function: Procedural Memory","source:kandel-pns; source:scoville-milner-1957","R2 E2 Procedural memory; R1 §4 Procedural memory; R1 §5 Hippocampus","data/functions.yaml","","","",""
"function:speech-production","node","Function","Function: Speech Production","source:dronkers-2007; source:blumenfeld-neuroanatomy","R2 E2 Speech production; R1 §4 Language production","data/functions.yaml","","","",""
"function:language-comprehension","node","Function","Function: Language Comprehension","source:binder-2015; source:blumenfeld-neuroanatomy","R2 E2 Language comprehension; R1 §4 Language comprehension","data/functions.yaml","","","",""
"function:reading","node","Function","Function: Reading","source:dehaene-cohen-2011","R2 E2 Reading; R1 §4 Reading","data/functions.yaml","","","",""
"function:writing","node","Function","Function: Writing","source:blumenfeld-neuroanatomy; source:seghier-2013","R2 E2 Writing; R1 §4 Writing","data/functions.yaml","","","",""
"function:emotion","node","Function","Function: Emotion","source:kandel-pns","R2 E2 Emotion; R1 §4 Emotion and fear","data/functions.yaml","","","",""
"function:emotion-regulation","node","Function","Function: Emotion Regulation","source:kandel-pns; source:purves-neuroscience","R1 §1.2 Orbitofrontal cortex; KB anatomy/limbic_system.md; KB anatomy/hindbrain.md","data/functions.yaml","","Marked distributed: the sources name only contributing regions (R1 §4: emotions are network states, not single sites; temperature runs through thalamus, S1, insula and cingulate).","",""
"function:fear","node","Function","Function: Fear","source:feinstein-2011; source:kandel-pns","R2 E2 Fear; R1 §4 Emotion and fear; R2 B5","data/functions.yaml","","","",""
"function:decision-making","node","Function","Function: Decision-Making","source:kandel-pns; source:blumenfeld-neuroanatomy","R2 E2 Decision making; R1 §4 Decision-making","data/functions.yaml","","","",""
"function:reward","node","Function","Function: Reward","source:kandel-pns; source:schultz-1997","R1 §1.2 Orbitofrontal cortex; R1 §1.15 Midbrain; R2 B6","data/functions.yaml","","","",""
"function:attention","node","Function","Function: Attention","source:corbetta-shulman-2002","R2 E2 Attention; R1 §4 Attention","data/functions.yaml","","","",""
"function:motor-control","node","Function","Function: Motor Control","source:kandel-pns; source:purves-neuroscience; source:nolte-human-brain","R2 E2 Motor control; R1 §4 Movement","data/functions.yaml","","","",""
"function:motor-sequencing","node","Function","Function: Motor Sequencing","source:kandel-pns; source:nachev-2008","R1 §1.4 Supplementary motor area; R1 §1.3 Premotor cortex","data/functions.yaml","","","",""
"function:motor-learning","node","Function","Function: Motor Learning","source:kandel-pns","R1 §1.19 Cerebellum","data/functions.yaml","","","",""
"function:timing","node","Function","Function: Timing","source:kandel-pns; source:schmahmann-sherman-1998","R1 §1.19 Cerebellum; R1 §17a myth 9","data/functions.yaml","","","",""
"function:eye-movement","node","Function","Function: Eye Movement","source:kandel-pns; source:purves-neuroscience","R1 §1.3 Premotor cortex; R1 §1.15 Midbrain; R1 §1.19 Cerebellum","data/functions.yaml","","","",""
"function:balance","node","Function","Function: Balance","source:kandel-pns","R2 E2 Balance; R1 §4 Balance","data/functions.yaml","","","",""
"function:proprioception","node","Function","Function: Proprioception","source:kandel-pns; source:purves-neuroscience; source:nolte-human-brain","R1 §1.7 Primary somatosensory cortex; R1 §8 Touch, proprioception and pain","data/functions.yaml","","","",""
"function:interoception","node","Function","Function: Interoception","source:kandel-pns; source:purves-neuroscience; source:blumenfeld-neuroanatomy","R1 §5 Insula","data/functions.yaml","","","",""
"function:vision","node","Function","Function: Vision","source:kandel-pns; source:purves-neuroscience; source:nolte-human-brain","R2 E2 Vision; R1 §4 Vision","data/functions.yaml","","","",""
"function:colour-vision","node","Function","Function: Colour Vision","source:kandel-pns; source:purves-neuroscience","R1 §1.18 Visual association cortex; R1 §1.14 Fusiform gyrus","data/functions.yaml","","","",""
"function:motion-perception","node","Function","Function: Motion Perception","source:kandel-pns; source:zihl-1983","R1 §1.18 Visual association cortex","data/functions.yaml","","","",""
"function:object-recognition","node","Function","Function: Object Recognition","source:goodale-1992; source:kandel-pns","R1 §1.18 Visual association cortex; R1 §1.14 Fusiform gyrus","data/functions.yaml","","","",""
"function:face-recognition","node","Function","Function: Face Recognition","source:kanwisher-1997; source:purves-neuroscience","R2 E2 Face recognition; R1 §4 Face recognition","data/functions.yaml","","","",""
"function:visuospatial-processing","node","Function","Function: Visuospatial Processing","source:kandel-pns; source:blumenfeld-neuroanatomy","R1 §1.8 Superior parietal lobule; R1 §1.18 Visual association cortex","data/functions.yaml","","","",""
"function:mental-imagery","node","Function","Function: Mental Imagery","source:cavanna-trimble-2006; source:kandel-pns","R1 §1.10 Precuneus; R1 §1.8 Superior parietal lobule","data/functions.yaml","","","",""
"function:hearing","node","Function","Function: Hearing","source:kandel-pns; source:purves-neuroscience; source:nolte-human-brain","R2 E2 Hearing; R1 §4 Hearing","data/functions.yaml","","","",""
"function:prosody","node","Function","Function: Prosody","source:ross-1981; source:kandel-pns","R1 §1.12 Superior temporal gyrus","data/functions.yaml","","","",""
"function:music","node","Function","Function: Music","source:kandel-pns; source:norman-haignere-2015","R2 E2 Music; R1 §4 Music","data/functions.yaml","","","",""
"function:touch","node","Function","Function: Touch","source:kandel-pns; source:purves-neuroscience; source:nolte-human-brain","R2 E2 Touch; R1 §4 Touch","data/functions.yaml","","","",""
"function:pain","node","Function","Function: Pain","source:iannetti-2010; source:kandel-pns","R2 E2 Pain; R1 §4 Pain","data/functions.yaml","","","",""
"function:smell","node","Function","Function: Smell","source:gottfried-2010; source:kandel-pns","R2 E2 Smell; R1 §4 Smell","data/functions.yaml","","","",""
"function:taste","node","Function","Function: Taste","source:kandel-pns; source:purves-neuroscience","R2 E2 Taste; R1 §4 Taste","data/functions.yaml","","","",""
"function:spatial-navigation","node","Function","Function: Spatial Navigation","source:okeefe-1971; source:hafting-2005","R2 E2 Spatial navigation; R1 §4 Spatial navigation","data/functions.yaml","","","",""
"function:planning","node","Function","Function: Planning","source:kandel-pns; source:blumenfeld-neuroanatomy","R2 E2 Planning; R1 §4 Planning","data/functions.yaml","","","",""
"function:error-monitoring","node","Function","Function: Error Monitoring","source:vogt-2005; source:kandel-pns","R1 §1.16 Cingulate cortex; KB anatomy/limbic_system.md","data/functions.yaml","","","",""
"function:theory-of-mind","node","Function","Function: Theory of Mind","source:saxe-2003","R2 E2 Theory of mind; R1 §1.12 Superior temporal gyrus","data/functions.yaml","","","",""
"function:self-referential-thought","node","Function","Function: Self-Referential Thought","source:cavanna-trimble-2006; source:vogt-2005","R1 §1.10 Precuneus; R1 §1.16 Cingulate cortex","data/functions.yaml","","","",""
"function:numerical-cognition","node","Function","Function: Numerical Cognition","source:kandel-pns; source:purves-neuroscience","R2 E2 Numerical cognition; R1 §4 Math and number","data/functions.yaml","","","",""
"function:sleep-and-arousal","node","Function","Function: Sleep and Arousal","source:kandel-pns; source:blumenfeld-neuroanatomy","R2 E2 Sleep and arousal; R1 §4 Sleep and wakefulness","data/functions.yaml","","","",""
"function:hunger","node","Function","Function: Hunger","source:kandel-pns; source:purves-neuroscience","R2 E2 Hunger; R1 §4 Hunger and thirst","data/functions.yaml","","","",""
"function:thermoregulation","node","Function","Function: Thermoregulation","source:kandel-pns; source:purves-neuroscience","R2 E2 Thermoregulation; R1 §4 Body temperature","data/functions.yaml","","","",""
"function:breathing","node","Function","Function: Breathing","source:smith-1991; source:blumenfeld-neuroanatomy","R2 E2 Breathing; R1 §4 Breathing and heart rate","data/functions.yaml","","","",""
"function:consciousness","node","Function","Function: Consciousness","source:kandel-pns","R2 E2 Consciousness; R1 §4 Consciousness","data/functions.yaml","","","",""
"function:olfactory-memory","node","Function","Function: Olfactory Memory","source:gottfried-2010; source:kandel-pns","R1 §1.15 Piriform cortex versus midbrain (piriform Function line)","data/functions.yaml","","","",""
"function:sequence-initiation","node","Function","Function: Sequence Initiation","source:kandel-pns; source:blumenfeld-neuroanatomy; source:nachev-2008","R1 §1.4 Supplementary motor area","data/functions.yaml","","","",""
"function:body-schema","node","Function","Function: Body Schema","source:kandel-pns; source:blumenfeld-neuroanatomy","R1 §1.8 Superior parietal lobule","data/functions.yaml","","","",""
"function:visually-guided-action","node","Function","Function: Visually Guided Action","source:kandel-pns; source:blumenfeld-neuroanatomy; source:goodale-1992","R1 §1.8 Superior parietal lobule; R1 §1.3 Premotor cortex; R1 §1.18 Visual association cortex","data/functions.yaml","","","",""
"function:motor-coordination","node","Function","Function: Motor Coordination","source:kandel-pns; source:schmahmann-sherman-1998","R1 §1.19 Cerebellum","data/functions.yaml","","","",""
"function:temperature-sensation","node","Function","Function: Temperature Sensation","source:kandel-pns; source:purves-neuroscience; source:nolte-human-brain","R1 §1.7 Primary somatosensory cortex; R1 §2 Spinothalamic tract","data/functions.yaml","","Marked distributed: the sources name only contributing regions (R1 §4: emotions are network states, not single sites; temperature runs through thalamus, S1, insula and cingulate).","",""
"function:social-cognition","node","Function","Function: Social Cognition","source:saxe-2003; source:kandel-pns","R1 §4 Social cognition (including sarcasm)","data/functions.yaml","","","",""
"function:sarcasm-comprehension","node","Function","Function: Sarcasm Comprehension","source:shamay-tsoory-2005; source:rankin-2009","R1 §1.12 Superior temporal gyrus (Social cognition and sarcasm)","data/functions.yaml","","","",""
"function:reversal-learning","node","Function","Function: Reversal Learning","source:kandel-pns; source:purves-neuroscience","R1 §1.2 Orbitofrontal cortex","data/functions.yaml","","","",""
"function:locomotion","node","Function","Function: Locomotion","source:graham-brown-1911","R2 B10 Central pattern generators","data/functions.yaml","","","",""
"phenomenon:phantom-limb","node","Phenomenon","Phenomenon: Phantom Limb Sensation","source:pons-1991; source:kandel-pns","R1 §3 The Homunculus (Phantom limbs and remapping)","data/functions.yaml","","","",""
"phenomenon:blindsight","node","Phenomenon","Phenomenon: Blindsight","source:kandel-pns; source:purves-neuroscience; source:nolte-human-brain","R1 §1.17 Primary visual cortex (Damage)","data/functions.yaml","","","",""
"word:vision","node","Word","Word: VISION","","src/data/regions.js WORD_BANK","data/functions.yaml","","","",""
"word:hearing","node","Word","Word: HEARING","","src/data/regions.js WORD_BANK","data/functions.yaml","","","",""
"word:speech","node","Word","Word: SPEECH","","src/data/regions.js WORD_BANK","data/functions.yaml","","","",""
"word:touch","node","Word","Word: TOUCH","","src/data/regions.js WORD_BANK","data/functions.yaml","","","",""
"word:movement","node","Word","Word: MOVEMENT","","src/data/regions.js WORD_BANK","data/functions.yaml","","","",""
"word:balance","node","Word","Word: BALANCE","","src/data/regions.js WORD_BANK","data/functions.yaml","","","",""
"word:smell","node","Word","Word: SMELL","","src/data/regions.js WORD_BANK","data/functions.yaml","","","",""
"word:seeing-colour","node","Word","Word: SEEING COLOUR","","src/data/regions.js WORD_BANK","data/functions.yaml","","","",""
"word:listening-to-music","node","Word","Word: LISTENING TO MUSIC","","src/data/regions.js WORD_BANK","data/functions.yaml","","","",""
"word:saying-hello","node","Word","Word: SAYING HELLO","","src/data/regions.js WORD_BANK","data/functions.yaml","","","",""
"word:feeling-heat","node","Word","Word: FEELING HEAT","","src/data/regions.js WORD_BANK","data/functions.yaml","","","",""
"word:keeping-balance","node","Word","Word: KEEPING BALANCE","","src/data/regions.js WORD_BANK","data/functions.yaml","","","",""
"word:planning-a-trip","node","Word","Word: PLANNING A TRIP","","src/data/regions.js WORD_BANK","data/functions.yaml","","","",""
"word:catching-a-ball","node","Word","Word: CATCHING A BALL","","src/data/regions.js WORD_BANK","data/functions.yaml","","","",""
"word:reading-aloud","node","Word","Word: READING ALOUD","","src/data/regions.js WORD_BANK","data/functions.yaml","","","",""
"word:feeling-emotion","node","Word","Word: FEELING EMOTION","","src/data/regions.js WORD_BANK","data/functions.yaml","","","",""
"word:understanding-words","node","Word","Word: UNDERSTANDING WORDS","","src/data/regions.js WORD_BANK","data/functions.yaml","","","",""
"word:recognising-a-face","node","Word","Word: RECOGNISING A FACE","","src/data/regions.js WORD_BANK","data/functions.yaml","","","",""
"word:walking","node","Word","Word: WALKING","","src/data/regions.js WORD_BANK","data/functions.yaml","","","",""
"word:deciding-what-to-eat","node","Word","Word: DECIDING WHAT TO EAT","","src/data/regions.js WORD_BANK","data/functions.yaml","","","",""
"word:naming-an-object","node","Word","Word: NAMING AN OBJECT","","src/data/regions.js WORD_BANK","data/functions.yaml","","","",""
"word:typing-on-a-keyboard","node","Word","Word: TYPING ON A KEYBOARD","","src/data/regions.js WORD_BANK","data/functions.yaml","","","",""
"word:remembering-a-smell","node","Word","Word: REMEMBERING A SMELL","","src/data/regions.js WORD_BANK","data/functions.yaml","","","",""
"word:feeling-empathy","node","Word","Word: FEELING EMPATHY","","src/data/regions.js WORD_BANK","data/functions.yaml","","","",""
"word:reading-a-map","node","Word","Word: READING A MAP","","src/data/regions.js WORD_BANK","data/functions.yaml","","","",""
"word:error-detection","node","Word","Word: ERROR DETECTION","","src/data/regions.js WORD_BANK","data/functions.yaml","","","",""
"word:starting-a-sequence","node","Word","Word: STARTING A SEQUENCE","","src/data/regions.js WORD_BANK","data/functions.yaml","","","",""
"word:understanding-sarcasm","node","Word","Word: UNDERSTANDING SARCASM","","src/data/regions.js WORD_BANK","data/functions.yaml","","","",""
"word:phone-vibrating-in-pocket","node","Word","Word: PHONE VIBRATING IN POCKET","","src/data/regions.js WORD_BANK","data/functions.yaml","","","",""
"word:knowing-where-your-hand-is","node","Word","Word: KNOWING WHERE YOUR HAND IS","","src/data/regions.js WORD_BANK","data/functions.yaml","","","",""
"word:playing-piano-from-memory","node","Word","Word: PLAYING PIANO FROM MEMORY","","src/data/regions.js WORD_BANK","data/functions.yaml","","","",""
"word:judging-distance","node","Word","Word: JUDGING DISTANCE","","src/data/regions.js WORD_BANK","data/functions.yaml","","","",""
"word:detecting-a-lie","node","Word","Word: DETECTING A LIE","","src/data/regions.js WORD_BANK","data/functions.yaml","","","",""
"word:mental-rotation","node","Word","Word: MENTAL ROTATION","","src/data/regions.js WORD_BANK","data/functions.yaml","","","",""
"word:hearing-your-name-in-noise","node","Word","Word: HEARING YOUR NAME IN NOISE","","src/data/regions.js WORD_BANK","data/functions.yaml","","","",""
"word:writing-your-signature","node","Word","Word: WRITING YOUR SIGNATURE","","src/data/regions.js WORD_BANK","data/functions.yaml","","","",""
"word:recognising-a-melody","node","Word","Word: RECOGNISING A MELODY","","src/data/regions.js WORD_BANK","data/functions.yaml","","","",""
"word:pointing-to-a-star","node","Word","Word: POINTING TO A STAR","","src/data/regions.js WORD_BANK","data/functions.yaml","","","",""
"word:imagining-a-scene","node","Word","Word: IMAGINING A SCENE","","src/data/regions.js WORD_BANK","data/functions.yaml","","","",""
"word:value-reversal","node","Word","Word: VALUE REVERSAL","","src/data/regions.js WORD_BANK","data/functions.yaml","","","",""
"word:phantom-limb-sensation","node","Word","Word: PHANTOM LIMB SENSATION","","src/data/regions.js WORD_BANK","data/functions.yaml","","","",""
"word:tip-of-the-tongue","node","Word","Word: TIP-OF-THE-TONGUE","","src/data/regions.js WORD_BANK","data/functions.yaml","","","",""
"word:absolute-pitch","node","Word","Word: ABSOLUTE PITCH","","src/data/regions.js WORD_BANK","data/functions.yaml","","","",""
"word:moral-reasoning","node","Word","Word: MORAL REASONING","","src/data/regions.js WORD_BANK","data/functions.yaml","","","",""
"word:prosody-of-speech","node","Word","Word: PROSODY OF SPEECH","","src/data/regions.js WORD_BANK","data/functions.yaml","","","",""
"word:blindsight","node","Word","Word: BLINDSIGHT","","src/data/regions.js WORD_BANK","data/functions.yaml","","","",""
"word:cerebellar-timing","node","Word","Word: CEREBELLAR TIMING","","src/data/regions.js WORD_BANK","data/functions.yaml","","","",""
"word:working-memory-span","node","Word","Word: WORKING MEMORY SPAN","","src/data/regions.js WORD_BANK","data/functions.yaml","","","",""
"word:body-schema-update","node","Word","Word: BODY SCHEMA UPDATE","","src/data/regions.js WORD_BANK","data/functions.yaml","","","",""
"word:semantic-priming","node","Word","Word: SEMANTIC PRIMING","","src/data/regions.js WORD_BANK","data/functions.yaml","","","",""
"word:locked-in-syndrome","node","Word","Word: LOCKED-IN SYNDROME","","src/data/regions.js WORD_BANK","data/functions.yaml","","","",""
"word:pain-unpleasantness","node","Word","Word: PAIN UNPLEASANTNESS","","src/data/regions.js WORD_BANK","data/functions.yaml","","","",""
"word:self-referential-thought","node","Word","Word: SELF-REFERENTIAL THOUGHT","","src/data/regions.js WORD_BANK","data/functions.yaml","","","",""
"person:hippocrates","node","Person","Person: Hippocrates","source:kandel-pns; source:finger-origins","R1 §10 History and originators (Hippocrates)","data/history.yaml","","","",""
"person:aristotle","node","Person","Person: Aristotle","source:kandel-pns; source:finger-origins","R1 §10 History and originators (Aristotle)","data/history.yaml","","","",""
"person:galen","node","Person","Person: Galen","source:kandel-pns; source:finger-origins","R1 §10 History and originators (Galen)","data/history.yaml","","","",""
"person:andreas-vesalius","node","Person","Person: Andreas Vesalius","source:kandel-pns; source:finger-origins","R1 §10 History and originators (Andreas Vesalius)","data/history.yaml","","Deceased status inferred from the historical context; the source material gives no death year. Steward to confirm.","",""
"person:rene-descartes","node","Person","Person: René Descartes","source:kandel-pns; source:finger-origins","R1 §10 History and originators (René Descartes)","data/history.yaml","","Deceased status inferred from the historical context; the source material gives no death year. Steward to confirm.","",""
"person:thomas-willis","node","Person","Person: Thomas Willis","source:kandel-pns; source:finger-origins","R1 §10 History and originators (Thomas Willis)","data/history.yaml","","Deceased status inferred from the historical context; the source material gives no death year. Steward to confirm.","",""
"person:franciscus-sylvius","node","Person","Person: Franciscus Sylvius","source:kandel-pns; source:finger-origins","R1 §10 History and originators (Franciscus Sylvius); R1 §17b People and eponyms","data/history.yaml","","","",""
"person:jacobus-sylvius","node","Person","Person: Jacobus Sylvius","source:kandel-pns; source:finger-origins","R1 §10 History and originators (Franciscus Sylvius note)","data/history.yaml","","","",""
"person:luigi-rolando","node","Person","Person: Luigi Rolando","source:kandel-pns; source:finger-origins","R1 §10 History and originators (Luigi Rolando); R1 §17b People and eponyms","data/history.yaml","","","",""
"person:franz-joseph-gall","node","Person","Person: Franz Joseph Gall","source:kandel-pns; source:finger-origins","R1 §10 History and originators (Gall and phrenology)","data/history.yaml","","","",""
"person:pierre-flourens","node","Person","Person: Pierre Flourens","source:kandel-pns; source:finger-origins","R1 §10 History and originators (Pierre Flourens)","data/history.yaml","","","",""
"person:paul-broca","node","Person","Person: Paul Broca","source:dronkers-2007; source:kandel-pns; source:finger-origins","R1 §10 History and originators (Paul Broca); R1 §1.6 Broca's area (History)","data/history.yaml","","","",""
"person:louis-leborgne","node","Person","Person: Louis Victor Leborgne","source:dronkers-2007","R1 §1.6 Broca's area (History, Kid fact)","data/history.yaml","","Deceased status inferred from the historical context; the source material gives no death year. Steward to confirm.","",""
"person:lelong","node","Person","Person: Lelong","source:dronkers-2007","R1 §1.6 Broca's area (History); R1 Key Findings (Broca's area)","data/history.yaml","","Deceased status inferred from the historical context; the source material gives no death year. Steward to confirm. Given name not stated in the sources.","",""
"person:carl-wernicke","node","Person","Person: Carl Wernicke","source:kandel-pns; source:finger-origins; source:blumenfeld-neuroanatomy","R1 §10 History and originators (Carl Wernicke); R1 §1.13 Wernicke's area (History)","data/history.yaml","","","",""
"person:john-hughlings-jackson","node","Person","Person: John Hughlings Jackson","source:kandel-pns; source:finger-origins","R1 §10 History and originators (John Hughlings Jackson)","data/history.yaml","","","",""
"person:camillo-golgi","node","Person","Person: Camillo Golgi","source:kandel-pns; source:finger-origins","R1 §10 History and originators (Camillo Golgi)","data/history.yaml","","","",""
"person:santiago-ramon-y-cajal","node","Person","Person: Santiago Ramón y Cajal","source:kandel-pns; source:finger-origins","R1 §10 History and originators (Santiago Ramón y Cajal)","data/history.yaml","","","",""
"person:korbinian-brodmann","node","Person","Person: Korbinian Brodmann","source:kandel-pns; source:finger-origins","R1 §10 History and originators (Korbinian Brodmann)","data/history.yaml","","","",""
"person:charles-sherrington","node","Person","Person: Charles Sherrington","source:kandel-pns; source:finger-origins","R1 §10 History and originators (Charles Sherrington)","data/history.yaml","","","",""
"person:otto-loewi","node","Person","Person: Otto Loewi","source:kandel-pns; source:finger-origins","R1 §10 History and originators (Otto Loewi); KB physiology/neurotransmitters.md","data/history.yaml","","","",""
"person:alan-hodgkin","node","Person","Person: Alan Hodgkin","source:kandel-pns; source:finger-origins","R1 §10 History and originators (Hodgkin and Huxley)","data/history.yaml","","Deceased status inferred from the historical context; the source material gives no death year. Steward to confirm.","",""
"person:andrew-huxley","node","Person","Person: Andrew Huxley","source:kandel-pns; source:finger-origins","R1 §10 History and originators (Hodgkin and Huxley)","data/history.yaml","","Deceased status inferred from the historical context; the source material gives no death year. Steward to confirm.","",""
"person:wilder-penfield","node","Person","Person: Wilder Penfield","source:penfield-boldrey-1937; source:kandel-pns; source:finger-origins","R1 §10 History and originators (Wilder Penfield); R1 §3 The Homunculus","data/history.yaml","","","",""
"person:brenda-milner","node","Person","Person: Brenda Milner","source:mcgill-neuropsych-day-2026","R2 Part F Verification (Brenda Milner); R2 Key Findings 1; R1 §10 History and originators (Brenda Milner)","data/history.yaml","","R1 §10 reports a 2025 death; R2 Part F corrects this (living, per the McGill 2026 booklet). Re-check status at every content release. Birth year held back: R2 took it from Wikipedia.","",""
"person:william-scoville","node","Person","Person: William Scoville","source:scoville-milner-1957","R1 §5 Hidden and deep structures (Hippocampus)","data/history.yaml","","Deceased status inferred from the historical context; the source material gives no death year. Steward to confirm.","",""
"person:henry-molaison","node","Person","Person: Henry Molaison","source:scoville-milner-1957","R1 §5 Hidden and deep structures (Hippocampus); R1 §10 (Henry Molaison)","data/history.yaml","","","",""
"person:roger-sperry","node","Person","Person: Roger Sperry","source:kandel-pns; source:finger-origins","R1 §10 History and originators (Roger Sperry and Michael Gazzaniga); KB anatomy/corpus_callosum.md","data/history.yaml","","Deceased status inferred from the historical context; the source material gives no death year. Steward to confirm.","",""
"person:phineas-gage","node","Person","Person: Phineas Gage","source:macmillan-lena-2010","R1 §10 History and originators (Phineas Gage)","data/history.yaml","","","",""
"person:john-harlow","node","Person","Person: John Harlow","source:macmillan-lena-2010","R1 §10 History and originators (Phineas Gage)","data/history.yaml","","Deceased status inferred from the historical context; the source material gives no death year. Steward to confirm.","",""
"person:papez","node","Person","Person: Papez","source:papez-1937","R2 B4 Papez circuit (1937) and modern view","data/history.yaml","","Deceased status inferred from the historical context; the source material gives no death year. Steward to confirm. Given name not stated in the sources; steward to supply.","",""
"person:heschl","node","Person","Person: Heschl","source:kandel-pns; source:purves-neuroscience; source:nolte-human-brain","R1 §1.11 Primary auditory cortex; R1 §17b Pronunciation (Heschl)","data/history.yaml","","Deceased status inferred from the historical context; the source material gives no death year. Steward to confirm. Given name and life dates not stated in the sources; steward to supply.","",""
"person:paul-ehrlich","node","Person","Person: Paul Ehrlich","source:brainfacts","KB anatomy/blood_brain_barrier.md (For the expert, History); KB SOURCES_AND_CORRECTIONS.md (fact-check 2026-10-02)","data/history.yaml","","Deceased status inferred from the historical context; the source material gives no death year. Steward to confirm. KB file lists QBI, BrainFacts (The Blood-Brain Barrier, 2014) and textbooks; the corrections log cites only 'history of medicine'. Verify the historical source.","",""
"person:max-lewandowsky","node","Person","Person: Max Lewandowsky","source:brainfacts","KB anatomy/blood_brain_barrier.md (For the expert, History); KB SOURCES_AND_CORRECTIONS.md (fact-check 2026-10-02)","data/history.yaml","","Deceased status inferred from the historical context; the source material gives no death year. Steward to confirm. KB file lists QBI, BrainFacts (The Blood-Brain Barrier, 2014) and textbooks; the corrections log cites only 'history of medicine'. Verify the historical source.","",""
"person:edwin-goldmann","node","Person","Person: Edwin Goldmann","source:brainfacts","KB anatomy/blood_brain_barrier.md (For the expert, History); KB SOURCES_AND_CORRECTIONS.md (fact-check 2026-10-02)","data/history.yaml","","Deceased status inferred from the historical context; the source material gives no death year. Steward to confirm. KB file lists QBI, BrainFacts (The Blood-Brain Barrier, 2014) and textbooks; the corrections log cites only 'history of medicine'. Verify the historical source.","",""
"person:lina-stern","node","Person","Person: Lina Stern","source:brainfacts","KB anatomy/blood_brain_barrier.md (For the expert, History); KB SOURCES_AND_CORRECTIONS.md (fact-check 2026-10-02)","data/history.yaml","","Deceased status inferred from the historical context; the source material gives no death year. Steward to confirm. KB file lists QBI, BrainFacts (The Blood-Brain Barrier, 2014) and textbooks; the corrections log cites only 'history of medicine'. Verify the historical source.","",""
"guide:sylvi","node","Guide","Guide: Sylvi","","R1 §10 Luigi Rolando (Game note); KB README.md (The guides)","data/history.yaml","","","",""
"guide:rollo","node","Guide","Guide: Rollo","","R1 §10 Luigi Rolando (Game note); KB README.md (The guides)","data/history.yaml","","","",""
"condition:parkinsons-disease","node","Condition","Condition: Parkinson's Disease","source:kandel-pns; source:purves-neuroscience; source:blumenfeld-neuroanatomy","R1 §16 Scope candidates (Parkinson's disease); R1 §1.15b Midbrain (Damage); KB anatomy/midbrain.md","data/history.yaml","","","",""
"condition:alzheimers-disease","node","Condition","Condition: Alzheimer's Disease","source:kandel-pns","R1 §16 Scope candidates (Alzheimer's disease); R1 §12 Dementia versus normal aging; R1 §1.10 Precuneus (Damage); R1 §1.16 Cingulate (Damage)","data/history.yaml","","The cited R1 section names no work for this description; textbook attribution is provisional until the citation pass.","",""
"condition:ischemic-stroke","node","Condition","Condition: Ischemic Stroke","source:wso-global-stroke-2025; source:asa-be-fast; source:kandel-pns","R1 §14 Stroke and recovery (Types; BE FAST; Symptoms by territory); R1 §1.5 Primary motor cortex (Damage)","data/history.yaml","","","",""
"condition:haemorrhagic-stroke","node","Condition","Condition: Haemorrhagic Stroke","source:wso-global-stroke-2025; source:asa-be-fast","R1 §14 Stroke and recovery (Types; BE FAST); R1 §17c Glossary (Stroke); R1 §7 Meninges (subarachnoid space)","data/history.yaml","","","",""
"condition:epilepsy","node","Condition","Condition: Epilepsy","source:who-epilepsy; source:kandel-pns; source:finger-origins; source:penfield-boldrey-1937; source:scoville-milner-1957","R1 §16 Scope candidates (Epilepsy); R1 §10 History (Hippocrates; Wilder Penfield); R1 §5 Hippocampus (H.M.)","data/history.yaml","","","",""
"condition:concussion","node","Condition","Condition: Concussion","source:kandel-pns; source:purves-neuroscience","R1 §16 Scope candidates (Concussion and TBI); R1 §1.2 Orbitofrontal cortex (Damage)","data/history.yaml","","R1 §16 names no work; sources are those of R1 §1.2 (orbitofrontal damage in traumatic brain injury).","",""
"condition:brocas-aphasia","node","Condition","Condition: Broca's Aphasia","source:dronkers-2007; source:mohr-1978; source:blumenfeld-neuroanatomy","R1 §1.6 Broca's area (Damage; History); R1 Key Findings (Broca's area)","data/history.yaml","","","",""
"condition:wernickes-aphasia","node","Condition","Condition: Wernicke's Aphasia","source:binder-2015; source:tremblay-dick-2016; source:blumenfeld-neuroanatomy","R1 §1.13 Wernicke's area (Damage; History; Boundary debate)","data/history.yaml","","","",""
"condition:hydrocephalus","node","Condition","Condition: Hydrocephalus","source:purves-neuroscience; source:nolte-human-brain; source:statpearls","R1 §7 Meninges, ventricles and CSF (Hydrocephalus); R1 §1.15b Midbrain (Damage)","data/history.yaml","","conditionKind has no fitting term for a CSF disorder; 'syndrome' used provisionally.","",""
"condition:meningioma","node","Condition","Condition: Meningioma","source:louis-2021; source:kandel-pns; source:purves-neuroscience","R1 §15 Tumors (Meningioma); R1 §1.2 Orbitofrontal cortex (Damage)","data/history.yaml","","R1 §15 names no work for the meningioma description; Louis 2021 attribution provisional.","",""
"condition:glioblastoma","node","Condition","Condition: Glioblastoma","source:louis-2021","R1 §15 Tumors (Gliomas; WHO CNS5)","data/history.yaml","","","",""
"condition:medulloblastoma","node","Condition","Condition: Medulloblastoma","source:louis-2021","R1 §15 Tumors (Pediatric tumors)","data/history.yaml","","","",""
"condition:multiple-sclerosis","node","Condition","Condition: Multiple Sclerosis","source:qbi-brain-basics; source:brainfacts; source:kandel-pns","KB cells/axon.md (Disease); KB anatomy/blood_brain_barrier.md (Disease); KB SOURCES_AND_CORRECTIONS.md (fact-check)","data/history.yaml","","conditionKind has no immune or demyelinating term; 'neurodegenerative' used provisionally.","",""
"condition:brown-sequard-syndrome","node","Condition","Condition: Brown-Séquard Syndrome","source:kandel-pns; source:purves-neuroscience; source:blumenfeld-neuroanatomy; source:nolte-human-brain","R1 §2 Pathways and body control (Brown-Séquard syndrome); R1 §17b People and eponyms","data/history.yaml","","","",""
"condition:locked-in-syndrome","node","Condition","Condition: Locked-in Syndrome","source:blumenfeld-neuroanatomy; source:kandel-pns; source:nolte-human-brain","R1 §1.20 Brainstem (Damage); KB anatomy/hindbrain.md (Brainstem lesions)","data/history.yaml","","","",""
"condition:prosopagnosia","node","Condition","Condition: Prosopagnosia","source:purves-neuroscience; source:kanwisher-1997","R1 §1.14 Fusiform gyrus (Damage; Named areas); R2 A5 Inferior longitudinal fasciculus","data/history.yaml","","","",""
"condition:hemispatial-neglect","node","Condition","Condition: Hemispatial Neglect","source:kandel-pns; source:blumenfeld-neuroanatomy; source:corbetta-shulman-2002; source:seghier-2013","R1 §1.8 SPL (Damage); R1 §1.9 Angular gyrus (Damage); R1 §9 Brain networks (Ventral attention); R1 §14 Symptoms by territory; R2 A2 SLF","data/history.yaml","","","",""
"condition:anterograde-amnesia","node","Condition","Condition: Anterograde Amnesia","source:scoville-milner-1957","R1 §5 Hippocampus (Patient H.M.); R1 §10 Brenda Milner; R2 A9 Fornix","data/history.yaml","","","",""
"condition:bells-palsy","node","Condition","Condition: Bell's Palsy","source:blumenfeld-neuroanatomy; source:nolte-human-brain; source:statpearls","R1 §6 Cranial nerves (VII Facial)","data/history.yaml","","conditionKind has no cranial-nerve term; 'syndrome' used provisionally.","",""
"condition:urbach-wiethe-disease","node","Condition","Condition: Urbach-Wiethe Disease","source:feinstein-2011; source:feinstein-2013","R1 §5 Amygdala (Patient S.M.); R2 B5 Amygdala fear circuit (Critiques)","data/history.yaml","","conditionKind has no genetic term; 'syndrome' used provisionally.","",""
"myth:ten-percent-brain","node","Myth","Myth: We only use 10% of our brain","source:beyerstein-1999","R1 §17a Consolidated myths list #1","data/history.yaml","","","",""
"myth:left-right-brain","node","Myth","Myth: Left-brained and right-brained people","source:nielsen-2013","R1 §17a Consolidated myths list #2; R1 §10 (Sperry and Gazzaniga)","data/history.yaml","","","",""
"myth:learning-styles","node","Myth","Myth: Learning styles","source:pashler-2008","R1 §17a Consolidated myths list #3","data/history.yaml","","","",""
"myth:bigger-brain-smarter","node","Myth","Myth: A bigger brain means a smarter person","source:pietschnig-2015","R1 §17a Consolidated myths list #4","data/history.yaml","","","",""
"myth:mozart-effect","node","Myth","Myth: The Mozart effect","source:rauscher-1993; source:chabris-1999; source:pietschnig-2010","R1 §17a Consolidated myths list #5","data/history.yaml","","","",""
"myth:alcohol-kills-brain-cells","node","Myth","Myth: Alcohol kills brain cells","source:jensen-pakkenberg-1993","R1 §17a Consolidated myths list #6","data/history.yaml","","","",""
"myth:hundred-billion-neurons","node","Myth","Myth: The brain has 100 billion neurons","source:azevedo-2009; source:lent-2012","R1 §17a Consolidated myths list #7; R1 TL;DR; R1 Key Findings (Neuron and glia counts)","data/history.yaml","","","",""
"myth:glia-ten-to-one","node","Myth","Myth: Glia outnumber neurons ten to one","source:azevedo-2009; source:von-bartheld-2016","R1 §17a Consolidated myths list #8","data/history.yaml","","","",""
"myth:cerebellum-only-balance","node","Myth","Myth: The cerebellum only controls balance","source:schmahmann-sherman-1998","R1 §17a Consolidated myths list #9; R1 §1.19 Cerebellum","data/history.yaml","","","",""
"myth:smell-through-thalamus","node","Myth","Myth: Smell passes through the thalamus like other senses","source:kandel-pns; source:purves-neuroscience; source:gottfried-2010","R1 §17a Consolidated myths list #10; R1 §8 Smell; R1 §1.15a Piriform cortex","data/history.yaml","","","",""
"myth:adult-neurogenesis-certainty","node","Myth","Myth: Adults definitely do, or definitely don't, grow new neurons","source:eriksson-1998; source:spalding-2013; source:sorrells-2018; source:boldrini-2018; source:moreno-jimenez-2019; source:dumitru-2025","R1 §17a Consolidated myths list #11; R1 §12 Adult neurogenesis (DEBATED)","data/history.yaml","","","",""
"myth:phineas-gage-permanent","node","Myth","Myth: Phineas Gage was ruined for life","source:macmillan-lena-2010","R1 §17a Consolidated myths list #12; R1 §10 Phineas Gage","data/history.yaml","","","",""
"myth:trillion-odors","node","Myth","Myth: Humans can smell a trillion odours","source:meister-2015; source:gerkin-castro-2015","R1 §17a Consolidated myths list #13; R1 §8 Smell (Disputed claim)","data/history.yaml","","","",""
"myth:gut-serotonin-mood","node","Myth","Myth: Gut serotonin controls your mood","source:purves-neuroscience; source:blumenfeld-neuroanatomy; source:nolte-human-brain","R1 §17a Consolidated myths list #14; R1 §13 Blood supply (Blood-brain barrier); KB SOURCES_AND_CORRECTIONS.md (Neurotransmitters)","data/history.yaml","","R1 §17a #14 cites no work; sources are those of R1 §13 and the KB corrections log.","",""
"myth:tongue-taste-map","node","Myth","Myth: The tongue has a taste map","source:kandel-pns; source:purves-neuroscience","R1 §17a Consolidated myths list #15; R1 §8 Taste (Myth)","data/history.yaml","","","",""
"myth:brain-done-at-fixed-age","node","Myth","Myth: The brain is finished at 18, or at exactly 25","source:gogtay-2004; source:mousley-2025; source:somerville-2016","R1 §17a Consolidated myths list #16; R1 §12 Adolescence and the PFC","data/history.yaml","","","",""
"myth:brain-training-games","node","Myth","Myth: Brain-training games make you smarter overall","source:simons-2016","R1 §17a Consolidated myths list #17","data/history.yaml","","","",""
"myth:brain-feels-pain","node","Myth","Myth: The brain feels pain when it is cut","source:purves-neuroscience; source:nolte-human-brain; source:statpearls; source:penfield-boldrey-1937","R1 §17a Consolidated myths list #18; R1 §7 Meninges; R1 §3 Origins","data/history.yaml","","R1 §17a #18 cites no work; sources are those of R1 §7 and R1 §3.","",""
"myth:living-brain-grey","node","Myth","Myth: Living brains are grey","source:qbi-brain-basics; source:kandel-pns; source:purves-neuroscience; source:nolte-human-brain","R1 §17a Consolidated myths list #19; KB anatomy/central_nervous_system.md (Common questions)","data/history.yaml","","R1 §17a #19 cites no work; sources are the works listed by KB anatomy/central_nervous_system.md.","",""
"myth:brain-cannot-recover","node","Myth","Myth: A damaged brain can never recover","source:wolf-2006; source:kandel-pns; source:purves-neuroscience","R1 §17a Consolidated myths list #20; R1 §14 Rehabilitation and plasticity; KB physiology/synaptic_plasticity.md (Recovery)","data/history.yaml","","R1 §17a #20 cites no work; sources are those of R1 §14 and the KB plasticity file.","",""
"network:default-mode","node","Network","Network: Default Mode Network","source:yeo-2011; source:raichle-2001; source:shulman-1997; source:greicius-2003; source:buckner-2008","R1 §9 Brain networks; R2 E4 Yeo 7 and 17 networks","data/networks.yaml","","","",""
"network:ventral-attention","node","Network","Network: Ventral Attention Network","source:yeo-2011; source:seeley-2007; source:menon-uddin-2010; source:corbetta-shulman-2002","R1 §9 Brain networks; R2 E4 Yeo 7 and 17 networks","data/networks.yaml","","","",""
"network:frontoparietal-control","node","Network","Network: Frontoparietal Control Network","source:yeo-2011; source:seeley-2007; source:vincent-2008","R1 §9 Brain networks; R2 E4 Yeo 7 and 17 networks","data/networks.yaml","","","",""
"network:dorsal-attention","node","Network","Network: Dorsal Attention Network","source:yeo-2011; source:corbetta-shulman-2002","R1 §9 Brain networks; R2 E4 Yeo 7 and 17 networks","data/networks.yaml","","","",""
"network:limbic","node","Network","Network: Limbic Network","source:yeo-2011","R2 E4 Yeo 7 and 17 networks","data/networks.yaml","","","",""
"network:somatomotor","node","Network","Network: Somatomotor Network","source:yeo-2011; source:biswal-1995","R1 §9 Brain networks; R2 E4 Yeo 7 and 17 networks","data/networks.yaml","","","",""
"network:visual","node","Network","Network: Visual Network","source:yeo-2011; source:schaefer-2018","R2 E4 Yeo 7 and 17 networks","data/networks.yaml","","","",""
"network:language","node","Network","Network: Language Network","source:fedorenko-2010; source:fedorenko-2011","R1 §9 Brain networks (Language network)","data/networks.yaml","","","",""
"tract:arcuate-fasciculus","node","Tract","Tract: Arcuate Fasciculus","source:catani-2005","R2 A1 Arcuate fasciculus; R1 §17c Glossary (Arcuate fasciculus)","data/networks.yaml","","","",""
"tract:superior-longitudinal-fasciculus","node","Tract","Tract: Superior Longitudinal Fasciculus","source:catani-2012-b; source:thiebaut-de-schotten-2011","R2 A2 Superior longitudinal fasciculus I, II, III","data/networks.yaml","","","",""
"tract:uncinate-fasciculus","node","Tract","Tract: Uncinate Fasciculus","source:catani-2012-b","R2 A3 Uncinate fasciculus","data/networks.yaml","","","",""
"tract:cingulum-bundle","node","Tract","Tract: Cingulum Bundle","source:catani-2012-b","R2 A4 Cingulum bundle; R1 §1.16 Cingulate cortex (Connections)","data/networks.yaml","","","",""
"tract:inferior-longitudinal-fasciculus","node","Tract","Tract: Inferior Longitudinal Fasciculus","source:catani-2012-b","R2 A5 Inferior longitudinal fasciculus; R1 §1.14 Fusiform gyrus (Connections)","data/networks.yaml","","","",""
"tract:inferior-fronto-occipital-fasciculus","node","Tract","Tract: Inferior Fronto-Occipital Fasciculus","source:catani-2012-b; source:schmahmann-pandya-2006","R2 A6 Inferior fronto-occipital fasciculus","data/networks.yaml","","","",""
"tract:frontal-aslant-tract","node","Tract","Tract: Frontal Aslant Tract","source:catani-2012","R2 A7 Frontal aslant tract; R1 §1.6 Broca's area (Connections)","data/networks.yaml","","","",""
"tract:middle-longitudinal-fasciculus","node","Tract","Tract: Middle Longitudinal Fasciculus","source:seltzer-pandya-1984; source:makris-2009","R2 A8 Middle longitudinal fasciculus; R1 §1.9 Angular gyrus (Connections)","data/networks.yaml","","","",""
"tract:fornix","node","Tract","Tract: Fornix","source:catani-2012-b; source:kandel-pns; source:purves-neuroscience; source:nolte-human-brain","R2 A9 Fornix; KB anatomy/limbic_system.md","data/networks.yaml","","","",""
"tract:corpus-callosum","node","Tract","Tract: Corpus Callosum","source:aboitiz-1992; source:tomasch-1954; source:kandel-pns; source:purves-neuroscience; source:nolte-human-brain; source:catani-2012-b","R2 A10 Corpus callosum; KB anatomy/corpus_callosum.md; R1 §5 Hidden and deep structures (Corpus callosum); R2 F Verification (Corpus callosum axons)","data/networks.yaml","","","",""
"tract:anterior-commissure","node","Tract","Tract: Anterior Commissure","source:catani-2012-b; source:kandel-pns; source:purves-neuroscience; source:nolte-human-brain","R2 A11 Anterior commissure; KB anatomy/corpus_callosum.md (Other commissures)","data/networks.yaml","","","",""
"tract:internal-capsule","node","Tract","Tract: Internal Capsule","source:catani-2012-b; source:kandel-pns; source:purves-neuroscience; source:blumenfeld-neuroanatomy; source:nolte-human-brain","R2 A12 Internal capsule and corona radiata; R1 §2 Pathways and body control (Corticospinal tract)","data/networks.yaml","","","",""
"tract:corona-radiata","node","Tract","Tract: Corona Radiata","source:catani-2012-b; source:kandel-pns; source:purves-neuroscience; source:blumenfeld-neuroanatomy; source:nolte-human-brain","R2 A12 Internal capsule and corona radiata; R1 §2 Pathways and body control (Corticospinal tract)","data/networks.yaml","","","",""
"tract:corticospinal-tract","node","Tract","Tract: Corticospinal Tract","source:kandel-pns; source:purves-neuroscience; source:blumenfeld-neuroanatomy; source:nolte-human-brain","R2 A13 Corticospinal tract; R1 §2 Pathways and body control (Corticospinal tract); R1 §1.20 Brainstem","data/networks.yaml","","","",""
"tract:optic-radiation","node","Tract","Tract: Optic Radiation","source:kandel-pns; source:purves-neuroscience; source:blumenfeld-neuroanatomy; source:nolte-human-brain; source:catani-2012-b","R2 A14 Optic radiations and Meyer's loop; R1 §2 Pathways and body control (Visual pathway); R1 §1.17 Primary visual cortex (Connections)","data/networks.yaml","","","",""
"tract:cerebellar-peduncles","node","Tract","Tract: Cerebellar Peduncles","source:kandel-pns; source:catani-2012-b","R2 A15 Cerebellar peduncles; R1 §1.19 Cerebellum (Connections); R1 §2 Pathways and body control (Cerebellum is ipsilateral)","data/networks.yaml","","","",""
"tract:medial-forebrain-bundle","node","Tract","Tract: Medial Forebrain Bundle","source:olds-milner-1954; source:catani-2012-b","R2 A16 Medial forebrain bundle","data/networks.yaml","","","",""
"tract:u-fibers","node","Tract","Tract: U-Fibres","source:catani-2012-b","R2 A17 U-fibers","data/networks.yaml","","","",""
"tract:dorsal-column-medial-lemniscus","node","Tract","Tract: Dorsal Column-Medial Lemniscus Pathway","source:kandel-pns; source:purves-neuroscience; source:blumenfeld-neuroanatomy; source:nolte-human-brain","R1 §2 Pathways and body control (Dorsal column-medial lemniscus); R1 §8 Sensory systems end to end (Touch); KB anatomy/spinal_cord.md","data/networks.yaml","","","",""
"tract:spinothalamic-tract","node","Tract","Tract: Spinothalamic Tract","source:kandel-pns; source:purves-neuroscience; source:blumenfeld-neuroanatomy; source:nolte-human-brain","R1 §2 Pathways and body control (Spinothalamic tract); R1 §8 Sensory systems end to end (Touch, proprioception and pain); KB anatomy/spinal_cord.md","data/networks.yaml","","","",""
"circuit:cortico-basal-ganglia-loop","node","Circuit","Circuit: Cortico-Basal Ganglia Loop","source:alexander-1986; source:cui-2013; source:kandel-pns","R2 B1 Cortico-basal ganglia-thalamo-cortical loops; R1 §5 Hidden and deep structures (Basal ganglia)","data/networks.yaml","","","",""
"circuit:cerebro-cerebellar-loop","node","Circuit","Circuit: Cerebro-Cerebellar Loop","source:kandel-pns; source:purves-neuroscience; source:schmahmann-sherman-1998","R2 B2 Cerebro-cerebellar loop; R1 §1.19 Cerebellum; R1 §2 Pathways and body control (Cerebellum is ipsilateral)","data/networks.yaml","","","",""
"circuit:thalamocortical-loop","node","Circuit","Circuit: Thalamocortical Loop","source:kandel-pns; source:purves-neuroscience; source:crick-1984","R2 B3 Thalamocortical loops and thalamic reticular nucleus; R1 §5 Hidden and deep structures (Thalamus)","data/networks.yaml","","","",""
"circuit:papez","node","Circuit","Circuit: Papez Circuit","source:papez-1937; source:kandel-pns; source:purves-neuroscience; source:nolte-human-brain","R2 B4 Papez circuit (1937) and modern view; KB anatomy/limbic_system.md (Papez circuit)","data/networks.yaml","","","",""
"circuit:amygdala-fear-circuit","node","Circuit","Circuit: Amygdala Fear Circuit","source:kandel-pns; source:purves-neuroscience; source:pessoa-adolphs-2010; source:ledoux-pine-2016","R2 B5 Amygdala fear circuit (LeDoux low road and high road); R1 §5 Hidden and deep structures (Amygdala)","data/networks.yaml","","","",""
"circuit:mesolimbic-reward-pathway","node","Circuit","Circuit: Mesolimbic Reward Pathway","source:kandel-pns; source:schultz-1997","R2 B6 Mesolimbic and mesocortical dopamine reward circuit","data/networks.yaml","","","",""
"circuit:nigrostriatal-pathway","node","Circuit","Circuit: Nigrostriatal Pathway","source:kandel-pns; source:purves-neuroscience; source:blumenfeld-neuroanatomy","R2 B7 Nigrostriatal pathway; R1 §1.15 Midbrain (Parts: substantia nigra pars compacta, dopamine to the striatum)","data/networks.yaml","","","",""
"circuit:trisynaptic-circuit","node","Circuit","Circuit: Hippocampal Trisynaptic Circuit","source:kandel-pns; source:bliss-lomo-1973","R2 B8 Hippocampal trisynaptic circuit","data/networks.yaml","","","",""
"circuit:spinal-reflex-arc","node","Circuit","Circuit: Spinal Reflex Arc","source:kandel-pns","R2 B9 Spinal reflex arcs","data/networks.yaml","","","",""
"circuit:central-pattern-generator","node","Circuit","Circuit: Central Pattern Generators","source:kandel-pns; source:brown-1911; source:smith-1991","R2 B10 Central pattern generators; R1 §1.20 Brainstem (Medulla)","data/networks.yaml","","","",""
"circuit:ascending-arousal-system","node","Circuit","Circuit: Ascending Arousal System","source:kandel-pns; source:moruzzi-magoun-1949","R2 B11 Ascending arousal system; R1 §1.20 Brainstem (Controls: reticular activating system)","data/networks.yaml","","","",""
"circuit:vestibulo-ocular-reflex","node","Circuit","Circuit: Vestibulo-Ocular Reflex","source:kandel-pns; source:blumenfeld-neuroanatomy","R2 B12 Vestibulo-ocular reflex; R1 §1.20 Brainstem (Pons: medial longitudinal fasciculus)","data/networks.yaml","","","",""
"circuit:hpa-axis","node","Circuit","Circuit: HPA Axis","source:kandel-pns; source:purves-neuroscience","R2 B13 HPA stress axis; R1 §5 Hidden and deep structures (Hypothalamus; Pituitary gland)","data/networks.yaml","","","",""
"source:aboitiz-1992","node","Source","Source: Aboitiz et al. 1992","","R1 Sources; R2 Sources; BRIEF ID conventions","data/sources.yaml","","","",""
"source:albin-1989","node","Source","Source: Albin, Young and Penney 1989","","R1 Sources; R1 and R2 inline citations; KB file headers; BRIEF ID conventions","data/sources.yaml","","","",""
"source:alexander-1986","node","Source","Source: Alexander, DeLong and Strick 1986","","R1 Sources; R2 Sources; BRIEF ID conventions","data/sources.yaml","","","",""
"source:asa-be-fast","node","Source","Source: American Stroke Association, B.E. F.A.S.T.","","R1 §14 Stroke (BE FAST); R1 Sources [50]","data/sources.yaml","","","",""
"source:azevedo-2009","node","Source","Source: Azevedo et al. 2009","","R1 Sources; R2 E5 Licenses; BRIEF ID conventions","data/sources.yaml","","Volume and pages removed: not stated in the source material; steward may restore after checking.","",""
"source:bergmann-2012","node","Source","Source: Bergmann 2012","","R1 Sources; R1 and R2 inline citations; KB file headers; BRIEF ID conventions","data/sources.yaml","","","",""
"source:bethlehem-2022","node","Source","Source: Bethlehem et al. 2022","","R1 Sources; R1 and R2 inline citations; KB file headers; BRIEF ID conventions","data/sources.yaml","","","",""
"source:beyerstein-1999","node","Source","Source: Beyerstein 1999","","R1 §17a #1","data/sources.yaml","","","",""
"source:bi-poo-1998","node","Source","Source: Bi and Poo 1998","","R1 Sources; R1 and R2 inline citations; KB file headers; BRIEF ID conventions","data/sources.yaml","","","",""
"source:binder-2015","node","Source","Source: Binder 2015","","R1 §1.13 Wernicke's area","data/sources.yaml","","","",""
"source:biswal-1995","node","Source","Source: Biswal et al. 1995","","R1 Sources; R2 Sources; BRIEF ID conventions","data/sources.yaml","","","",""
"source:bliss-lomo-1973","node","Source","Source: Bliss and Lomo 1973","","R1 Sources; R1 and R2 inline citations; KB file headers; BRIEF ID conventions","data/sources.yaml","","","",""
"source:blumenfeld-neuroanatomy","node","Source","Source: Neuroanatomy through Clinical Cases","","R1 Sources; R2 E5 Licenses; BRIEF ID conventions","data/sources.yaml","","","",""
"source:boldrini-2018","node","Source","Source: Boldrini et al. 2018","","R1 Sources; R1 and R2 inline citations; KB file headers; BRIEF ID conventions","data/sources.yaml","","","",""
"source:brainfacts","node","Source","Source: BrainFacts.org","","R1 Sources; R2 E5 Licenses; BRIEF ID conventions","data/sources.yaml","","","",""
"source:brodmann-1909","node","Source","Source: Brodmann 1909","","R1 Sources; R2 E5 Licenses; BRIEF ID conventions","data/sources.yaml","","","",""
"source:brown-1911","node","Source","Source: Graham Brown 1911","","R1 Sources; R2 Sources; BRIEF ID conventions","data/sources.yaml","","","",""
"source:buck-axel-1991","node","Source","Source: Buck and Axel 1991","","R1 Sources; R1 and R2 inline citations; KB file headers; BRIEF ID conventions","data/sources.yaml","","","",""
"source:buckner-2008","node","Source","Source: Buckner, Andrews-Hanna and Schacter 2008","","R1 Sources; R2 Sources; BRIEF ID conventions","data/sources.yaml","","","",""
"source:buckner-2011","node","Source","Source: Buckner et al. 2011","","R1 Sources; R2 Sources; BRIEF ID conventions","data/sources.yaml","","","",""
"source:catani-2005","node","Source","Source: Catani et al. 2005","","R1 Sources; R2 Sources; BRIEF ID conventions","data/sources.yaml","","Volume and pages removed: not stated in the source material; steward may restore after checking.","",""
"source:catani-2012","node","Source","Source: Catani et al. 2012","","R1 Sources; R2 Sources; BRIEF ID conventions","data/sources.yaml","","","",""
"source:catani-2012-b","node","Source","Source: Atlas of Human Brain Connections","","R1 Sources; R2 Sources; BRIEF ID conventions","data/sources.yaml","","","",""
"source:cavanna-trimble-2006","node","Source","Source: Cavanna and Trimble 2006","","R1 Sources; R2 E5 Licenses; BRIEF ID conventions","data/sources.yaml","","","",""
"source:chabris-1999","node","Source","Source: Chabris 1999","","R1 §17a #5","data/sources.yaml","","","",""
"source:choi-2012","node","Source","Source: Choi et al. 2012","","R1 Sources; R2 Sources; BRIEF ID conventions","data/sources.yaml","","","",""
"source:corbetta-shulman-2002","node","Source","Source: Corbetta and Shulman 2002","","R1 Sources; R2 Sources; BRIEF ID conventions","data/sources.yaml","","","",""
"source:crick-1984","node","Source","Source: Crick 1984","","R1 Sources; R2 Sources; BRIEF ID conventions","data/sources.yaml","","","",""
"source:cui-2013","node","Source","Source: Cui et al. 2013","","R1 Sources; R2 Sources; BRIEF ID conventions","data/sources.yaml","","","",""
"source:dehaene-cohen-2011","node","Source","Source: Dehaene and Cohen 2011","","R1 Sources; R2 E5 Licenses; BRIEF ID conventions","data/sources.yaml","","","",""
"source:dejerine-1891","node","Source","Source: Dejerine 1891","","R1 §1.9 Angular gyrus","data/sources.yaml","","","",""
"source:delong-1990","node","Source","Source: DeLong 1990","","R1 Sources; R1 and R2 inline citations; KB file headers; BRIEF ID conventions","data/sources.yaml","","","",""
"source:desikan-2006","node","Source","Source: Desikan-Killiany atlas (Desikan et al. 2006)","","R1 Sources; R2 E5 Licenses; BRIEF ID conventions","data/sources.yaml","","","",""
"source:dougherty-2003","node","Source","Source: Dougherty et al. 2003","","R1 Sources; R2 E5 Licenses; BRIEF ID conventions","data/sources.yaml","","","",""
"source:dronkers-1996","node","Source","Source: Dronkers 1996","","R1 §1.6 Broca's area","data/sources.yaml","","","",""
"source:dronkers-2007","node","Source","Source: Dronkers et al. 2007","","R1 §1.6 Broca's area","data/sources.yaml","","","",""
"source:dumitru-2025","node","Source","Source: Dumitru et al. 2025","","R1 Sources; R1 and R2 inline citations; KB file headers; BRIEF ID conventions","data/sources.yaml","","","",""
"source:eriksson-1998","node","Source","Source: Eriksson et al. 1998","","R1 Sources; R1 and R2 inline citations; KB file headers; BRIEF ID conventions","data/sources.yaml","","","",""
"source:fedorenko-2010","node","Source","Source: Fedorenko et al. 2010","","R1 Sources; R2 Sources; BRIEF ID conventions","data/sources.yaml","","","",""
"source:fedorenko-2011","node","Source","Source: Fedorenko, Behr and Kanwisher 2011","","R1 Sources; R2 Sources; BRIEF ID conventions","data/sources.yaml","","","",""
"source:fedorenko-2012","node","Source","Source: Fedorenko et al. 2012","","R1 Sources; R2 Sources; BRIEF ID conventions","data/sources.yaml","","","",""
"source:feinstein-2011","node","Source","Source: Feinstein et al. 2011","","R1 §5 Hidden and deep structures","data/sources.yaml","","","",""
"source:feinstein-2013","node","Source","Source: Feinstein et al. 2013","","R2 B5 Amygdala fear circuit","data/sources.yaml","","","",""
"source:finger-origins","node","Source","Source: Finger, Origins of Neuroscience","","R1 §10 Sources","data/sources.yaml","","","",""
"source:fischl-dale-2000","node","Source","Source: Fischl and Dale 2000","","R1 Sources; R2 E5 Licenses; BRIEF ID conventions","data/sources.yaml","","Volume and pages removed: not stated in the source material; steward may restore after checking.","",""
"source:franjic-2022","node","Source","Source: Franjic et al. 2022","","R1 Sources; R1 and R2 inline citations; KB file headers; BRIEF ID conventions","data/sources.yaml","","","",""
"source:gerkin-castro-2015","node","Source","Source: Gerkin and Castro 2015","","R1 §8 Smell; R1 §17a #13","data/sources.yaml","","","",""
"source:ginhoux-2010","node","Source","Source: Ginhoux et al. 2010","","R1 Sources; R1 and R2 inline citations; KB file headers; BRIEF ID conventions","data/sources.yaml","","","",""
"source:glasser-2016","node","Source","Source: HCP-MMP1.0 (Glasser et al. 2016)","","R1 Sources; R2 E5 Licenses; BRIEF ID conventions","data/sources.yaml","","","",""
"source:gogtay-2004","node","Source","Source: Gogtay et al. 2004","","R1 §12 Adolescence and the PFC","data/sources.yaml","","","",""
"source:goodale-1992","node","Source","Source: Goodale and Milner 1992","","R1 §1.18 Visual association cortex","data/sources.yaml","","","",""
"source:gottfried-2010","node","Source","Source: Gottfried 2010","","R1 §1.15 Piriform cortex versus midbrain","data/sources.yaml","","","",""
"source:graham-brown-1911","node","Source","Source: Graham Brown 1911","","R2 B10","data/sources.yaml","","","",""
"source:greicius-2003","node","Source","Source: Greicius et al. 2003","","R1 Sources; R2 Sources; BRIEF ID conventions","data/sources.yaml","","","",""
"source:hafting-2005","node","Source","Source: Hafting et al. 2005","","R1 §5 Hidden and deep structures","data/sources.yaml","","","",""
"source:hickok-2007","node","Source","Source: Hickok and Poeppel 2007","","R1 §1.12 Superior temporal gyrus","data/sources.yaml","","","",""
"source:hodgkin-huxley-1952","node","Source","Source: Hodgkin and Huxley 1952","","R1 Sources; R1 and R2 inline citations; KB file headers; BRIEF ID conventions","data/sources.yaml","","","",""
"source:huttenlocher-dabholkar-1997","node","Source","Source: Huttenlocher and Dabholkar 1997","","R1 Sources; R1 and R2 inline citations; KB file headers; BRIEF ID conventions","data/sources.yaml","","","",""
"source:iannetti-2010","node","Source","Source: Iannetti and Mouraux 2010","","R1 §4 Function Index","data/sources.yaml","","","",""
"source:iliff-2012","node","Source","Source: Iliff et al. 2012","","R1 Sources; R1 and R2 inline citations; KB file headers; BRIEF ID conventions","data/sources.yaml","","","",""
"source:jensen-pakkenberg-1993","node","Source","Source: Jensen and Pakkenberg 1993","","R1 §17a #6","data/sources.yaml","","","",""
"source:kandel-pns","node","Source","Source: Principles of Neural Science","","R1 Sources; R2 E5 Licenses; BRIEF ID conventions","data/sources.yaml","","","",""
"source:kanwisher-1997","node","Source","Source: Kanwisher et al. 1997","","R1 §1.14 Fusiform gyrus","data/sources.yaml","","","",""
"source:kornhuber-1965","node","Source","Source: Kornhuber and Deecke 1965","","R1 §1.4 Supplementary motor area","data/sources.yaml","","","",""
"source:lambon-ralph-2017","node","Source","Source: Lambon Ralph 2017","","R1 §4 Function Index","data/sources.yaml","","","",""
"source:ledoux-pine-2016","node","Source","Source: LeDoux and Pine 2016","","R1 Sources; R2 Sources; BRIEF ID conventions","data/sources.yaml","","","",""
"source:lent-2012","node","Source","Source: Lent et al. 2012","","R1 Sources; R1 and R2 inline citations; KB file headers; BRIEF ID conventions","data/sources.yaml","","","",""
"source:loewi-1921","node","Source","Source: Loewi 1921","","R1 Sources; R1 and R2 inline citations; KB file headers; BRIEF ID conventions","data/sources.yaml","","","",""
"source:louis-2021","node","Source","Source: Louis et al. 2021 (WHO CNS5)","","R1 §15 Tumors","data/sources.yaml","","","",""
"source:macmillan-lena-2010","node","Source","Source: Macmillan and Lena 2010","","R1 §10 Phineas Gage; R1 §17a #12","data/sources.yaml","","","",""
"source:makris-2009","node","Source","Source: Makris et al. 2009","","R1 Sources; R2 Sources; BRIEF ID conventions","data/sources.yaml","","","",""
"source:markram-1997","node","Source","Source: Markram 1997","","R1 Sources; R1 and R2 inline citations; KB file headers; BRIEF ID conventions","data/sources.yaml","","","",""
"source:mcgill-neuropsych-day-2026","node","Source","Source: McGill Neuropsychology Day 2026","","R2 Part F Verification","data/sources.yaml","","","",""
"source:meister-2015","node","Source","Source: Meister 2015","","R1 §8 Smell; R1 §17a #13","data/sources.yaml","","","",""
"source:menon-uddin-2010","node","Source","Source: Menon and Uddin 2010","","R1 Sources; R2 Sources; BRIEF ID conventions","data/sources.yaml","","","",""
"source:miao-2024","node","Source","Source: Miao et al. 2024","","R1 Sources; R1 and R2 inline citations; KB file headers; BRIEF ID conventions","data/sources.yaml","","","",""
"source:mohr-1978","node","Source","Source: Mohr et al. 1978","","R1 §1.6 Broca's area (Damage)","data/sources.yaml","","","",""
"source:moreno-jimenez-2019","node","Source","Source: Moreno-Jimenez et al. 2019","","R1 Sources; R1 and R2 inline citations; KB file headers; BRIEF ID conventions","data/sources.yaml","","Volume and pages removed: not stated in the source material; steward may restore after checking.","",""
"source:moruzzi-magoun-1949","node","Source","Source: Moruzzi and Magoun 1949","","R1 Sources; R2 Sources; BRIEF ID conventions","data/sources.yaml","","","",""
"source:mousley-2025","node","Source","Source: Mousley et al. 2025","","R1 §12 Lifespan eras study","data/sources.yaml","","","",""
"source:nachev-2008","node","Source","Source: Nachev et al. 2008","","R1 §1.4 Supplementary motor area","data/sources.yaml","","","",""
"source:nielsen-2013","node","Source","Source: Nielsen et al. 2013","","R1 §17a #2","data/sources.yaml","","","",""
"source:nolte-human-brain","node","Source","Source: Nolte's The Human Brain","","R1 Sources; R2 E5 Licenses; BRIEF ID conventions","data/sources.yaml","","","",""
"source:norman-haignere-2015","node","Source","Source: Norman-Haignere et al. 2015","","R1 §4 Function Index","data/sources.yaml","","","",""
"source:okeefe-1971","node","Source","Source: O'Keefe and Dostrovsky 1971","","R1 §5 Hidden and deep structures","data/sources.yaml","","","",""
"source:olds-milner-1954","node","Source","Source: Olds and Milner 1954","","R1 Sources; R2 Sources; BRIEF ID conventions","data/sources.yaml","","","",""
"source:papez-1937","node","Source","Source: Papez 1937","","R2 B4 Papez circuit","data/sources.yaml","","","",""
"source:pashler-2008","node","Source","Source: Pashler et al. 2008","","R1 §17a #3","data/sources.yaml","","","",""
"source:penfield-1950","node","Source","Source: Penfield and Rasmussen 1950","","R1 §1.5 Primary motor cortex","data/sources.yaml","","","",""
"source:penfield-boldrey-1937","node","Source","Source: Penfield and Boldrey 1937","","R1 §3 The Homunculus","data/sources.yaml","","","",""
"source:pessoa-adolphs-2010","node","Source","Source: Pessoa and Adolphs 2010","","R1 Sources; R2 Sources; BRIEF ID conventions","data/sources.yaml","","","",""
"source:pietschnig-2010","node","Source","Source: Pietschnig et al. 2010","","R1 §17a #5","data/sources.yaml","","","",""
"source:pietschnig-2015","node","Source","Source: Pietschnig et al. 2015","","R1 §17a #4","data/sources.yaml","","","",""
"source:pons-1991","node","Source","Source: Pons et al. 1991","","R1 §3 The Homunculus","data/sources.yaml","","","",""
"source:purves-neuroscience","node","Source","Source: Neuroscience (Purves)","","R1 Sources; R2 E5 Licenses; BRIEF ID conventions","data/sources.yaml","","","",""
"source:qbi-brain-basics","node","Source","Source: QBI Brain Basics","","R1 Sources; R2 E5 Licenses; BRIEF ID conventions","data/sources.yaml","","","",""
"source:radiopaedia","node","Source","Source: Radiopaedia","","R1 Sources; R2 E5 Licenses; BRIEF ID conventions","data/sources.yaml","","","",""
"source:raichle-2001","node","Source","Source: Raichle et al. 2001","","R1 Sources; R2 Sources; BRIEF ID conventions","data/sources.yaml","","Volume and pages removed: not stated in the source material; steward may restore after checking.","",""
"source:raichle-gusnard-2002","node","Source","Source: Raichle and Gusnard 2002","","R1 Sources; R1 and R2 inline citations; KB file headers; BRIEF ID conventions","data/sources.yaml","","","",""
"source:rankin-2009","node","Source","Source: Rankin et al. 2009","","R1 §1.12 Superior temporal gyrus","data/sources.yaml","","","",""
"source:rauscher-1993","node","Source","Source: Rauscher et al. 1993","","R1 §17a #5","data/sources.yaml","","","",""
"source:ross-1981","node","Source","Source: Ross 1981","","R1 §1.12 Superior temporal gyrus","data/sources.yaml","","","",""
"source:sanai-2011","node","Source","Source: Sanai 2011","","R1 Sources; R1 and R2 inline citations; KB file headers; BRIEF ID conventions","data/sources.yaml","","","",""
"source:saxe-2003","node","Source","Source: Saxe and Kanwisher 2003","","R1 §1.12 Superior temporal gyrus","data/sources.yaml","","","",""
"source:schaefer-2018","node","Source","Source: Schaefer et al. 2018","","R1 Sources; R2 Sources; BRIEF ID conventions","data/sources.yaml","","","",""
"source:schmahmann-pandya-2006","node","Source","Source: Fiber Pathways of the Brain","","R1 Sources; R2 Sources; BRIEF ID conventions","data/sources.yaml","","","",""
"source:schmahmann-sherman-1998","node","Source","Source: Schmahmann and Sherman 1998","","R1 §1.19 Cerebellum; R1 §17a #9","data/sources.yaml","","","",""
"source:schultz-1997","node","Source","Source: Schultz et al. 1997","","R2 B6","data/sources.yaml","","","",""
"source:scoville-milner-1957","node","Source","Source: Scoville and Milner 1957","","R1 §5 Hidden and deep structures","data/sources.yaml","","Volume and pages removed: not stated in the source material; steward may restore after checking.","",""
"source:seeley-2007","node","Source","Source: Seeley et al. 2007","","R1 Sources; R2 Sources; BRIEF ID conventions","data/sources.yaml","","","",""
"source:seghier-2013","node","Source","Source: Seghier 2013","","R1 §1.9 Angular gyrus","data/sources.yaml","","","",""
"source:seltzer-pandya-1984","node","Source","Source: Seltzer and Pandya 1984","","R1 Sources; R2 Sources; BRIEF ID conventions","data/sources.yaml","","","",""
"source:shamay-tsoory-2005","node","Source","Source: Shamay-Tsoory et al. 2005","","R1 §1.12 Superior temporal gyrus","data/sources.yaml","","","",""
"source:shulman-1997","node","Source","Source: Shulman et al. 1997","","R1 Sources; R2 Sources; BRIEF ID conventions","data/sources.yaml","","","",""
"source:simons-2016","node","Source","Source: Simons et al. 2016","","R1 §17a #17","data/sources.yaml","","","",""
"source:smith-1991","node","Source","Source: Smith et al. 1991","","R1 §1.20 Brainstem","data/sources.yaml","","","",""
"source:somerville-2016","node","Source","Source: Somerville 2016","","R1 §12 Adolescence and the PFC","data/sources.yaml","","","",""
"source:sorrells-2018","node","Source","Source: Sorrells et al. 2018","","R1 Sources; R1 and R2 inline citations; KB file headers; BRIEF ID conventions","data/sources.yaml","","Volume and pages removed: not stated in the source material; steward may restore after checking.","",""
"source:spalding-2013","node","Source","Source: Spalding et al. 2013","","R1 Sources; R1 and R2 inline citations; KB file headers; BRIEF ID conventions","data/sources.yaml","","","",""
"source:statpearls","node","Source","Source: StatPearls","","R1 Sources; R2 E5 Licenses; BRIEF ID conventions","data/sources.yaml","","","",""
"source:thiebaut-de-schotten-2011","node","Source","Source: Thiebaut de Schotten et al. 2011","","R1 Sources; R2 Sources; BRIEF ID conventions","data/sources.yaml","","","",""
"source:tomasch-1954","node","Source","Source: Tomasch 1954","","R1 Sources; R2 Sources; BRIEF ID conventions","data/sources.yaml","","","",""
"source:tremblay-dick-2016","node","Source","Source: Tremblay and Dick 2016","","R1 §1.13 Wernicke's area","data/sources.yaml","","","",""
"source:uberon-ontology","node","Source","Source: Uberon anatomy ontology","","R1 Sources; R2 E5 Licenses; BRIEF ID conventions","data/sources.yaml","","","",""
"source:vincent-2008","node","Source","Source: Vincent et al. 2008","","R1 Sources; R2 Sources; BRIEF ID conventions","data/sources.yaml","","","",""
"source:vogt-2005","node","Source","Source: Vogt 2005","","R1 §1.16 Cingulate cortex","data/sources.yaml","","","",""
"source:von-bartheld-2016","node","Source","Source: von Bartheld et al. 2016","","R1 Sources; R1 and R2 inline citations; KB file headers; BRIEF ID conventions","data/sources.yaml","","","",""
"source:who-epilepsy","node","Source","Source: WHO epilepsy fact sheet","","R1 §16 Epilepsy","data/sources.yaml","","","",""
"source:wolf-2006","node","Source","Source: Wolf et al. 2006 (EXCITE)","","R1 §14 Rehabilitation and plasticity","data/sources.yaml","","","",""
"source:wso-global-stroke-2025","node","Source","Source: WSO Global Stroke Fact Sheet 2025","","R1 §14 Stroke (Types); R1 Sources [54]","data/sources.yaml","","","",""
"source:xie-2013","node","Source","Source: Xie et al. 2013","","R1 Sources; R1 and R2 inline citations; KB file headers; BRIEF ID conventions","data/sources.yaml","","","",""
"source:yeo-2011","node","Source","Source: Yeo et al. 2011","","R1 Sources; R2 Sources; BRIEF ID conventions","data/sources.yaml","","Volume and pages removed: not stated in the source material; steward may restore after checking.","",""
"source:zihl-1983","node","Source","Source: Zihl et al. 1983","","R1 §1.18 Visual association cortex","data/sources.yaml","","","",""
"assert:autonomic-nervous-system--part-of--peripheral-nervous-system","assertion","PART_OF","Autonomic Nervous System PART_OF Peripheral Nervous System","source:kandel-pns; source:purves-neuroscience; source:nolte-human-brain; source:qbi-brain-basics","KB anatomy/peripheral_nervous_system.md (Autonomic division)","data/anatomy.yaml","","","",""
"assert:spinal-cord--part-of--central-nervous-system","assertion","PART_OF","Spinal Cord PART_OF Central Nervous System","source:kandel-pns; source:purves-neuroscience; source:nolte-human-brain; source:qbi-brain-basics","KB anatomy/central_nervous_system.md; KB anatomy/spinal_cord.md","data/anatomy.yaml","","","",""
"assert:retina--part-of--central-nervous-system","assertion","PART_OF","Retina PART_OF Central Nervous System","source:kandel-pns; source:purves-neuroscience; source:nolte-human-brain; source:qbi-brain-basics","KB anatomy/central_nervous_system.md (Edge cases)","data/anatomy.yaml","","","",""
"assert:optic-nerve--part-of--central-nervous-system","assertion","PART_OF","Optic Nerve PART_OF Central Nervous System","source:kandel-pns; source:purves-neuroscience; source:nolte-human-brain; source:qbi-brain-basics","KB anatomy/central_nervous_system.md (Edge cases); KB anatomy/peripheral_nervous_system.md (Careful with)","data/anatomy.yaml","","","",""
"assert:vagus-nerve--part-of--peripheral-nervous-system","assertion","PART_OF","Vagus Nerve PART_OF Peripheral Nervous System","source:kandel-pns; source:purves-neuroscience; source:nolte-human-brain; source:qbi-brain-basics","KB anatomy/peripheral_nervous_system.md (Common questions)","data/anatomy.yaml","","","",""
"assert:forebrain--part-of--central-nervous-system","assertion","PART_OF","Forebrain PART_OF Central Nervous System","source:kandel-pns; source:purves-neuroscience; source:nolte-human-brain; source:qbi-brain-basics","KB anatomy/central_nervous_system.md (Developmental divisions)","data/anatomy.yaml","","","",""
"assert:hindbrain--part-of--central-nervous-system","assertion","PART_OF","Hindbrain PART_OF Central Nervous System","source:kandel-pns; source:purves-neuroscience; source:nolte-human-brain; source:qbi-brain-basics","KB anatomy/central_nervous_system.md (Developmental divisions)","data/anatomy.yaml","","","",""
"assert:cerebrum--part-of--forebrain","assertion","PART_OF","Cerebrum PART_OF Forebrain","source:kandel-pns; source:purves-neuroscience; source:nolte-human-brain; source:qbi-brain-basics","KB anatomy/forebrain.md","data/anatomy.yaml","","","",""
"assert:diencephalon--part-of--forebrain","assertion","PART_OF","Diencephalon PART_OF Forebrain","source:kandel-pns; source:purves-neuroscience; source:nolte-human-brain; source:qbi-brain-basics","KB anatomy/forebrain.md; KB anatomy/central_nervous_system.md","data/anatomy.yaml","","","",""
"assert:cerebral-cortex--part-of--cerebrum","assertion","PART_OF","Cerebral Cortex PART_OF Cerebrum","source:kandel-pns; source:purves-neuroscience; source:nolte-human-brain; source:qbi-brain-basics","KB anatomy/forebrain.md","data/anatomy.yaml","","","",""
"assert:basal-ganglia--part-of--forebrain","assertion","PART_OF","Basal Ganglia PART_OF Forebrain","source:kandel-pns; source:purves-neuroscience; source:nolte-human-brain; source:qbi-brain-basics","KB anatomy/forebrain.md (Key parts)","data/anatomy.yaml","","","",""
"assert:olfactory-bulb--part-of--forebrain","assertion","PART_OF","Olfactory Bulb PART_OF Forebrain","source:kandel-pns; source:purves-neuroscience; source:nolte-human-brain; source:qbi-brain-basics","KB anatomy/forebrain.md (Also forebrain); R1 §6 Cranial nerves (row I)","data/anatomy.yaml","","","",""
"assert:midbrain--part-of--region-20","assertion","PART_OF","Midbrain PART_OF region:20","source:kandel-pns; source:purves-neuroscience; source:blumenfeld-neuroanatomy; source:nolte-human-brain","R1 §1.15b Midbrain; R1 §17c Glossary (Brainstem); KB anatomy/hindbrain.md","data/anatomy.yaml","","","",""
"assert:pons--part-of--region-20","assertion","PART_OF","Pons PART_OF region:20","source:blumenfeld-neuroanatomy; source:kandel-pns; source:nolte-human-brain","R1 §1.20 Brainstem; R1 §17c Glossary (Brainstem); KB anatomy/hindbrain.md","data/anatomy.yaml","","","",""
"assert:medulla-oblongata--part-of--region-20","assertion","PART_OF","Medulla Oblongata PART_OF region:20","source:blumenfeld-neuroanatomy; source:kandel-pns; source:nolte-human-brain","R1 §1.20 Brainstem; R1 §17c Glossary (Brainstem); KB anatomy/hindbrain.md","data/anatomy.yaml","","","",""
"assert:pons--part-of--hindbrain","assertion","PART_OF","Pons PART_OF Hindbrain","source:kandel-pns; source:purves-neuroscience; source:nolte-human-brain; source:qbi-brain-basics","KB anatomy/hindbrain.md","data/anatomy.yaml","","","",""
"assert:medulla-oblongata--part-of--hindbrain","assertion","PART_OF","Medulla Oblongata PART_OF Hindbrain","source:kandel-pns; source:purves-neuroscience; source:nolte-human-brain; source:qbi-brain-basics","KB anatomy/hindbrain.md","data/anatomy.yaml","","","",""
"assert:thalamus--part-of--diencephalon","assertion","PART_OF","Thalamus PART_OF Diencephalon","source:kandel-pns; source:purves-neuroscience; source:nolte-human-brain; source:qbi-brain-basics","KB anatomy/forebrain.md","data/anatomy.yaml","","","",""
"assert:hypothalamus--part-of--diencephalon","assertion","PART_OF","Hypothalamus PART_OF Diencephalon","source:kandel-pns; source:purves-neuroscience; source:nolte-human-brain; source:qbi-brain-basics","KB anatomy/forebrain.md","data/anatomy.yaml","","","",""
"assert:pineal-gland--part-of--diencephalon","assertion","PART_OF","Pineal Gland PART_OF Diencephalon","source:kandel-pns; source:purves-neuroscience; source:nolte-human-brain; source:qbi-brain-basics","KB anatomy/forebrain.md","data/anatomy.yaml","","","",""
"assert:dorsolateral-prefrontal-cortex--part-of--region-1","assertion","PART_OF","Dorsolateral Prefrontal Cortex PART_OF region:1","source:kandel-pns; source:blumenfeld-neuroanatomy; source:purves-neuroscience","R1 §1.1 Prefrontal cortex (Subregions)","data/anatomy.yaml","","","",""
"assert:ventromedial-prefrontal-cortex--part-of--region-1","assertion","PART_OF","Ventromedial Prefrontal Cortex PART_OF region:1","source:kandel-pns; source:blumenfeld-neuroanatomy; source:purves-neuroscience","R1 §1.1 Prefrontal cortex (Subregions)","data/anatomy.yaml","","","",""
"assert:ventrolateral-prefrontal-cortex--part-of--region-1","assertion","PART_OF","Ventrolateral Prefrontal Cortex PART_OF region:1","source:kandel-pns; source:blumenfeld-neuroanatomy; source:purves-neuroscience","R1 §1.1 Prefrontal cortex (Subregions)","data/anatomy.yaml","","","",""
"assert:dorsomedial-prefrontal-cortex--part-of--region-1","assertion","PART_OF","Dorsomedial Prefrontal Cortex PART_OF region:1","source:kandel-pns; source:blumenfeld-neuroanatomy; source:purves-neuroscience","R1 §1.1 Prefrontal cortex (Subregions)","data/anatomy.yaml","","","",""
"assert:frontopolar-cortex--part-of--region-1","assertion","PART_OF","Frontopolar Cortex PART_OF region:1","source:kandel-pns; source:blumenfeld-neuroanatomy; source:purves-neuroscience","R1 §1.1 Prefrontal cortex (Subregions)","data/anatomy.yaml","","","",""
"assert:gyrus-rectus--part-of--region-2","assertion","PART_OF","Gyrus Rectus PART_OF region:2","source:kandel-pns; source:purves-neuroscience","R1 §1.2 Orbitofrontal cortex (Subregions)","data/anatomy.yaml","","","",""
"assert:dorsal-premotor-cortex--part-of--region-3","assertion","PART_OF","Dorsal Premotor Cortex PART_OF region:3","source:kandel-pns; source:purves-neuroscience","R1 §1.3 Premotor cortex (Subregions)","data/anatomy.yaml","","","",""
"assert:ventral-premotor-cortex--part-of--region-3","assertion","PART_OF","Ventral Premotor Cortex PART_OF region:3","source:kandel-pns; source:purves-neuroscience","R1 §1.3 Premotor cortex (Subregions)","data/anatomy.yaml","","","",""
"assert:frontal-eye-field--part-of--region-3","assertion","PART_OF","Frontal Eye Field PART_OF region:3 (confidence: approximate)","source:kandel-pns; source:purves-neuroscience","R1 §1.3 Premotor cortex (Subregions); R2 B1 (frontal eye fields within 1 and 3)","data/anatomy.yaml","","","",""
"assert:frontal-eye-field--part-of--region-1","assertion","PART_OF","Frontal Eye Field PART_OF region:1 (confidence: approximate)","source:kandel-pns; source:purves-neuroscience","R2 B1 Cortico-basal ganglia loops (frontal eye fields within 1 and 3); R2 E1 row 1 (HCP FEF)","data/anatomy.yaml","","","",""
"assert:pre-supplementary-motor-area--part-of--region-4","assertion","PART_OF","Pre-Supplementary Motor Area PART_OF region:4","source:kandel-pns; source:blumenfeld-neuroanatomy; source:nachev-2008","R1 §1.4 Supplementary motor area (Subregions)","data/anatomy.yaml","","","",""
"assert:precentral-gyrus--part-of--region-5","assertion","PART_OF","Precentral Gyrus PART_OF region:5 (confidence: approximate)","source:kandel-pns; source:purves-neuroscience; source:nolte-human-brain","R1 §1.5 Primary motor cortex (What); KB anatomy/gyri_and_sulci.md (Landmark folds: precentral gyrus, region 5)","data/anatomy.yaml","","","",""
"assert:postcentral-gyrus--part-of--region-7","assertion","PART_OF","Postcentral Gyrus PART_OF region:7","source:kandel-pns; source:purves-neuroscience; source:nolte-human-brain","R1 §1.7 Primary somatosensory cortex (What); KB anatomy/gyri_and_sulci.md (Landmark folds: postcentral gyrus, region 7)","data/anatomy.yaml","","","",""
"assert:pars-opercularis--part-of--region-6","assertion","PART_OF","Pars Opercularis PART_OF region:6","source:blumenfeld-neuroanatomy","R1 §1.6 Broca's area (What)","data/anatomy.yaml","","Region 6 is left-only; the right pars opercularis is not part of a painted Broca's area.","",""
"assert:pars-triangularis--part-of--region-6","assertion","PART_OF","Pars Triangularis PART_OF region:6","source:blumenfeld-neuroanatomy","R1 §1.6 Broca's area (What)","data/anatomy.yaml","","Region 6 is left-only; the right pars triangularis is not part of a painted Broca's area.","",""
"assert:pars-opercularis--part-of--inferior-frontal-gyrus","assertion","PART_OF","Pars Opercularis PART_OF Inferior Frontal Gyrus","source:blumenfeld-neuroanatomy","R1 §1.6 Broca's area (What)","data/anatomy.yaml","","","",""
"assert:pars-triangularis--part-of--inferior-frontal-gyrus","assertion","PART_OF","Pars Triangularis PART_OF Inferior Frontal Gyrus","source:blumenfeld-neuroanatomy","R1 §1.6 Broca's area (What)","data/anatomy.yaml","","","",""
"assert:superior-parietal-lobule--part-of--region-8","assertion","PART_OF","Superior Parietal Lobule PART_OF region:8","source:kandel-pns; source:blumenfeld-neuroanatomy","R1 §1.8 Superior parietal lobule; repo canon region table (region 8 painted territory)","data/anatomy.yaml","","Reports call region 8 'superior parietal lobule'; canon region 8 is Somatosensory Association Cortex covering the SPL plus the supramarginal gyrus.","",""
"assert:supramarginal-gyrus--part-of--region-8","assertion","PART_OF","Supramarginal Gyrus PART_OF region:8","source:kandel-pns; source:blumenfeld-neuroanatomy","R1 §1.9 Angular gyrus (supramarginal gyrus, BA 40); repo canon region table (region 8 painted territory)","data/anatomy.yaml","","Painted-territory mapping comes from repo canon, not from a cited work; the cited textbooks support the gyrus's anatomy only.","",""
"assert:planum-temporale--part-of--region-12","assertion","PART_OF","Planum Temporale PART_OF region:12","source:kandel-pns","R1 §1.12 Superior temporal gyrus (What)","data/anatomy.yaml","","","",""
"assert:inferior-temporal-gyrus--part-of--region-14","assertion","PART_OF","Inferior Temporal Gyrus PART_OF region:14 (confidence: approximate)","source:purves-neuroscience","R1 §1.13 Wernicke's area (inferior temporal regions); R1 §1.18 (inferotemporal cortex); repo canon region table (region 14 Inferior Temporal Cortex)","data/anatomy.yaml","","Mapping follows the canon region name; R1 does not describe the inferior temporal gyrus separately.","",""
"assert:fusiform-gyrus--part-of--region-14","assertion","PART_OF","Fusiform Gyrus PART_OF region:14","source:purves-neuroscience","R1 §1.14 Fusiform gyrus (What); repo canon region table (fusiform is the underside of region 14)","data/anatomy.yaml","","","",""
"assert:fusiform-face-area--part-of--fusiform-gyrus","assertion","PART_OF","Fusiform Face Area PART_OF Fusiform Gyrus","source:kanwisher-1997","R1 §1.14 Fusiform gyrus (Named areas)","data/anatomy.yaml","","","",""
"assert:visual-word-form-area--part-of--fusiform-gyrus","assertion","PART_OF","Visual Word Form Area PART_OF Fusiform Gyrus","source:dehaene-cohen-2011","R1 §1.14 Fusiform gyrus (Named areas: left occipitotemporal sulcus and lateral fusiform)","data/anatomy.yaml","","","",""
"assert:anterior-cingulate-cortex--part-of--region-16","assertion","PART_OF","Anterior Cingulate Cortex PART_OF region:16","source:vogt-2005; source:kandel-pns; source:blumenfeld-neuroanatomy","R1 §1.16 Cingulate cortex (Vogt's model)","data/anatomy.yaml","","","",""
"assert:midcingulate-cortex--part-of--region-16","assertion","PART_OF","Midcingulate Cortex PART_OF region:16","source:vogt-2005; source:kandel-pns; source:blumenfeld-neuroanatomy","R1 §1.16 Cingulate cortex (Vogt's model)","data/anatomy.yaml","","","",""
"assert:posterior-cingulate-cortex--part-of--region-16","assertion","PART_OF","Posterior Cingulate Cortex PART_OF region:16","source:vogt-2005; source:kandel-pns; source:blumenfeld-neuroanatomy","R1 §1.16 Cingulate cortex (Vogt's model)","data/anatomy.yaml","","","",""
"assert:retrosplenial-cortex--part-of--region-16","assertion","PART_OF","Retrosplenial Cortex PART_OF region:16","source:vogt-2005; source:kandel-pns; source:blumenfeld-neuroanatomy","R1 §1.16 Cingulate cortex (Vogt's model)","data/anatomy.yaml","","","",""
"assert:subgenual-anterior-cingulate-cortex--part-of--anterior-cingulate-cortex","assertion","PART_OF","Subgenual Anterior Cingulate Cortex PART_OF Anterior Cingulate Cortex","source:vogt-2005","R1 §1.16 Cingulate cortex (Anterior cingulate: subgenual 25)","data/anatomy.yaml","","","",""
"assert:stria-of-gennari--part-of--region-17","assertion","PART_OF","Stria of Gennari PART_OF region:17","source:kandel-pns; source:purves-neuroscience; source:nolte-human-brain","R1 §1.17 Primary visual cortex (What); R2 C2 (Region 17)","data/anatomy.yaml","","","",""
"assert:area-v2--part-of--region-18","assertion","PART_OF","Area V2 PART_OF region:18","source:kandel-pns","R1 §1.18 Visual association cortex (Areas)","data/anatomy.yaml","","","",""
"assert:area-v3--part-of--region-18","assertion","PART_OF","Area V3 PART_OF region:18","source:kandel-pns","R1 §1.18 Visual association cortex (Areas)","data/anatomy.yaml","","","",""
"assert:area-v4--part-of--region-18","assertion","PART_OF","Area V4 PART_OF region:18","source:kandel-pns","R1 §1.18 Visual association cortex (Areas)","data/anatomy.yaml","","","",""
"assert:area-v5-mt--part-of--region-18","assertion","PART_OF","Area V5/MT PART_OF region:18","source:kandel-pns","R1 §1.18 Visual association cortex (Areas)","data/anatomy.yaml","","","",""
"assert:anterior-insula--part-of--insula","assertion","PART_OF","Anterior Insula PART_OF Insula","source:kandel-pns; source:purves-neuroscience; source:blumenfeld-neuroanatomy","R1 §5 Hidden and deep structures (Insula)","data/anatomy.yaml","","","",""
"assert:parahippocampal-gyrus--part-of--limbic-system","assertion","PART_OF","Parahippocampal Gyrus PART_OF Limbic System","source:kandel-pns; source:purves-neuroscience; source:nolte-human-brain; source:qbi-brain-basics","KB anatomy/limbic_system.md (Also included)","data/anatomy.yaml","","","",""
"assert:hippocampus--part-of--limbic-system","assertion","PART_OF","Hippocampus PART_OF Limbic System","source:kandel-pns; source:purves-neuroscience; source:nolte-human-brain; source:qbi-brain-basics","KB anatomy/limbic_system.md (Key parts)","data/anatomy.yaml","","","",""
"assert:amygdala--part-of--limbic-system","assertion","PART_OF","Amygdala PART_OF Limbic System","source:kandel-pns; source:purves-neuroscience; source:nolte-human-brain; source:qbi-brain-basics","KB anatomy/limbic_system.md (Key parts)","data/anatomy.yaml","","","",""
"assert:mammillary-bodies--part-of--limbic-system","assertion","PART_OF","Mammillary Bodies PART_OF Limbic System","source:kandel-pns; source:purves-neuroscience; source:nolte-human-brain; source:qbi-brain-basics","KB anatomy/limbic_system.md (Also included)","data/anatomy.yaml","","","",""
"assert:septal-nuclei--part-of--limbic-system","assertion","PART_OF","Septal Nuclei PART_OF Limbic System","source:kandel-pns; source:purves-neuroscience; source:nolte-human-brain; source:qbi-brain-basics","KB anatomy/limbic_system.md (Also included)","data/anatomy.yaml","","","",""
"assert:hypothalamus--part-of--limbic-system","assertion","PART_OF","Hypothalamus PART_OF Limbic System","source:kandel-pns; source:purves-neuroscience; source:nolte-human-brain; source:qbi-brain-basics","KB anatomy/limbic_system.md (Also included)","data/anatomy.yaml","","","",""
"assert:dentate-gyrus--part-of--hippocampus","assertion","PART_OF","Dentate Gyrus PART_OF Hippocampus","source:kandel-pns; source:purves-neuroscience; source:qbi-brain-basics","KB physiology/neurogenesis.md (dentate gyrus of the hippocampus); R2 B8","data/anatomy.yaml","","","",""
"assert:ca3--part-of--hippocampus","assertion","PART_OF","Hippocampal CA3 PART_OF Hippocampus","source:kandel-pns","R2 B8 Hippocampal trisynaptic circuit","data/anatomy.yaml","","","",""
"assert:ca1--part-of--hippocampus","assertion","PART_OF","Hippocampal CA1 PART_OF Hippocampus","source:kandel-pns","R2 B8 Hippocampal trisynaptic circuit","data/anatomy.yaml","","","",""
"assert:cerebellar-vermis--part-of--region-19","assertion","PART_OF","Cerebellar Vermis PART_OF region:19","source:kandel-pns; source:qbi-brain-basics","R1 §1.19 Cerebellum (Anatomy); KB anatomy/hindbrain.md","data/anatomy.yaml","","","",""
"assert:flocculonodular-lobe--part-of--region-19","assertion","PART_OF","Flocculonodular Lobe PART_OF region:19","source:kandel-pns; source:qbi-brain-basics","R1 §1.19 Cerebellum (Anatomy); KB anatomy/hindbrain.md","data/anatomy.yaml","","","",""
"assert:deep-cerebellar-nuclei--part-of--region-19","assertion","PART_OF","Deep Cerebellar Nuclei PART_OF region:19","source:kandel-pns; source:qbi-brain-basics","R1 §1.19 Cerebellum (Anatomy); KB anatomy/hindbrain.md","data/anatomy.yaml","","","",""
"assert:arbor-vitae--part-of--region-19","assertion","PART_OF","Arbor Vitae PART_OF region:19","source:kandel-pns; source:qbi-brain-basics","R1 §1.19 Cerebellum (Visibility); KB anatomy/hindbrain.md","data/anatomy.yaml","","","",""
"assert:cerebellar-molecular-layer--part-of--region-19","assertion","PART_OF","Cerebellar Molecular Layer PART_OF region:19","source:kandel-pns","R1 §1.19 Cerebellum (Anatomy: cortical layers)","data/anatomy.yaml","","","",""
"assert:purkinje-cell-layer--part-of--region-19","assertion","PART_OF","Purkinje Cell Layer PART_OF region:19","source:kandel-pns","R1 §1.19 Cerebellum (Anatomy: cortical layers)","data/anatomy.yaml","","","",""
"assert:cerebellar-granular-layer--part-of--region-19","assertion","PART_OF","Cerebellar Granular Layer PART_OF region:19","source:kandel-pns","R1 §1.19 Cerebellum (Anatomy: cortical layers)","data/anatomy.yaml","","","",""
"assert:dentate-nucleus--part-of--deep-cerebellar-nuclei","assertion","PART_OF","Dentate Nucleus PART_OF Deep Cerebellar Nuclei","source:kandel-pns; source:qbi-brain-basics","R1 §1.19 Cerebellum (Anatomy: deep nuclei); KB anatomy/hindbrain.md","data/anatomy.yaml","","","",""
"assert:interposed-nucleus--part-of--deep-cerebellar-nuclei","assertion","PART_OF","Interposed Nucleus PART_OF Deep Cerebellar Nuclei","source:kandel-pns; source:qbi-brain-basics","R1 §1.19 Cerebellum (Anatomy: deep nuclei); KB anatomy/hindbrain.md","data/anatomy.yaml","","","",""
"assert:fastigial-nucleus--part-of--deep-cerebellar-nuclei","assertion","PART_OF","Fastigial Nucleus PART_OF Deep Cerebellar Nuclei","source:kandel-pns; source:qbi-brain-basics","R1 §1.19 Cerebellum (Anatomy: deep nuclei); KB anatomy/hindbrain.md","data/anatomy.yaml","","","",""
"assert:lateral-geniculate-nucleus--part-of--thalamus","assertion","PART_OF","Lateral Geniculate Nucleus PART_OF Thalamus","source:kandel-pns; source:purves-neuroscience; source:blumenfeld-neuroanatomy","R1 §5 Hidden and deep structures (Thalamus: relay nuclei)","data/anatomy.yaml","","","",""
"assert:medial-geniculate-nucleus--part-of--thalamus","assertion","PART_OF","Medial Geniculate Nucleus PART_OF Thalamus","source:kandel-pns; source:purves-neuroscience; source:blumenfeld-neuroanatomy","R1 §5 Hidden and deep structures (Thalamus: relay nuclei)","data/anatomy.yaml","","","",""
"assert:ventral-posterolateral-nucleus--part-of--thalamus","assertion","PART_OF","Ventral Posterolateral Nucleus PART_OF Thalamus","source:kandel-pns; source:purves-neuroscience; source:blumenfeld-neuroanatomy","R1 §5 Hidden and deep structures (Thalamus: relay nuclei)","data/anatomy.yaml","","","",""
"assert:ventral-posteromedial-nucleus--part-of--thalamus","assertion","PART_OF","Ventral Posteromedial Nucleus PART_OF Thalamus","source:kandel-pns; source:purves-neuroscience; source:blumenfeld-neuroanatomy","R1 §5 Hidden and deep structures (Thalamus: relay nuclei)","data/anatomy.yaml","","","",""
"assert:ventral-anterior-nucleus--part-of--thalamus","assertion","PART_OF","Ventral Anterior Nucleus PART_OF Thalamus","source:kandel-pns; source:purves-neuroscience; source:blumenfeld-neuroanatomy","R1 §5 Hidden and deep structures (Thalamus: relay nuclei)","data/anatomy.yaml","","","",""
"assert:ventral-lateral-nucleus--part-of--thalamus","assertion","PART_OF","Ventral Lateral Nucleus PART_OF Thalamus","source:kandel-pns; source:purves-neuroscience; source:blumenfeld-neuroanatomy","R1 §5 Hidden and deep structures (Thalamus: relay nuclei)","data/anatomy.yaml","","","",""
"assert:anterior-thalamic-nucleus--part-of--thalamus","assertion","PART_OF","Anterior Thalamic Nucleus PART_OF Thalamus","source:kandel-pns; source:purves-neuroscience; source:blumenfeld-neuroanatomy","R1 §5 Hidden and deep structures (Thalamus: relay nuclei)","data/anatomy.yaml","","","",""
"assert:mediodorsal-nucleus--part-of--thalamus","assertion","PART_OF","Mediodorsal Nucleus PART_OF Thalamus","source:kandel-pns; source:purves-neuroscience; source:blumenfeld-neuroanatomy","R1 §5 Hidden and deep structures (Thalamus: relay nuclei)","data/anatomy.yaml","","","",""
"assert:pulvinar--part-of--thalamus","assertion","PART_OF","Pulvinar PART_OF Thalamus","source:kandel-pns; source:purves-neuroscience; source:blumenfeld-neuroanatomy","R1 §5 Hidden and deep structures (Thalamus: relay nuclei)","data/anatomy.yaml","","","",""
"assert:thalamic-reticular-nucleus--part-of--thalamus","assertion","PART_OF","Thalamic Reticular Nucleus PART_OF Thalamus","source:kandel-pns; source:purves-neuroscience; source:blumenfeld-neuroanatomy","R1 §5 Hidden and deep structures (Thalamus: relay nuclei)","data/anatomy.yaml","","","",""
"assert:intralaminar-nuclei--part-of--thalamus","assertion","PART_OF","Intralaminar Nuclei PART_OF Thalamus","source:kandel-pns; source:purves-neuroscience","R1 §4 Function index (Consciousness: thalamus, intralaminar nuclei)","data/anatomy.yaml","","","",""
"assert:suprachiasmatic-nucleus--part-of--hypothalamus","assertion","PART_OF","Suprachiasmatic Nucleus PART_OF Hypothalamus","source:kandel-pns; source:purves-neuroscience; source:blumenfeld-neuroanatomy; source:qbi-brain-basics","R1 §5 Hidden and deep structures (Hypothalamus); KB anatomy/forebrain.md (Circadian control)","data/anatomy.yaml","","","",""
"assert:ventrolateral-preoptic-nucleus--part-of--hypothalamus","assertion","PART_OF","Ventrolateral Preoptic Nucleus PART_OF Hypothalamus","source:kandel-pns; source:purves-neuroscience","R1 §4 Function index (Sleep and wakefulness: hypothalamus, VLPO)","data/anatomy.yaml","","","",""
"assert:hypothalamic-arcuate-nucleus--part-of--hypothalamus","assertion","PART_OF","Arcuate Nucleus of the Hypothalamus PART_OF Hypothalamus","source:kandel-pns; source:purves-neuroscience","R1 §4 Function index (Hunger and thirst)","data/anatomy.yaml","","","",""
"assert:lateral-hypothalamus--part-of--hypothalamus","assertion","PART_OF","Lateral Hypothalamus PART_OF Hypothalamus","source:kandel-pns; source:purves-neuroscience","R1 §4 Function index (Hunger and thirst)","data/anatomy.yaml","","","",""
"assert:paraventricular-nucleus--part-of--hypothalamus","assertion","PART_OF","Paraventricular Nucleus PART_OF Hypothalamus","source:kandel-pns; source:purves-neuroscience","R1 §4 Function index (Hunger and thirst); R2 B13 HPA stress axis","data/anatomy.yaml","","","",""
"assert:preoptic-area--part-of--hypothalamus","assertion","PART_OF","Preoptic Area PART_OF Hypothalamus","source:kandel-pns; source:purves-neuroscience","R1 §4 Function index (Body temperature)","data/anatomy.yaml","","","",""
"assert:tuberomammillary-nucleus--part-of--hypothalamus","assertion","PART_OF","Tuberomammillary Nucleus PART_OF Hypothalamus","source:kandel-pns; source:purves-neuroscience","R2 B11 Ascending arousal system; KB physiology/neurotransmitters.md (Histamine: from the hypothalamus)","data/anatomy.yaml","","","",""
"assert:striatum--part-of--basal-ganglia","assertion","PART_OF","Striatum PART_OF Basal Ganglia","source:kandel-pns; source:purves-neuroscience; source:blumenfeld-neuroanatomy","R1 §5 Hidden and deep structures (Basal ganglia)","data/anatomy.yaml","","","",""
"assert:caudate-nucleus--part-of--striatum","assertion","PART_OF","Caudate Nucleus PART_OF Striatum","source:kandel-pns; source:purves-neuroscience; source:blumenfeld-neuroanatomy","R1 §5 Hidden and deep structures (Basal ganglia)","data/anatomy.yaml","","","",""
"assert:putamen--part-of--striatum","assertion","PART_OF","Putamen PART_OF Striatum","source:kandel-pns; source:purves-neuroscience; source:blumenfeld-neuroanatomy","R1 §5 Hidden and deep structures (Basal ganglia)","data/anatomy.yaml","","","",""
"assert:nucleus-accumbens--part-of--striatum","assertion","PART_OF","Nucleus Accumbens PART_OF Striatum","source:kandel-pns; source:purves-neuroscience; source:nolte-human-brain; source:qbi-brain-basics","KB anatomy/limbic_system.md (Careful with: ventral striatum, nucleus accumbens)","data/anatomy.yaml","","","",""
"assert:globus-pallidus--part-of--basal-ganglia","assertion","PART_OF","Globus Pallidus PART_OF Basal Ganglia","source:kandel-pns; source:purves-neuroscience; source:blumenfeld-neuroanatomy","R1 §5 Hidden and deep structures (Basal ganglia)","data/anatomy.yaml","","","",""
"assert:globus-pallidus-internal--part-of--globus-pallidus","assertion","PART_OF","Globus Pallidus, Internal Segment PART_OF Globus Pallidus","source:kandel-pns; source:purves-neuroscience; source:blumenfeld-neuroanatomy","R1 §5 Hidden and deep structures (Basal ganglia)","data/anatomy.yaml","","","",""
"assert:globus-pallidus-external--part-of--globus-pallidus","assertion","PART_OF","Globus Pallidus, External Segment PART_OF Globus Pallidus","source:kandel-pns; source:purves-neuroscience; source:blumenfeld-neuroanatomy","R1 §5 Hidden and deep structures (Basal ganglia)","data/anatomy.yaml","","","",""
"assert:subthalamic-nucleus--part-of--basal-ganglia","assertion","PART_OF","Subthalamic Nucleus PART_OF Basal Ganglia","source:kandel-pns; source:purves-neuroscience; source:blumenfeld-neuroanatomy","R1 §5 Hidden and deep structures (Basal ganglia)","data/anatomy.yaml","","","",""
"assert:substantia-nigra--part-of--basal-ganglia","assertion","PART_OF","Substantia Nigra PART_OF Basal Ganglia","source:kandel-pns; source:purves-neuroscience; source:blumenfeld-neuroanatomy","R1 §5 Hidden and deep structures (Basal ganglia)","data/anatomy.yaml","","","",""
"assert:substantia-nigra--part-of--midbrain","assertion","PART_OF","Substantia Nigra PART_OF Midbrain","source:kandel-pns; source:purves-neuroscience; source:blumenfeld-neuroanatomy","R1 §1.15b Midbrain (Parts); KB anatomy/midbrain.md","data/anatomy.yaml","","","",""
"assert:superior-colliculus--part-of--midbrain","assertion","PART_OF","Superior Colliculus PART_OF Midbrain","source:kandel-pns; source:purves-neuroscience; source:blumenfeld-neuroanatomy","R1 §1.15b Midbrain (Parts); KB anatomy/midbrain.md","data/anatomy.yaml","","","",""
"assert:inferior-colliculus--part-of--midbrain","assertion","PART_OF","Inferior Colliculus PART_OF Midbrain","source:kandel-pns; source:purves-neuroscience; source:blumenfeld-neuroanatomy","R1 §1.15b Midbrain (Parts); KB anatomy/midbrain.md","data/anatomy.yaml","","","",""
"assert:periaqueductal-gray--part-of--midbrain","assertion","PART_OF","Periaqueductal Gray PART_OF Midbrain","source:kandel-pns; source:purves-neuroscience; source:blumenfeld-neuroanatomy","R1 §1.15b Midbrain (Parts); KB anatomy/midbrain.md","data/anatomy.yaml","","","",""
"assert:red-nucleus--part-of--midbrain","assertion","PART_OF","Red Nucleus PART_OF Midbrain","source:kandel-pns; source:purves-neuroscience; source:blumenfeld-neuroanatomy","R1 §1.15b Midbrain (Parts); KB anatomy/midbrain.md","data/anatomy.yaml","","","",""
"assert:ventral-tegmental-area--part-of--midbrain","assertion","PART_OF","Ventral Tegmental Area PART_OF Midbrain","source:kandel-pns; source:purves-neuroscience; source:blumenfeld-neuroanatomy","R1 §1.15b Midbrain (Parts); KB anatomy/midbrain.md","data/anatomy.yaml","","","",""
"assert:oculomotor-nucleus--part-of--midbrain","assertion","PART_OF","Oculomotor Nucleus PART_OF Midbrain","source:kandel-pns; source:purves-neuroscience; source:blumenfeld-neuroanatomy","R1 §1.15b Midbrain (Parts); KB anatomy/midbrain.md","data/anatomy.yaml","","","",""
"assert:trochlear-nucleus--part-of--midbrain","assertion","PART_OF","Trochlear Nucleus PART_OF Midbrain","source:kandel-pns; source:purves-neuroscience; source:blumenfeld-neuroanatomy","R1 §1.15b Midbrain (Parts); KB anatomy/midbrain.md","data/anatomy.yaml","","","",""
"assert:cerebral-peduncle--part-of--midbrain","assertion","PART_OF","Cerebral Peduncle PART_OF Midbrain","source:kandel-pns; source:purves-neuroscience; source:blumenfeld-neuroanatomy","R1 §1.15b Midbrain (Parts); KB anatomy/midbrain.md","data/anatomy.yaml","","","",""
"assert:cerebral-aqueduct--part-of--midbrain","assertion","PART_OF","Cerebral Aqueduct PART_OF Midbrain","source:kandel-pns; source:purves-neuroscience; source:blumenfeld-neuroanatomy","R1 §1.15b Midbrain (Parts); KB anatomy/midbrain.md","data/anatomy.yaml","","","",""
"assert:substantia-nigra-pars-compacta--part-of--substantia-nigra","assertion","PART_OF","Substantia Nigra Pars Compacta PART_OF Substantia Nigra","source:kandel-pns; source:purves-neuroscience; source:blumenfeld-neuroanatomy","R1 §1.15b Midbrain (Parts)","data/anatomy.yaml","","","",""
"assert:substantia-nigra-pars-reticulata--part-of--substantia-nigra","assertion","PART_OF","Substantia Nigra Pars Reticulata PART_OF Substantia Nigra","source:kandel-pns; source:purves-neuroscience; source:blumenfeld-neuroanatomy","R1 §1.15b Midbrain (Parts)","data/anatomy.yaml","","","",""
"assert:reticular-formation--part-of--region-20","assertion","PART_OF","Reticular Formation PART_OF region:20","source:kandel-pns; source:purves-neuroscience; source:blumenfeld-neuroanatomy; source:nolte-human-brain","R1 §1.15b Midbrain (Parts); R1 §4 Function index (brainstem reticular formation)","data/anatomy.yaml","","","",""
"assert:locus-coeruleus--part-of--pons","assertion","PART_OF","Locus Coeruleus PART_OF Pons","source:blumenfeld-neuroanatomy; source:kandel-pns; source:nolte-human-brain","R1 §1.20 Brainstem (Pons)","data/anatomy.yaml","","","",""
"assert:raphe-nuclei--part-of--pons--r1","assertion","PART_OF","Raphe Nuclei PART_OF Pons","source:blumenfeld-neuroanatomy; source:kandel-pns; source:nolte-human-brain","R1 §1.20 Brainstem (Pons)","data/anatomy.yaml","","","",""
"assert:raphe-nuclei--part-of--midbrain--r2","assertion","PART_OF","Raphe Nuclei PART_OF Midbrain","source:kandel-pns; source:purves-neuroscience","R2 B11 Ascending arousal system (raphe nuclei 15, 20)","data/anatomy.yaml","","","",""
"assert:pontine-nuclei--part-of--pons","assertion","PART_OF","Pontine Nuclei PART_OF Pons","source:blumenfeld-neuroanatomy; source:kandel-pns; source:nolte-human-brain","R1 §1.20 Brainstem (Pons)","data/anatomy.yaml","","","",""
"assert:abducens-nucleus--part-of--pons","assertion","PART_OF","Abducens Nucleus PART_OF Pons","source:blumenfeld-neuroanatomy; source:kandel-pns; source:nolte-human-brain","R1 §1.20 Brainstem (Pons) (nuclei of CN V to VIII); R2 B12 (abducens, pons)","data/anatomy.yaml","","","",""
"assert:vestibular-nuclei--part-of--region-20","assertion","PART_OF","Vestibular Nuclei PART_OF region:20","source:blumenfeld-neuroanatomy; source:kandel-pns; source:nolte-human-brain","R1 §1.20 Brainstem (Pons) (nuclei of CN V to VIII); R2 B12 (vestibular nuclei, 20)","data/anatomy.yaml","","","",""
"assert:cochlear-nuclei--part-of--region-20","assertion","PART_OF","Cochlear Nuclei PART_OF region:20","source:blumenfeld-neuroanatomy; source:kandel-pns; source:nolte-human-brain","R1 §1.20 Brainstem (Pons) (nuclei of CN V to VIII); R1 §2 Pathways (Auditory pathway)","data/anatomy.yaml","","","",""
"assert:nucleus-of-the-solitary-tract--part-of--medulla-oblongata","assertion","PART_OF","Nucleus of the Solitary Tract PART_OF Medulla Oblongata","source:blumenfeld-neuroanatomy; source:kandel-pns; source:nolte-human-brain","R1 §1.20 Brainstem (Medulla)","data/anatomy.yaml","","","",""
"assert:inferior-olivary-nucleus--part-of--medulla-oblongata","assertion","PART_OF","Inferior Olivary Nucleus PART_OF Medulla Oblongata","source:blumenfeld-neuroanatomy; source:kandel-pns; source:nolte-human-brain","R1 §1.20 Brainstem (Medulla)","data/anatomy.yaml","","","",""
"assert:nucleus-gracilis--part-of--medulla-oblongata","assertion","PART_OF","Nucleus Gracilis PART_OF Medulla Oblongata","source:kandel-pns; source:purves-neuroscience; source:blumenfeld-neuroanatomy; source:nolte-human-brain","R1 §2 Pathways (Dorsal column-medial lemniscus: in the medulla)","data/anatomy.yaml","","","",""
"assert:nucleus-cuneatus--part-of--medulla-oblongata","assertion","PART_OF","Nucleus Cuneatus PART_OF Medulla Oblongata","source:kandel-pns; source:purves-neuroscience; source:blumenfeld-neuroanatomy; source:nolte-human-brain","R1 §2 Pathways (Dorsal column-medial lemniscus: in the medulla)","data/anatomy.yaml","","","",""
"assert:pre-botzinger-complex--part-of--medulla-oblongata","assertion","PART_OF","Pre-Bötzinger Complex PART_OF Medulla Oblongata","source:smith-1991; source:blumenfeld-neuroanatomy; source:kandel-pns; source:nolte-human-brain","R1 §1.20 Brainstem (Medulla); R2 B10 (ventrolateral medulla)","data/anatomy.yaml","","","",""
"assert:dura-mater--part-of--meninges","assertion","PART_OF","Dura Mater PART_OF Meninges","source:purves-neuroscience; source:nolte-human-brain; source:statpearls","R1 §7 Meninges, ventricles and CSF","data/anatomy.yaml","","","",""
"assert:arachnoid-mater--part-of--meninges","assertion","PART_OF","Arachnoid Mater PART_OF Meninges","source:purves-neuroscience; source:nolte-human-brain; source:statpearls","R1 §7 Meninges, ventricles and CSF","data/anatomy.yaml","","","",""
"assert:pia-mater--part-of--meninges","assertion","PART_OF","Pia Mater PART_OF Meninges","source:purves-neuroscience; source:nolte-human-brain; source:statpearls","R1 §7 Meninges, ventricles and CSF","data/anatomy.yaml","","","",""
"assert:choroid-plexus--part-of--lateral-ventricle","assertion","PART_OF","Choroid Plexus PART_OF Lateral Ventricle","source:purves-neuroscience; source:nolte-human-brain; source:statpearls","R1 §17c Glossary (Choroid plexus: tissue in the ventricles); R1 §7","data/anatomy.yaml","","","",""
"assert:choroid-plexus--part-of--third-ventricle","assertion","PART_OF","Choroid Plexus PART_OF Third Ventricle","source:purves-neuroscience; source:nolte-human-brain; source:statpearls","R1 §17c Glossary (Choroid plexus: tissue in the ventricles); R1 §7","data/anatomy.yaml","","","",""
"assert:choroid-plexus--part-of--fourth-ventricle","assertion","PART_OF","Choroid Plexus PART_OF Fourth Ventricle","source:purves-neuroscience; source:nolte-human-brain; source:statpearls","R1 §17c Glossary (Choroid plexus: tissue in the ventricles); R1 §7","data/anatomy.yaml","","","",""
"assert:anterior-pituitary--part-of--pituitary-gland","assertion","PART_OF","Anterior Pituitary PART_OF Pituitary Gland","source:kandel-pns; source:purves-neuroscience; source:blumenfeld-neuroanatomy","R1 §5 Hidden and deep structures (Pituitary gland)","data/anatomy.yaml","","","",""
"assert:posterior-pituitary--part-of--pituitary-gland","assertion","PART_OF","Posterior Pituitary PART_OF Pituitary Gland","source:kandel-pns; source:purves-neuroscience; source:blumenfeld-neuroanatomy","R1 §5 Hidden and deep structures (Pituitary gland)","data/anatomy.yaml","","","",""
"assert:hippocampus--lies-beneath--region-14","assertion","LIES_BENEATH","Hippocampus LIES_BENEATH region:14 (hint: deep inside my temporal lobe, curled along its inner wall)","source:kandel-pns; source:purves-neuroscience; source:qbi-brain-basics; source:brainfacts","KB anatomy/limbic_system.md (On the model); R1 §5 Hidden and deep structures (Hippocampus: medial temporal lobe)","data/anatomy.yaml","","","",""
"assert:hippocampus--lies-beneath--region-12","assertion","LIES_BENEATH","Hippocampus LIES_BENEATH region:12 (hint: deep inside my temporal lobe, under this ridge, along its inner wall)","source:kandel-pns; source:purves-neuroscience; source:qbi-brain-basics; source:brainfacts","KB anatomy/limbic_system.md (On the model); KB physiology/neurogenesis.md (On the model: beneath regions 12 and 14)","data/anatomy.yaml","","","",""
"assert:amygdala--lies-beneath--region-15","assertion","LIES_BENEATH","Amygdala LIES_BENEATH region:15 (hint: tucked under my small smell cortex, deep in the front of my temporal lobe)","source:kandel-pns; source:purves-neuroscience; source:blumenfeld-neuroanatomy; source:gottfried-2010","R1 §1.15a Piriform cortex (What: over the uncus and amygdala); R1 §5 (Amygdala: in front of the hippocampus)","data/anatomy.yaml","","","",""
"assert:entorhinal-cortex--lies-beneath--region-14","assertion","LIES_BENEATH","Entorhinal Cortex LIES_BENEATH region:14 (hint: deep on the inner side of my temporal lobe, right beside my hippocampus, confidence: approximate)","source:kandel-pns; source:purves-neuroscience; source:qbi-brain-basics; source:brainfacts","KB anatomy/limbic_system.md (Hippocampus: its neighbour the entorhinal cortex); KB anatomy/limbic_system.md (On the model)","data/anatomy.yaml","","","",""
"assert:insula--lies-beneath--region-6","assertion","LIES_BENEATH","Insula LIES_BENEATH region:6 (hint: hidden inside my side groove, partly covered by this part of my left frontal lobe)","source:blumenfeld-neuroanatomy","R1 §1.6 Broca's area (Visibility: pars opercularis partly covers the insula)","data/anatomy.yaml","","","",""
"assert:insula--lies-beneath--region-12","assertion","LIES_BENEATH","Insula LIES_BENEATH region:12 (hint: hidden deep inside my side groove, just above this top ridge of my temporal lobe)","source:kandel-pns; source:purves-neuroscience; source:blumenfeld-neuroanatomy; source:statpearls","R1 §5 Hidden and deep structures (Insula: deep in the lateral fissure, covered by the opercula); KB anatomy/gyri_and_sulci.md (Lateral fissure borders 11 and 12; insula hidden inside)","data/anatomy.yaml","","","",""
"assert:heschls-gyrus--lies-beneath--region-11","assertion","LIES_BENEATH","Heschl's Gyrus LIES_BENEATH region:11 (hint: buried inside my side groove, on the upper surface of my temporal lobe)","source:kandel-pns; source:purves-neuroscience; source:nolte-human-brain; source:statpearls","R1 §1.11 Primary auditory cortex (Visibility); KB anatomy/gyri_and_sulci_questions.md (face region 11 and say it is buried)","data/anatomy.yaml","","","",""
"assert:diencephalon--lies-beneath--region-20","assertion","LIES_BENEATH","Diencephalon LIES_BENEATH region:20 (hint: deep in my centre, perched right on top of my brain stem)","source:kandel-pns; source:purves-neuroscience; source:blumenfeld-neuroanatomy; source:nolte-human-brain","R1 §1.15b Midbrain (What: between the pons and the diencephalon); KB anatomy/forebrain.md (On the model)","data/anatomy.yaml","","Pointing convention, not anatomy: the structure is deep and central; this is the nearest painted landmark for the guide to face. Steward to confirm.","",""
"assert:thalamus--lies-beneath--region-20","assertion","LIES_BENEATH","Thalamus LIES_BENEATH region:20 (hint: deep in my centre, sitting right on top of my brain stem)","source:kandel-pns; source:purves-neuroscience; source:blumenfeld-neuroanatomy","R1 §5 Hidden and deep structures (Thalamus: above the midbrain); KB anatomy/forebrain.md (On the model)","data/anatomy.yaml","","Pointing convention, not anatomy: the structure is deep and central; this is the nearest painted landmark for the guide to face. Steward to confirm.","",""
"assert:hypothalamus--lies-beneath--region-20","assertion","LIES_BENEATH","Hypothalamus LIES_BENEATH region:20 (hint: deep in my centre, just below my thalamus and above my brain stem)","source:kandel-pns; source:purves-neuroscience; source:blumenfeld-neuroanatomy","R1 §5 Hidden and deep structures (Hypothalamus: below the thalamus); R1 §1.15b (midbrain between pons and diencephalon)","data/anatomy.yaml","","Pointing convention, not anatomy: the structure is deep and central; this is the nearest painted landmark for the guide to face. Steward to confirm.","",""
"assert:limbic-system--lies-beneath--region-16","assertion","LIES_BENEATH","Limbic System LIES_BENEATH region:16 (hint: curving along the inner edge of each half of me; my cingulate belt is its visible part)","source:kandel-pns; source:purves-neuroscience; source:nolte-human-brain; source:qbi-brain-basics; source:brainfacts","KB anatomy/limbic_system.md (What it is; On the model: region 16 is the only painted limbic region)","data/anatomy.yaml","","","",""
"assert:basal-ganglia--lies-beneath--region-12","assertion","LIES_BENEATH","Basal Ganglia LIES_BENEATH region:12 (hint: deep in the core of each half of me, far beneath my folded surface, confidence: approximate)","source:kandel-pns; source:purves-neuroscience; source:blumenfeld-neuroanatomy; source:qbi-brain-basics","KB anatomy/forebrain.md (On the model: hidden inside, beneath where you're looking)","data/anatomy.yaml","","Sources describe this structure but do not name the painted region above it; region anchor and hint chosen by the extractor and need steward review. Pointing convention, not anatomy: the structure is deep and central; this is the nearest painted landmark for the guide to face. Steward to confirm.","",""
"assert:lateral-ventricle--lies-beneath--region-16","assertion","LIES_BENEATH","Lateral Ventricle LIES_BENEATH region:16 (hint: fluid-filled spaces deep inside each half of me, below my cingulate belt, confidence: approximate)","source:purves-neuroscience; source:nolte-human-brain; source:statpearls","R1 §7 Meninges, ventricles and CSF","data/anatomy.yaml","","Sources describe this structure but do not name the painted region above it; region anchor and hint chosen by the extractor and need steward review.","",""
"assert:third-ventricle--lies-beneath--region-20","assertion","LIES_BENEATH","Third Ventricle LIES_BENEATH region:20 (hint: a thin fluid space deep in my centre, just above my brain stem, confidence: approximate)","source:purves-neuroscience; source:nolte-human-brain; source:statpearls","R1 §7 Meninges, ventricles and CSF; R1 §5 Hidden and deep structures (Pineal gland: behind the third ventricle)","data/anatomy.yaml","","Sources describe this structure but do not name the painted region above it; region anchor and hint chosen by the extractor and need steward review. Pointing convention, not anatomy: the structure is deep and central; this is the nearest painted landmark for the guide to face. Steward to confirm.","",""
"assert:fourth-ventricle--lies-beneath--region-20","assertion","LIES_BENEATH","Fourth Ventricle LIES_BENEATH region:20 (hint: a fluid space just behind my brain stem, in front of my cerebellum, confidence: approximate)","source:purves-neuroscience; source:nolte-human-brain; source:statpearls","R1 §7 Meninges, ventricles and CSF (aqueduct through the midbrain links to the fourth ventricle)","data/anatomy.yaml","","Sources describe this structure but do not name the painted region above it; region anchor and hint chosen by the extractor and need steward review.","",""
"assert:central-sulcus--bounds--region-5","assertion","BOUNDS","Central Sulcus BOUNDS region:5 (side: behind)","source:kandel-pns; source:purves-neuroscience; source:nolte-human-brain","R1 §1.5 Primary motor cortex (What); KB anatomy/gyri_and_sulci.md","data/anatomy.yaml","","","",""
"assert:central-sulcus--bounds--region-7","assertion","BOUNDS","Central Sulcus BOUNDS region:7 (side: in front)","source:kandel-pns; source:purves-neuroscience; source:nolte-human-brain","R1 §1.7 Primary somatosensory cortex (What); KB anatomy/gyri_and_sulci.md","data/anatomy.yaml","","","",""
"assert:central-sulcus--bounds--precentral-gyrus","assertion","BOUNDS","Central Sulcus BOUNDS Precentral Gyrus (side: behind)","source:kandel-pns; source:purves-neuroscience; source:nolte-human-brain","R1 §1.5 Primary motor cortex; KB anatomy/gyri_and_sulci_questions.md","data/anatomy.yaml","","","",""
"assert:central-sulcus--bounds--postcentral-gyrus","assertion","BOUNDS","Central Sulcus BOUNDS Postcentral Gyrus (side: in front)","source:kandel-pns; source:purves-neuroscience; source:nolte-human-brain","R1 §1.7 Primary somatosensory cortex; KB anatomy/gyri_and_sulci_questions.md","data/anatomy.yaml","","","",""
"assert:lateral-fissure--bounds--region-12","assertion","BOUNDS","Lateral Fissure BOUNDS region:12 (side: above)","source:kandel-pns","R1 §1.12 Superior temporal gyrus (Visibility: along the lower edge of the Sylvian fissure)","data/anatomy.yaml","","","",""
"assert:lateral-fissure--bounds--region-6","assertion","BOUNDS","Lateral Fissure BOUNDS region:6 (side: below)","source:blumenfeld-neuroanatomy","R1 §1.6 Broca's area (Visibility: just above the anterior Sylvian fissure)","data/anatomy.yaml","","","",""
"assert:lateral-fissure--bounds--region-11","assertion","BOUNDS","Lateral Fissure BOUNDS region:11 (side: above)","source:kandel-pns; source:purves-neuroscience; source:nolte-human-brain; source:statpearls","KB anatomy/gyri_and_sulci.md (Landmark folds: lateral fissure borders 11 and 12)","data/anatomy.yaml","","","",""
"assert:precentral-sulcus--bounds--region-3","assertion","BOUNDS","Precentral Sulcus BOUNDS region:3 (side: behind)","source:kandel-pns; source:purves-neuroscience","R1 §1.3 Premotor cortex (Visibility: mostly in front of the precentral sulcus)","data/anatomy.yaml","","","",""
"assert:postcentral-sulcus--bounds--region-7","assertion","BOUNDS","Postcentral Sulcus BOUNDS region:7 (side: behind)","source:kandel-pns; source:purves-neuroscience; source:nolte-human-brain","R1 §1.7 Primary somatosensory cortex (Visibility: area 2 on the anterior wall of the postcentral sulcus)","data/anatomy.yaml","","","",""
"assert:parieto-occipital-sulcus--bounds--region-10","assertion","BOUNDS","Parieto-occipital Sulcus BOUNDS region:10 (side: behind)","source:cavanna-trimble-2006","R1 §1.10 Precuneus (What)","data/anatomy.yaml","","","",""
"assert:parieto-occipital-sulcus--bounds--cuneus","assertion","BOUNDS","Parieto-occipital Sulcus BOUNDS Cuneus (side: in front)","source:cavanna-trimble-2006","R1 §1.10 Precuneus (What)","data/anatomy.yaml","","","",""
"assert:calcarine-sulcus--bounds--cuneus","assertion","BOUNDS","Calcarine Sulcus BOUNDS Cuneus (side: below)","source:kandel-pns; source:purves-neuroscience; source:nolte-human-brain","R1 §1.17 Primary visual cortex (Retinotopic map)","data/anatomy.yaml","","","",""
"assert:calcarine-sulcus--bounds--lingual-gyrus","assertion","BOUNDS","Calcarine Sulcus BOUNDS Lingual Gyrus (side: above)","source:kandel-pns; source:purves-neuroscience; source:nolte-human-brain","R1 §1.17 Primary visual cortex (Retinotopic map)","data/anatomy.yaml","","","",""
"assert:intraparietal-sulcus--bounds--superior-parietal-lobule","assertion","BOUNDS","Intraparietal Sulcus BOUNDS Superior Parietal Lobule (side: below)","source:kandel-pns; source:blumenfeld-neuroanatomy","R1 §1.8 Superior parietal lobule (What: above the IPS)","data/anatomy.yaml","","","",""
"assert:superior-temporal-sulcus--bounds--region-12","assertion","BOUNDS","Superior Temporal Sulcus BOUNDS region:12 (side: below)","source:kandel-pns","R1 §1.12 Superior temporal gyrus (What: top gyrus; borders the STS)","data/anatomy.yaml","","","",""
"assert:cingulate-sulcus--bounds--region-16","assertion","BOUNDS","Cingulate Sulcus BOUNDS region:16 (side: above)","source:vogt-2005; source:kandel-pns; source:blumenfeld-neuroanatomy","R1 §1.16 Cingulate cortex (Visibility: below the cingulate sulcus)","data/anatomy.yaml","","","",""
"assert:callosal-sulcus--bounds--region-16","assertion","BOUNDS","Callosal Sulcus BOUNDS region:16 (side: below)","source:vogt-2005; source:kandel-pns; source:blumenfeld-neuroanatomy","R1 §1.16 Cingulate cortex (Visibility: above the callosal sulcus)","data/anatomy.yaml","","","",""
"assert:collateral-sulcus--bounds--fusiform-gyrus","assertion","BOUNDS","Collateral Sulcus BOUNDS Fusiform Gyrus (side: medial)","source:purves-neuroscience","R1 §1.14 Fusiform gyrus (What)","data/anatomy.yaml","","","",""
"assert:occipitotemporal-sulcus--bounds--fusiform-gyrus","assertion","BOUNDS","Occipitotemporal Sulcus BOUNDS Fusiform Gyrus (side: lateral)","source:purves-neuroscience","R1 §1.14 Fusiform gyrus (What)","data/anatomy.yaml","","","",""
"assert:region-5--adjacent-to--region-7","assertion","ADJACENT_TO","region:5 ADJACENT_TO region:7","source:kandel-pns; source:purves-neuroscience; source:nolte-human-brain","KB anatomy/gyri_and_sulci.md (central sulcus between 5 and 7); R1 §1.5; R1 §1.7","data/anatomy.yaml","","","",""
"assert:region-3--adjacent-to--region-5","assertion","ADJACENT_TO","region:3 ADJACENT_TO region:5","source:kandel-pns; source:purves-neuroscience","R1 §1.3 Premotor cortex (What: just in front of the primary motor cortex)","data/anatomy.yaml","","","",""
"assert:region-4--adjacent-to--region-5","assertion","ADJACENT_TO","region:4 ADJACENT_TO region:5","source:kandel-pns; source:blumenfeld-neuroanatomy","R1 §1.4 Supplementary motor area (What: in front of the leg area of M1)","data/anatomy.yaml","","","",""
"assert:region-1--adjacent-to--region-3","assertion","ADJACENT_TO","region:1 ADJACENT_TO region:3","source:kandel-pns; source:blumenfeld-neuroanatomy; source:purves-neuroscience","R1 §1.1 Prefrontal cortex (What: in front of the premotor areas)","data/anatomy.yaml","","","",""
"assert:region-8--adjacent-to--region-7","assertion","ADJACENT_TO","region:8 ADJACENT_TO region:7","source:kandel-pns; source:blumenfeld-neuroanatomy","R1 §1.8 Superior parietal lobule (What: behind the postcentral gyrus)","data/anatomy.yaml","","","",""
"assert:region-8--adjacent-to--region-10","assertion","ADJACENT_TO","region:8 ADJACENT_TO region:10","source:kandel-pns; source:blumenfeld-neuroanatomy","R1 §1.8 Superior parietal lobule (Visibility: continues medially into the precuneus)","data/anatomy.yaml","","","",""
"assert:region-9--adjacent-to--supramarginal-gyrus","assertion","ADJACENT_TO","region:9 ADJACENT_TO Supramarginal Gyrus","source:kandel-pns; source:blumenfeld-neuroanatomy","R1 §1.9 Angular gyrus (What: supramarginal gyrus lies just in front of it)","data/anatomy.yaml","","","",""
"assert:region-10--adjacent-to--paracentral-lobule","assertion","ADJACENT_TO","region:10 ADJACENT_TO Paracentral Lobule","source:cavanna-trimble-2006","R1 §1.10 Precuneus (What: paracentral lobule in front)","data/anatomy.yaml","","","",""
"assert:region-10--adjacent-to--cuneus","assertion","ADJACENT_TO","region:10 ADJACENT_TO Cuneus","source:cavanna-trimble-2006","R1 §1.10 Precuneus (What: cuneus behind, separated by the parieto-occipital sulcus)","data/anatomy.yaml","","","",""
"assert:region-17--adjacent-to--region-18","assertion","ADJACENT_TO","region:17 ADJACENT_TO region:18","source:kandel-pns","R1 §1.18 Visual association cortex (What: surrounding V1)","data/anatomy.yaml","","","",""
"assert:region-19--adjacent-to--region-20","assertion","ADJACENT_TO","region:19 ADJACENT_TO region:20","source:kandel-pns; source:blumenfeld-neuroanatomy; source:nolte-human-brain","R1 §1.19 Cerebellum (What: behind the brainstem); R1 §1.20 (pons in front of the cerebellum)","data/anatomy.yaml","","","",""
"assert:region-2--adjacent-to--olfactory-bulb","assertion","ADJACENT_TO","region:2 ADJACENT_TO Olfactory Bulb","source:kandel-pns; source:purves-neuroscience","R1 §1.2 Orbitofrontal cortex (Visibility: olfactory bulbs and tracts run along its medial edge)","data/anatomy.yaml","","","",""
"assert:midbrain--adjacent-to--pons","assertion","ADJACENT_TO","Midbrain ADJACENT_TO Pons","source:kandel-pns; source:purves-neuroscience; source:blumenfeld-neuroanatomy","R1 §1.15b Midbrain (What: between the pons and the diencephalon)","data/anatomy.yaml","","","",""
"assert:midbrain--adjacent-to--diencephalon","assertion","ADJACENT_TO","Midbrain ADJACENT_TO Diencephalon","source:kandel-pns; source:purves-neuroscience; source:blumenfeld-neuroanatomy","R1 §1.15b Midbrain (What: between the pons and the diencephalon)","data/anatomy.yaml","","","",""
"assert:thalamus--adjacent-to--midbrain","assertion","ADJACENT_TO","Thalamus ADJACENT_TO Midbrain","source:kandel-pns; source:purves-neuroscience; source:blumenfeld-neuroanatomy","R1 §5 Hidden and deep structures (Thalamus: above the midbrain)","data/anatomy.yaml","","","",""
"assert:hypothalamus--adjacent-to--thalamus","assertion","ADJACENT_TO","Hypothalamus ADJACENT_TO Thalamus","source:kandel-pns; source:purves-neuroscience; source:blumenfeld-neuroanatomy","R1 §5 Hidden and deep structures (Hypothalamus: below the thalamus)","data/anatomy.yaml","","","",""
"assert:medulla-oblongata--adjacent-to--spinal-cord","assertion","ADJACENT_TO","Medulla Oblongata ADJACENT_TO Spinal Cord","source:blumenfeld-neuroanatomy; source:kandel-pns; source:nolte-human-brain","R1 §1.20 Brainstem (What: continuous with the spinal cord); KB anatomy/spinal_cord.md","data/anatomy.yaml","","","",""
"assert:amygdala--adjacent-to--hippocampus","assertion","ADJACENT_TO","Amygdala ADJACENT_TO Hippocampus","source:kandel-pns; source:purves-neuroscience; source:blumenfeld-neuroanatomy; source:qbi-brain-basics","R1 §5 Hidden and deep structures (Amygdala: in front of the hippocampus); KB anatomy/limbic_system.md","data/anatomy.yaml","","","",""
"assert:entorhinal-cortex--adjacent-to--hippocampus","assertion","ADJACENT_TO","Entorhinal Cortex ADJACENT_TO Hippocampus","source:kandel-pns; source:purves-neuroscience; source:qbi-brain-basics","KB anatomy/limbic_system.md (its neighbour the entorhinal cortex)","data/anatomy.yaml","","","",""
"assert:pineal-gland--adjacent-to--third-ventricle","assertion","ADJACENT_TO","Pineal Gland ADJACENT_TO Third Ventricle","source:kandel-pns; source:purves-neuroscience; source:blumenfeld-neuroanatomy","R1 §5 Hidden and deep structures (Pineal gland: behind the third ventricle)","data/anatomy.yaml","","","",""
"assert:pituitary-gland--adjacent-to--optic-chiasm","assertion","ADJACENT_TO","Pituitary Gland ADJACENT_TO Optic Chiasm","source:kandel-pns; source:purves-neuroscience; source:blumenfeld-neuroanatomy","R1 §5 Hidden and deep structures (Pituitary gland: just below the optic chiasm)","data/anatomy.yaml","","","",""
"assert:region-1--supplied-by--middle-cerebral","assertion","SUPPLIED_BY","region:1 SUPPLIED_BY Middle Cerebral Artery (portion: lateral convexity)","source:kandel-pns; source:blumenfeld-neuroanatomy; source:purves-neuroscience; source:nolte-human-brain","R1 §1.1 Prefrontal cortex (Blood supply); R1 §13 Blood supply","data/anatomy.yaml","","","",""
"assert:region-1--supplied-by--anterior-cerebral","assertion","SUPPLIED_BY","region:1 SUPPLIED_BY Anterior Cerebral Artery (portion: medial and superior parts)","source:kandel-pns; source:blumenfeld-neuroanatomy; source:purves-neuroscience; source:nolte-human-brain","R1 §1.1 Prefrontal cortex (Blood supply); R1 §13 Blood supply","data/anatomy.yaml","","","",""
"assert:region-2--supplied-by--anterior-cerebral","assertion","SUPPLIED_BY","region:2 SUPPLIED_BY Anterior Cerebral Artery (portion: medial orbitofrontal branches)","source:kandel-pns; source:purves-neuroscience; source:blumenfeld-neuroanatomy; source:nolte-human-brain","R1 §1.2 Orbitofrontal cortex (Blood supply); R1 §13 Blood supply","data/anatomy.yaml","","","",""
"assert:region-2--supplied-by--middle-cerebral","assertion","SUPPLIED_BY","region:2 SUPPLIED_BY Middle Cerebral Artery (portion: lateral orbitofrontal branches)","source:kandel-pns; source:purves-neuroscience; source:blumenfeld-neuroanatomy; source:nolte-human-brain","R1 §1.2 Orbitofrontal cortex (Blood supply); R1 §13 Blood supply","data/anatomy.yaml","","","",""
"assert:region-3--supplied-by--middle-cerebral","assertion","SUPPLIED_BY","region:3 SUPPLIED_BY Middle Cerebral Artery (portion: superior division)","source:kandel-pns; source:purves-neuroscience; source:blumenfeld-neuroanatomy; source:nolte-human-brain","R1 §1.3 Premotor cortex (Blood supply); R1 §13 Blood supply","data/anatomy.yaml","","","",""
"assert:region-4--supplied-by--anterior-cerebral","assertion","SUPPLIED_BY","region:4 SUPPLIED_BY Anterior Cerebral Artery","source:kandel-pns; source:blumenfeld-neuroanatomy; source:purves-neuroscience; source:nolte-human-brain","R1 §1.4 Supplementary motor area (Blood supply); R1 §13 Blood supply","data/anatomy.yaml","","","",""
"assert:region-5--supplied-by--middle-cerebral","assertion","SUPPLIED_BY","region:5 SUPPLIED_BY Middle Cerebral Artery (portion: face, arm and hand areas)","source:kandel-pns; source:purves-neuroscience; source:nolte-human-brain; source:blumenfeld-neuroanatomy","R1 §1.5 Primary motor cortex (Blood supply); R1 §13 Blood supply","data/anatomy.yaml","","","",""
"assert:region-5--supplied-by--anterior-cerebral","assertion","SUPPLIED_BY","region:5 SUPPLIED_BY Anterior Cerebral Artery (portion: leg and foot area on the medial surface)","source:kandel-pns; source:purves-neuroscience; source:nolte-human-brain; source:blumenfeld-neuroanatomy","R1 §1.5 Primary motor cortex (Blood supply); R1 §13 Blood supply","data/anatomy.yaml","","","",""
"assert:region-6--supplied-by--middle-cerebral","assertion","SUPPLIED_BY","region:6 SUPPLIED_BY Middle Cerebral Artery (portion: superior division)","source:blumenfeld-neuroanatomy; source:purves-neuroscience; source:nolte-human-brain","R1 §1.6 Broca's area (Blood supply); R1 §13 Blood supply","data/anatomy.yaml","","","",""
"assert:region-7--supplied-by--middle-cerebral","assertion","SUPPLIED_BY","region:7 SUPPLIED_BY Middle Cerebral Artery (portion: face and arm areas)","source:kandel-pns; source:purves-neuroscience; source:nolte-human-brain; source:blumenfeld-neuroanatomy","R1 §1.7 Primary somatosensory cortex (Blood supply); R1 §13 Blood supply","data/anatomy.yaml","","","",""
"assert:region-7--supplied-by--anterior-cerebral","assertion","SUPPLIED_BY","region:7 SUPPLIED_BY Anterior Cerebral Artery (portion: leg area)","source:kandel-pns; source:purves-neuroscience; source:nolte-human-brain; source:blumenfeld-neuroanatomy","R1 §1.7 Primary somatosensory cortex (Blood supply); R1 §13 Blood supply","data/anatomy.yaml","","","",""
"assert:region-8--supplied-by--middle-cerebral","assertion","SUPPLIED_BY","region:8 SUPPLIED_BY Middle Cerebral Artery (portion: posterior parietal branches)","source:kandel-pns; source:blumenfeld-neuroanatomy; source:purves-neuroscience; source:nolte-human-brain","R1 §1.8 Superior parietal lobule (Blood supply); R1 §13 Blood supply","data/anatomy.yaml","","","",""
"assert:region-9--supplied-by--middle-cerebral","assertion","SUPPLIED_BY","region:9 SUPPLIED_BY Middle Cerebral Artery (portion: inferior division (angular artery))","source:blumenfeld-neuroanatomy; source:kandel-pns; source:purves-neuroscience; source:nolte-human-brain","R1 §1.9 Angular gyrus (Blood supply); R1 §13 Blood supply","data/anatomy.yaml","","","",""
"assert:region-10--supplied-by--anterior-cerebral","assertion","SUPPLIED_BY","region:10 SUPPLIED_BY Anterior Cerebral Artery (portion: precuneal branches of the pericallosal artery)","source:cavanna-trimble-2006; source:blumenfeld-neuroanatomy; source:purves-neuroscience; source:nolte-human-brain","R1 §1.10 Precuneus (Blood supply); R1 §13 Blood supply","data/anatomy.yaml","","","",""
"assert:region-10--supplied-by--posterior-cerebral","assertion","SUPPLIED_BY","region:10 SUPPLIED_BY Posterior Cerebral Artery (portion: parieto-occipital branch)","source:cavanna-trimble-2006; source:blumenfeld-neuroanatomy; source:purves-neuroscience; source:nolte-human-brain","R1 §1.10 Precuneus (Blood supply)","data/anatomy.yaml","","","",""
"assert:region-11--supplied-by--middle-cerebral","assertion","SUPPLIED_BY","region:11 SUPPLIED_BY Middle Cerebral Artery (portion: inferior division (temporal branches))","source:kandel-pns; source:purves-neuroscience; source:nolte-human-brain; source:blumenfeld-neuroanatomy","R1 §1.11 Primary auditory cortex (Blood supply); R1 §13 Blood supply","data/anatomy.yaml","","","",""
"assert:region-12--supplied-by--middle-cerebral","assertion","SUPPLIED_BY","region:12 SUPPLIED_BY Middle Cerebral Artery (portion: inferior division)","source:kandel-pns; source:blumenfeld-neuroanatomy; source:purves-neuroscience; source:nolte-human-brain","R1 §1.12 Superior temporal gyrus (Blood supply); R1 §13 Blood supply","data/anatomy.yaml","","","",""
"assert:region-13--supplied-by--middle-cerebral","assertion","SUPPLIED_BY","region:13 SUPPLIED_BY Middle Cerebral Artery (portion: inferior division)","source:blumenfeld-neuroanatomy; source:purves-neuroscience; source:nolte-human-brain","R1 §1.13 Wernicke's area (Blood supply); R1 §13 Blood supply","data/anatomy.yaml","","","",""
"assert:region-14--supplied-by--posterior-cerebral","assertion","SUPPLIED_BY","region:14 SUPPLIED_BY Posterior Cerebral Artery","source:blumenfeld-neuroanatomy; source:purves-neuroscience; source:nolte-human-brain","R1 §13 Blood supply (PCA territory: occipital and inferior temporal)","data/anatomy.yaml","","","",""
"assert:fusiform-gyrus--supplied-by--posterior-cerebral","assertion","SUPPLIED_BY","Fusiform Gyrus SUPPLIED_BY Posterior Cerebral Artery (portion: temporal and occipital branches)","source:purves-neuroscience; source:blumenfeld-neuroanatomy; source:nolte-human-brain","R1 §1.14 Fusiform gyrus (Blood supply); R1 §13 Blood supply","data/anatomy.yaml","","","",""
"assert:region-15--supplied-by--middle-cerebral","assertion","SUPPLIED_BY","region:15 SUPPLIED_BY Middle Cerebral Artery (portion: branches)","source:kandel-pns; source:purves-neuroscience; source:blumenfeld-neuroanatomy; source:nolte-human-brain","R1 §1.15a Piriform cortex (Blood supply); R1 §13 Blood supply","data/anatomy.yaml","","","",""
"assert:region-15--supplied-by--anterior-choroidal","assertion","SUPPLIED_BY","region:15 SUPPLIED_BY Anterior Choroidal Artery","source:kandel-pns; source:purves-neuroscience; source:blumenfeld-neuroanatomy; source:nolte-human-brain","R1 §1.15a Piriform cortex (Blood supply); R1 §13 Blood supply","data/anatomy.yaml","","","",""
"assert:midbrain--supplied-by--posterior-cerebral","assertion","SUPPLIED_BY","Midbrain SUPPLIED_BY Posterior Cerebral Artery (portion: perforators and midbrain branches)","source:kandel-pns; source:purves-neuroscience; source:blumenfeld-neuroanatomy; source:nolte-human-brain","R1 §1.15b Midbrain (Blood supply); R1 §13 Blood supply","data/anatomy.yaml","","","",""
"assert:midbrain--supplied-by--basilar","assertion","SUPPLIED_BY","Midbrain SUPPLIED_BY Basilar Artery (portion: basilar tip perforators)","source:kandel-pns; source:purves-neuroscience; source:blumenfeld-neuroanatomy; source:nolte-human-brain","R1 §1.15b Midbrain (Blood supply); R1 §13 Blood supply","data/anatomy.yaml","","","",""
"assert:midbrain--supplied-by--superior-cerebellar","assertion","SUPPLIED_BY","Midbrain SUPPLIED_BY Superior Cerebellar Artery","source:kandel-pns; source:purves-neuroscience; source:blumenfeld-neuroanatomy; source:nolte-human-brain","R1 §1.15b Midbrain (Blood supply); R1 §13 Blood supply","data/anatomy.yaml","","","",""
"assert:midbrain--supplied-by--posterior-choroidal","assertion","SUPPLIED_BY","Midbrain SUPPLIED_BY Posterior Choroidal Artery","source:kandel-pns; source:purves-neuroscience; source:blumenfeld-neuroanatomy","R1 §1.15b Midbrain (Blood supply)","data/anatomy.yaml","","","",""
"assert:region-16--supplied-by--anterior-cerebral","assertion","SUPPLIED_BY","region:16 SUPPLIED_BY Anterior Cerebral Artery (portion: pericallosal and callosomarginal arteries)","source:vogt-2005; source:kandel-pns; source:blumenfeld-neuroanatomy; source:purves-neuroscience; source:nolte-human-brain","R1 §1.16 Cingulate cortex (Blood supply); R1 §13 Blood supply","data/anatomy.yaml","","","",""
"assert:region-16--supplied-by--posterior-cerebral","assertion","SUPPLIED_BY","region:16 SUPPLIED_BY Posterior Cerebral Artery (portion: branches to the posterior parts)","source:vogt-2005; source:kandel-pns; source:blumenfeld-neuroanatomy; source:purves-neuroscience; source:nolte-human-brain","R1 §1.16 Cingulate cortex (Blood supply); R1 §13 Blood supply","data/anatomy.yaml","","","",""
"assert:anterior-cingulate-cortex--supplied-by--anterior-cerebral","assertion","SUPPLIED_BY","Anterior Cingulate Cortex SUPPLIED_BY Anterior Cerebral Artery","source:blumenfeld-neuroanatomy; source:purves-neuroscience; source:nolte-human-brain","R1 §13 Blood supply (ACA territory: anterior cingulate)","data/anatomy.yaml","","","",""
"assert:posterior-cingulate-cortex--supplied-by--posterior-cerebral","assertion","SUPPLIED_BY","Posterior Cingulate Cortex SUPPLIED_BY Posterior Cerebral Artery","source:blumenfeld-neuroanatomy; source:purves-neuroscience; source:nolte-human-brain","R1 §13 Blood supply (PCA territory: posterior cingulate, with ACA)","data/anatomy.yaml","","","",""
"assert:posterior-cingulate-cortex--supplied-by--anterior-cerebral","assertion","SUPPLIED_BY","Posterior Cingulate Cortex SUPPLIED_BY Anterior Cerebral Artery","source:blumenfeld-neuroanatomy; source:purves-neuroscience; source:nolte-human-brain","R1 §13 Blood supply (PCA territory: posterior cingulate, with ACA)","data/anatomy.yaml","","","",""
"assert:region-17--supplied-by--posterior-cerebral","assertion","SUPPLIED_BY","region:17 SUPPLIED_BY Posterior Cerebral Artery (portion: calcarine artery)","source:kandel-pns; source:purves-neuroscience; source:nolte-human-brain; source:blumenfeld-neuroanatomy","R1 §1.17 Primary visual cortex (Blood supply); R1 §13 Blood supply","data/anatomy.yaml","","","",""
"assert:region-17--supplied-by--middle-cerebral","assertion","SUPPLIED_BY","region:17 SUPPLIED_BY Middle Cerebral Artery (portion: branches to the occipital pole, in many people, confidence: approximate)","source:kandel-pns; source:purves-neuroscience; source:nolte-human-brain","R1 §1.17 Primary visual cortex (Blood supply)","data/anatomy.yaml","","","",""
"assert:region-18--supplied-by--posterior-cerebral","assertion","SUPPLIED_BY","region:18 SUPPLIED_BY Posterior Cerebral Artery","source:kandel-pns; source:blumenfeld-neuroanatomy; source:purves-neuroscience; source:nolte-human-brain","R1 §1.18 Visual association cortex (Blood supply); R1 §13 Blood supply","data/anatomy.yaml","","","",""
"assert:region-18--supplied-by--middle-cerebral","assertion","SUPPLIED_BY","region:18 SUPPLIED_BY Middle Cerebral Artery (portion: lateral occipital and MT region, with border zones)","source:kandel-pns; source:blumenfeld-neuroanatomy; source:purves-neuroscience; source:nolte-human-brain","R1 §1.18 Visual association cortex (Blood supply)","data/anatomy.yaml","","","",""
"assert:region-19--supplied-by--superior-cerebellar","assertion","SUPPLIED_BY","region:19 SUPPLIED_BY Superior Cerebellar Artery","source:kandel-pns; source:blumenfeld-neuroanatomy; source:purves-neuroscience; source:nolte-human-brain","R1 §1.19 Cerebellum (Blood supply); R1 §13 Blood supply","data/anatomy.yaml","","","",""
"assert:region-19--supplied-by--anterior-inferior-cerebellar","assertion","SUPPLIED_BY","region:19 SUPPLIED_BY Anterior Inferior Cerebellar Artery","source:kandel-pns; source:blumenfeld-neuroanatomy; source:purves-neuroscience; source:nolte-human-brain","R1 §1.19 Cerebellum (Blood supply); R1 §13 Blood supply","data/anatomy.yaml","","","",""
"assert:region-19--supplied-by--posterior-inferior-cerebellar","assertion","SUPPLIED_BY","region:19 SUPPLIED_BY Posterior Inferior Cerebellar Artery","source:kandel-pns; source:blumenfeld-neuroanatomy; source:purves-neuroscience; source:nolte-human-brain","R1 §1.19 Cerebellum (Blood supply); R1 §13 Blood supply","data/anatomy.yaml","","","",""
"assert:pons--supplied-by--basilar","assertion","SUPPLIED_BY","Pons SUPPLIED_BY Basilar Artery (portion: paramedian and circumferential branches)","source:blumenfeld-neuroanatomy; source:kandel-pns; source:nolte-human-brain; source:purves-neuroscience","R1 §1.20 Brainstem (Blood supply); R1 §13 Blood supply","data/anatomy.yaml","","","",""
"assert:pons--supplied-by--anterior-inferior-cerebellar","assertion","SUPPLIED_BY","Pons SUPPLIED_BY Anterior Inferior Cerebellar Artery","source:blumenfeld-neuroanatomy; source:kandel-pns; source:nolte-human-brain","R1 §1.20 Brainstem (Blood supply)","data/anatomy.yaml","","","",""
"assert:medulla-oblongata--supplied-by--vertebral","assertion","SUPPLIED_BY","Medulla Oblongata SUPPLIED_BY Vertebral Artery","source:blumenfeld-neuroanatomy; source:kandel-pns; source:nolte-human-brain; source:purves-neuroscience","R1 §1.20 Brainstem (Blood supply); R1 §13 Blood supply","data/anatomy.yaml","","","",""
"assert:medulla-oblongata--supplied-by--posterior-inferior-cerebellar","assertion","SUPPLIED_BY","Medulla Oblongata SUPPLIED_BY Posterior Inferior Cerebellar Artery","source:blumenfeld-neuroanatomy; source:kandel-pns; source:nolte-human-brain; source:purves-neuroscience","R1 §1.20 Brainstem (Blood supply); R1 §13 Blood supply","data/anatomy.yaml","","","",""
"assert:medulla-oblongata--supplied-by--anterior-spinal","assertion","SUPPLIED_BY","Medulla Oblongata SUPPLIED_BY Anterior Spinal Artery","source:blumenfeld-neuroanatomy; source:kandel-pns; source:nolte-human-brain; source:purves-neuroscience","R1 §1.20 Brainstem (Blood supply); R1 §13 Blood supply","data/anatomy.yaml","","","",""
"assert:insula--supplied-by--middle-cerebral","assertion","SUPPLIED_BY","Insula SUPPLIED_BY Middle Cerebral Artery (portion: M2 branches)","source:kandel-pns; source:purves-neuroscience; source:blumenfeld-neuroanatomy; source:nolte-human-brain","R1 §5 Hidden and deep structures (Insula); R1 §13 Blood supply","data/anatomy.yaml","","","",""
"assert:thalamus--supplied-by--posterior-cerebral","assertion","SUPPLIED_BY","Thalamus SUPPLIED_BY Posterior Cerebral Artery (portion: thalamoperforator and thalamogeniculate branches)","source:kandel-pns; source:purves-neuroscience; source:blumenfeld-neuroanatomy; source:nolte-human-brain","R1 §5 Hidden and deep structures (Thalamus); R1 §13 Blood supply","data/anatomy.yaml","","","",""
"assert:thalamus--supplied-by--posterior-communicating","assertion","SUPPLIED_BY","Thalamus SUPPLIED_BY Posterior Communicating Artery","source:kandel-pns; source:purves-neuroscience; source:blumenfeld-neuroanatomy","R1 §5 Hidden and deep structures (Thalamus)","data/anatomy.yaml","","","",""
"assert:hippocampus--supplied-by--posterior-cerebral","assertion","SUPPLIED_BY","Hippocampus SUPPLIED_BY Posterior Cerebral Artery","source:kandel-pns; source:purves-neuroscience; source:blumenfeld-neuroanatomy; source:nolte-human-brain","R1 §5 Hidden and deep structures (Hippocampus); R1 §13 Blood supply","data/anatomy.yaml","","","",""
"assert:hippocampus--supplied-by--anterior-choroidal","assertion","SUPPLIED_BY","Hippocampus SUPPLIED_BY Anterior Choroidal Artery","source:kandel-pns; source:purves-neuroscience; source:blumenfeld-neuroanatomy; source:nolte-human-brain","R1 §5 Hidden and deep structures (Hippocampus); R1 §13 Blood supply","data/anatomy.yaml","","","",""
"assert:olfactory-bulb--lies-beneath--region-2","assertion","LIES_BENEATH","Olfactory Bulb LIES_BENEATH region:2 (hint: along the underside of my orbitofrontal cortex, near the midline)","source:nolte-human-brain","R1 §1.2 Orbitofrontal cortex, Visibility","data/anatomy.yaml","","","",""
"assert:cuneus--overlaps--region-17","assertion","OVERLAPS","Cuneus OVERLAPS region:17 (portion: the bank above the calcarine sulcus)","source:kandel-pns","R1 §1.17 Primary visual cortex; R2 E1 row 17","data/anatomy.yaml","","","",""
"assert:cuneus--overlaps--region-18","assertion","OVERLAPS","Cuneus OVERLAPS region:18","source:desikan-2006","R2 E1 row 18 (DK cuneus overlaps visual association cortex)","data/anatomy.yaml","","","",""
"assert:lingual-gyrus--overlaps--region-17","assertion","OVERLAPS","Lingual Gyrus OVERLAPS region:17 (portion: the bank below the calcarine sulcus)","source:kandel-pns","R1 §1.17 Primary visual cortex; R2 E1 row 17","data/anatomy.yaml","","","",""
"assert:lingual-gyrus--overlaps--region-18","assertion","OVERLAPS","Lingual Gyrus OVERLAPS region:18","source:desikan-2006","R2 E1 row 18 (DK lingual overlaps visual association cortex)","data/anatomy.yaml","","","",""
"assert:paracentral-lobule--overlaps--region-5","assertion","OVERLAPS","Paracentral Lobule OVERLAPS region:5 (portion: the leg area of the motor map, on the inner surface)","source:kandel-pns","R1 §1.5 Primary motor cortex, Motor map and Visibility","data/anatomy.yaml","","","",""
"assert:paracentral-lobule--overlaps--region-7","assertion","OVERLAPS","Paracentral Lobule OVERLAPS region:7 (portion: the leg area of the touch map, on the inner surface)","source:kandel-pns","R1 §1.7 Primary somatosensory cortex, Visibility","data/anatomy.yaml","","","",""
"assert:secondary-somatosensory-cortex--lies-beneath--region-7","assertion","LIES_BENEATH","Secondary Somatosensory Cortex LIES_BENEATH region:7 (hint: tucked into the upper bank of my lateral fissure, just below my touch strip)","source:kandel-pns","R1 §1.7 Primary somatosensory cortex, Connections (S2, parietal operculum)","data/anatomy.yaml","","Location chosen by the extractor: the source says parietal operculum but names no painted region. Steward to confirm region 7 or 8.","",""
"assert:region-19--contains-cell--purkinje","assertion","CONTAINS_CELL","region:19 CONTAINS_CELL Purkinje Cell","source:kandel-pns; source:purves-neuroscience; source:nolte-human-brain; source:qbi-brain-basics","R1 §1.19 Cerebellum (Anatomy); KB cells/neuron_types.md (On the model); KB anatomy/hindbrain.md","data/cells.yaml","","","",""
"assert:region-19--contains-cell--cerebellar-granule-cell","assertion","CONTAINS_CELL","region:19 CONTAINS_CELL Cerebellar Granule Cell","source:azevedo-2009; source:kandel-pns; source:qbi-brain-basics","R1 §1.19 Cerebellum (What); KB physiology/neurogenesis.md (Before birth); R2 B2","data/cells.yaml","","","",""
"assert:region-19--contains-cell--bergmann-glia","assertion","CONTAINS_CELL","region:19 CONTAINS_CELL Bergmann Glia","source:qbi-brain-basics; source:brainfacts; source:kandel-pns; source:purves-neuroscience; source:nolte-human-brain","KB cells/glia.md (Specialists)","data/cells.yaml","","","",""
"assert:region-5--contains-cell--betz","assertion","CONTAINS_CELL","region:5 CONTAINS_CELL Betz Cell","source:kandel-pns; source:purves-neuroscience; source:nolte-human-brain","R1 §1.5 Primary motor cortex (Key cells); R2 C2 Motor versus sensory cortex; KB cells/neuron_types.md (On the model)","data/cells.yaml","","","",""
"assert:region-5--contains-cell--pyramidal-neuron","assertion","CONTAINS_CELL","region:5 CONTAINS_CELL Pyramidal Neuron","source:kandel-pns; source:purves-neuroscience; source:nolte-human-brain","R1 §1.5 Primary motor cortex (Key cells: Betz cells are giant pyramidal neurons in layer V); R2 C1 (layer V large pyramidal cells)","data/cells.yaml","","","",""
"assert:region-5--contains-cell--upper-motor-neuron","assertion","CONTAINS_CELL","region:5 CONTAINS_CELL Upper Motor Neuron","source:qbi-brain-basics; source:kandel-pns; source:purves-neuroscience; source:nolte-human-brain","KB cells/neuron_types.md (Upper vs lower motor neurons; On the model)","data/cells.yaml","","","",""
"assert:region-20--contains-cell--upper-motor-neuron","assertion","CONTAINS_CELL","region:20 CONTAINS_CELL Upper Motor Neuron","source:qbi-brain-basics; source:kandel-pns; source:purves-neuroscience; source:nolte-human-brain","KB cells/neuron_types.md (Upper vs lower motor neurons: start in motor cortex and brainstem)","data/cells.yaml","","","",""
"assert:region-20--contains-cell--motor-neuron","assertion","CONTAINS_CELL","region:20 CONTAINS_CELL Motor Neuron","source:qbi-brain-basics; source:kandel-pns; source:purves-neuroscience; source:nolte-human-brain","KB cells/neuron_types.md (Upper vs lower motor neurons: lower motor neurons run from spinal cord and brainstem)","data/cells.yaml","","","",""
"assert:spinal-cord--contains-cell--motor-neuron","assertion","CONTAINS_CELL","Spinal Cord CONTAINS_CELL Motor Neuron","source:qbi-brain-basics; source:kandel-pns; source:purves-neuroscience; source:nolte-human-brain","KB anatomy/spinal_cord.md (Internal layout: ventral horns hold lower motor neurons)","data/cells.yaml","","","",""
"assert:spinal-cord--contains-cell--interneuron","assertion","CONTAINS_CELL","Spinal Cord CONTAINS_CELL Interneuron","source:qbi-brain-basics; source:kandel-pns; source:purves-neuroscience; source:nolte-human-brain","KB cells/neuron_types.md (Memorable fact); R2 B9 Spinal reflex arcs","data/cells.yaml","","","",""
"assert:cerebral-cortex--contains-cell--pyramidal-neuron","assertion","CONTAINS_CELL","Cerebral Cortex CONTAINS_CELL Pyramidal Neuron","source:qbi-brain-basics; source:kandel-pns; source:purves-neuroscience; source:nolte-human-brain","KB cells/neuron_types.md (Projection neurons vs local interneurons); R2 C1 The six neocortical layers","data/cells.yaml","","","",""
"assert:cerebral-cortex--contains-cell--interneuron","assertion","CONTAINS_CELL","Cerebral Cortex CONTAINS_CELL Interneuron","source:qbi-brain-basics; source:kandel-pns; source:purves-neuroscience; source:nolte-human-brain","KB cells/neuron_types.md (Projection neurons vs local interneurons)","data/cells.yaml","","","",""
"assert:cerebral-cortex--contains-cell--basket-cell","assertion","CONTAINS_CELL","Cerebral Cortex CONTAINS_CELL Basket Cell","source:qbi-brain-basics; source:kandel-pns; source:purves-neuroscience; source:nolte-human-brain","KB cells/neuron_types.md (Projection neurons vs local interneurons)","data/cells.yaml","","","",""
"assert:cerebral-cortex--contains-cell--chandelier-cell","assertion","CONTAINS_CELL","Cerebral Cortex CONTAINS_CELL Chandelier Cell","source:qbi-brain-basics; source:kandel-pns; source:purves-neuroscience; source:nolte-human-brain","KB cells/neuron_types.md (Projection neurons vs local interneurons)","data/cells.yaml","","","",""
"assert:cerebral-cortex--contains-cell--spiny-stellate-cell","assertion","CONTAINS_CELL","Cerebral Cortex CONTAINS_CELL Spiny Stellate Cell","source:kandel-pns; source:purves-neuroscience","R2 C1 The six neocortical layers (IV Internal granular)","data/cells.yaml","","","",""
"assert:grey-matter--contains-cell--neuron","assertion","CONTAINS_CELL","Grey Matter CONTAINS_CELL Neuron","source:qbi-brain-basics; source:kandel-pns; source:purves-neuroscience; source:nolte-human-brain","KB anatomy/central_nervous_system.md (Grey and white matter); R1 §17c Glossary (Gray matter)","data/cells.yaml","","","",""
"assert:grey-matter--contains-cell--glia","assertion","CONTAINS_CELL","Grey Matter CONTAINS_CELL Glia","source:qbi-brain-basics; source:kandel-pns; source:purves-neuroscience; source:nolte-human-brain","KB anatomy/central_nervous_system.md (Grey and white matter)","data/cells.yaml","","","",""
"assert:peripheral-nervous-system--contains-cell--sensory-neuron","assertion","CONTAINS_CELL","Peripheral Nervous System CONTAINS_CELL Sensory Neuron","source:qbi-brain-basics; source:kandel-pns; source:purves-neuroscience; source:nolte-human-brain","KB cells/neuron_types.md (What they're connected to; Shapes); KB anatomy/peripheral_nervous_system.md (Somatic division)","data/cells.yaml","","","",""
"assert:peripheral-nervous-system--contains-cell--schwann-cell","assertion","CONTAINS_CELL","Peripheral Nervous System CONTAINS_CELL Schwann Cell","source:qbi-brain-basics; source:brainfacts; source:kandel-pns; source:purves-neuroscience; source:nolte-human-brain","KB cells/glia.md (Outside the brain and spinal cord); KB anatomy/peripheral_nervous_system.md (Myelin)","data/cells.yaml","","","",""
"assert:central-nervous-system--contains-cell--astrocyte","assertion","CONTAINS_CELL","Central Nervous System CONTAINS_CELL Astrocyte","source:qbi-brain-basics; source:brainfacts; source:kandel-pns; source:purves-neuroscience; source:nolte-human-brain","KB cells/glia.md (In the brain and spinal cord)","data/cells.yaml","","","",""
"assert:central-nervous-system--contains-cell--oligodendrocyte","assertion","CONTAINS_CELL","Central Nervous System CONTAINS_CELL Oligodendrocyte","source:qbi-brain-basics; source:brainfacts; source:kandel-pns; source:purves-neuroscience; source:nolte-human-brain","KB cells/glia.md (In the brain and spinal cord)","data/cells.yaml","","","",""
"assert:central-nervous-system--contains-cell--microglia","assertion","CONTAINS_CELL","Central Nervous System CONTAINS_CELL Microglia","source:qbi-brain-basics; source:brainfacts; source:kandel-pns; source:purves-neuroscience; source:nolte-human-brain","KB cells/glia.md (In the brain and spinal cord)","data/cells.yaml","","","",""
"assert:central-nervous-system--contains-cell--oligodendrocyte-precursor-cell","assertion","CONTAINS_CELL","Central Nervous System CONTAINS_CELL Oligodendrocyte Precursor Cell","source:qbi-brain-basics; source:brainfacts; source:kandel-pns; source:purves-neuroscience; source:nolte-human-brain","KB cells/glia.md (In the brain and spinal cord)","data/cells.yaml","","","",""
"assert:lateral-ventricle--contains-cell--ependymal-cell","assertion","CONTAINS_CELL","Lateral Ventricle CONTAINS_CELL Ependymal Cell","source:qbi-brain-basics; source:brainfacts; source:kandel-pns; source:purves-neuroscience; source:nolte-human-brain","KB cells/glia.md (Ependymal cells: line the ventricles)","data/cells.yaml","","","",""
"assert:third-ventricle--contains-cell--ependymal-cell","assertion","CONTAINS_CELL","Third Ventricle CONTAINS_CELL Ependymal Cell","source:qbi-brain-basics; source:brainfacts; source:kandel-pns; source:purves-neuroscience; source:nolte-human-brain","KB cells/glia.md (Ependymal cells: line the ventricles)","data/cells.yaml","","","",""
"assert:fourth-ventricle--contains-cell--ependymal-cell","assertion","CONTAINS_CELL","Fourth Ventricle CONTAINS_CELL Ependymal Cell","source:qbi-brain-basics; source:brainfacts; source:kandel-pns; source:purves-neuroscience; source:nolte-human-brain","KB cells/glia.md (Ependymal cells: line the ventricles)","data/cells.yaml","","","",""
"assert:choroid-plexus--contains-cell--ependymal-cell","assertion","CONTAINS_CELL","Choroid Plexus CONTAINS_CELL Ependymal Cell","source:qbi-brain-basics; source:brainfacts; source:kandel-pns; source:purves-neuroscience; source:nolte-human-brain","KB cells/glia.md (Ependymal cells: a specialised form in the choroid plexus)","data/cells.yaml","","","",""
"assert:substantia-nigra--contains-cell--dopaminergic-neuron","assertion","CONTAINS_CELL","Substantia Nigra CONTAINS_CELL Dopamine Neuron","source:qbi-brain-basics; source:brainfacts; source:kandel-pns; source:purves-neuroscience; source:nolte-human-brain","KB anatomy/midbrain.md (Substantia nigra); R1 §16 Scope candidates (Parkinson's disease); R2 B7","data/cells.yaml","","","",""
"assert:ventral-tegmental-area--contains-cell--dopaminergic-neuron","assertion","CONTAINS_CELL","Ventral Tegmental Area CONTAINS_CELL Dopamine Neuron","source:qbi-brain-basics; source:brainfacts; source:kandel-pns; source:purves-neuroscience; source:nolte-human-brain; source:schultz-1997","R2 B6 Mesolimbic and mesocortical dopamine reward circuit; KB anatomy/midbrain.md (VTA)","data/cells.yaml","","","",""
"assert:pons--contains-cell--cholinergic-neuron","assertion","CONTAINS_CELL","Pons CONTAINS_CELL Acetylcholine Neuron","source:kandel-pns; source:purves-neuroscience","R2 B11 Ascending arousal system (pontine PPT and LDT, acetylcholine)","data/cells.yaml","","","",""
"assert:lateral-hypothalamus--contains-cell--orexin-neuron","assertion","CONTAINS_CELL","Lateral Hypothalamus CONTAINS_CELL Orexin Neuron","source:kandel-pns; source:purves-neuroscience","R2 B11 Ascending arousal system (lateral hypothalamus, orexin; narcolepsy type 1); R1 §4 Function index (Sleep and wakefulness)","data/cells.yaml","","","",""
"assert:hippocampus--contains-cell--place-cell","assertion","CONTAINS_CELL","Hippocampus CONTAINS_CELL Place Cell","source:okeefe-1971; source:kandel-pns; source:purves-neuroscience; source:blumenfeld-neuroanatomy","R1 §5 Hidden and deep structures (Hippocampus); KB anatomy/limbic_system.md (Hippocampus)","data/cells.yaml","","","",""
"assert:entorhinal-cortex--contains-cell--grid-cell","assertion","CONTAINS_CELL","Entorhinal Cortex CONTAINS_CELL Grid Cell","source:hafting-2005; source:kandel-pns; source:purves-neuroscience; source:blumenfeld-neuroanatomy","R1 §5 Hidden and deep structures (Hippocampus); R1 §4 Function index (Spatial navigation); KB anatomy/limbic_system.md","data/cells.yaml","","","",""
"assert:dentate-gyrus--contains-cell--dentate-granule-cell","assertion","CONTAINS_CELL","Dentate Gyrus CONTAINS_CELL Dentate Gyrus Granule Cell","source:kandel-pns; source:purves-neuroscience","R2 B8 Hippocampal trisynaptic circuit (dentate gyrus granule cells)","data/cells.yaml","","","",""
"assert:retina--contains-cell--rod","assertion","CONTAINS_CELL","Retina CONTAINS_CELL Rod Photoreceptor","source:kandel-pns; source:purves-neuroscience","R1 §8 Sensory systems end to end (Vision)","data/cells.yaml","","","",""
"assert:retina--contains-cell--cone","assertion","CONTAINS_CELL","Retina CONTAINS_CELL Cone Photoreceptor","source:kandel-pns; source:purves-neuroscience","R1 §8 Sensory systems end to end (Vision)","data/cells.yaml","","","",""
"assert:retina--contains-cell--retinal-bipolar-cell","assertion","CONTAINS_CELL","Retina CONTAINS_CELL Retinal Bipolar Cell","source:kandel-pns; source:purves-neuroscience","R1 §8 Sensory systems end to end (Vision)","data/cells.yaml","","","",""
"assert:retina--contains-cell--retinal-ganglion-cell","assertion","CONTAINS_CELL","Retina CONTAINS_CELL Retinal Ganglion Cell","source:kandel-pns; source:purves-neuroscience","R1 §8 Sensory systems end to end (Vision)","data/cells.yaml","","","",""
"assert:retina--contains-cell--amacrine-cell","assertion","CONTAINS_CELL","Retina CONTAINS_CELL Amacrine Cell","source:qbi-brain-basics; source:brainfacts; source:kandel-pns; source:purves-neuroscience; source:nolte-human-brain","KB cells/neuron.md (Exceptions)","data/cells.yaml","","","",""
"assert:retina--contains-cell--muller-glia","assertion","CONTAINS_CELL","Retina CONTAINS_CELL Müller Glia","source:qbi-brain-basics; source:brainfacts; source:kandel-pns; source:purves-neuroscience; source:nolte-human-brain","KB cells/glia.md (Specialists)","data/cells.yaml","","","",""
"assert:hypothalamus--contains-cell--tanycyte","assertion","CONTAINS_CELL","Hypothalamus CONTAINS_CELL Tanycyte","source:qbi-brain-basics; source:brainfacts; source:kandel-pns; source:purves-neuroscience; source:nolte-human-brain","KB cells/glia.md (Specialists)","data/cells.yaml","","","",""
"assert:olfactory-epithelium--contains-cell--olfactory-sensory-neuron","assertion","CONTAINS_CELL","Olfactory Epithelium CONTAINS_CELL Olfactory Sensory Neuron","source:kandel-pns; source:purves-neuroscience","R1 §8 Sensory systems end to end (Smell: olfactory sensory neurons in the nasal epithelium)","data/cells.yaml","","","",""
"assert:olfactory-bulb--contains-cell--mitral-cell","assertion","CONTAINS_CELL","Olfactory Bulb CONTAINS_CELL Mitral Cell","source:kandel-pns; source:purves-neuroscience; source:gottfried-2010","R1 §8 Sensory systems end to end (Smell); R1 §1.15a Piriform cortex (Connections)","data/cells.yaml","","","",""
"assert:olfactory-bulb--contains-cell--tufted-cell","assertion","CONTAINS_CELL","Olfactory Bulb CONTAINS_CELL Tufted Cell","source:kandel-pns; source:purves-neuroscience; source:gottfried-2010","R1 §8 Sensory systems end to end (Smell); R1 §1.15a Piriform cortex (Connections)","data/cells.yaml","","","",""
"assert:thalamus--contains-cell--thalamic-relay-neuron","assertion","CONTAINS_CELL","Thalamus CONTAINS_CELL Thalamic Relay Neuron","source:kandel-pns; source:purves-neuroscience","R2 B3 Thalamocortical loops (relay nuclei)","data/cells.yaml","","","",""
"assert:thalamic-reticular-nucleus--contains-cell--thalamic-reticular-neuron","assertion","CONTAINS_CELL","Thalamic Reticular Nucleus CONTAINS_CELL Thalamic Reticular Neuron","source:kandel-pns; source:purves-neuroscience","R2 B3 Thalamocortical loops (TRN, a GABAergic shell)","data/cells.yaml","","","",""
"assert:striatum--contains-cell--d1-striatal-neuron","assertion","CONTAINS_CELL","Striatum CONTAINS_CELL Direct-Pathway Striatal Neuron","source:kandel-pns; source:purves-neuroscience; source:blumenfeld-neuroanatomy; source:albin-1989","R2 B1 (Signal flow: D1 striatal neurons); R1 §5 (Basal ganglia: striatum (D1))","data/cells.yaml","","","",""
"assert:striatum--contains-cell--d2-striatal-neuron","assertion","CONTAINS_CELL","Striatum CONTAINS_CELL Indirect-Pathway Striatal Neuron","source:kandel-pns; source:purves-neuroscience; source:blumenfeld-neuroanatomy; source:albin-1989","R2 B1 (Signal flow: D2 striatal neurons); R1 §5 (Basal ganglia: striatum (D2))","data/cells.yaml","","","",""
"assert:purkinje--releases--gaba","assertion","RELEASES","Purkinje Cell RELEASES GABA","source:kandel-pns; source:purves-neuroscience; source:nolte-human-brain; source:qbi-brain-basics","R1 §1.19 Cerebellum (Anatomy: inhibitory (GABA)); R2 B2 (Neurotransmitters); KB anatomy/hindbrain.md","data/cells.yaml","","","",""
"assert:pyramidal-neuron--releases--glutamate","assertion","RELEASES","Pyramidal Neuron RELEASES Glutamate","source:qbi-brain-basics; source:kandel-pns; source:purves-neuroscience; source:nolte-human-brain","KB cells/neuron_types.md (Projection neurons vs local interneurons)","data/cells.yaml","","","",""
"assert:interneuron--releases--gaba","assertion","RELEASES","Interneuron RELEASES GABA (confidence: approximate)","source:qbi-brain-basics; source:kandel-pns; source:purves-neuroscience; source:nolte-human-brain","KB cells/neuron_types.md (local interneurons are mostly inhibitory, using GABA)","data/cells.yaml","","","",""
"assert:interneuron--releases--glycine","assertion","RELEASES","Interneuron RELEASES Glycine (confidence: approximate)","source:kandel-pns; source:purves-neuroscience; source:qbi-brain-basics","R2 B9 Spinal reflex arcs (glycinergic interneuron); KB physiology/neurotransmitters.md (Glycine)","data/cells.yaml","","","",""
"assert:cerebellar-granule-cell--releases--glutamate","assertion","RELEASES","Cerebellar Granule Cell RELEASES Glutamate","source:kandel-pns; source:purves-neuroscience","R2 B2 Cerebro-cerebellar loop (granule cells and parallel fibres; glutamate for mossy, parallel and climbing fibres)","data/cells.yaml","","","",""
"assert:dopaminergic-neuron--releases--dopamine","assertion","RELEASES","Dopamine Neuron RELEASES Dopamine","source:qbi-brain-basics; source:brainfacts; source:kandel-pns; source:purves-neuroscience; source:nolte-human-brain","KB anatomy/midbrain.md; R2 B7 Nigrostriatal pathway; R2 B6","data/cells.yaml","","","",""
"assert:motor-neuron--releases--acetylcholine","assertion","RELEASES","Motor Neuron RELEASES Acetylcholine","source:qbi-brain-basics; source:kandel-pns; source:purves-neuroscience","KB physiology/neurotransmitters.md (Acetylcholine: transmitter at every skeletal nerve-muscle junction); R2 D2 (Nicotinic ACh: neuromuscular junction)","data/cells.yaml","","","",""
"assert:cholinergic-neuron--releases--acetylcholine","assertion","RELEASES","Acetylcholine Neuron RELEASES Acetylcholine","source:qbi-brain-basics; source:kandel-pns; source:purves-neuroscience","KB physiology/neurotransmitters.md (basal forebrain acetylcholine neurons); R2 B11","data/cells.yaml","","","",""
"assert:orexin-neuron--releases--orexin","assertion","RELEASES","Orexin Neuron RELEASES Orexin","source:kandel-pns; source:purves-neuroscience","R2 B11 Ascending arousal system","data/cells.yaml","","","",""
"assert:thalamic-relay-neuron--releases--glutamate","assertion","RELEASES","Thalamic Relay Neuron RELEASES Glutamate","source:kandel-pns; source:purves-neuroscience","R2 B3 Thalamocortical loops (relay nuclei send glutamate mainly to layer IV)","data/cells.yaml","","","",""
"assert:thalamic-reticular-neuron--releases--gaba","assertion","RELEASES","Thalamic Reticular Neuron RELEASES GABA","source:kandel-pns; source:purves-neuroscience","R2 B3 Thalamocortical loops (TRN, a GABAergic shell)","data/cells.yaml","","","",""
"assert:glutamate--acts-on--ampa-receptor","assertion","ACTS_ON","Glutamate ACTS_ON AMPA Receptor","source:qbi-brain-basics; source:brainfacts; source:kandel-pns; source:purves-neuroscience","KB physiology/synaptic_plasticity.md (Mechanism); R2 D2 Major receptor families","data/cells.yaml","","","",""
"assert:glutamate--acts-on--nmda-receptor","assertion","ACTS_ON","Glutamate ACTS_ON NMDA Receptor","source:qbi-brain-basics; source:brainfacts; source:kandel-pns; source:purves-neuroscience","KB physiology/synaptic_plasticity.md (Mechanism); R2 D2 (NMDA needs glutamate)","data/cells.yaml","","","",""
"assert:glutamate--acts-on--metabotropic-glutamate-receptor","assertion","ACTS_ON","Glutamate ACTS_ON Metabotropic Glutamate Receptor","source:qbi-brain-basics; source:brainfacts; source:kandel-pns; source:purves-neuroscience","KB physiology/synaptic_plasticity.md (Other forms: mGluR-dependent LTD)","data/cells.yaml","","","",""
"assert:glycine--acts-on--nmda-receptor","assertion","ACTS_ON","Glycine ACTS_ON NMDA Receptor","source:qbi-brain-basics; source:kandel-pns; source:purves-neuroscience","KB physiology/neurotransmitters.md (Glycine: required co-agonist at NMDA receptors); R2 D2 (co-agonist)","data/cells.yaml","","","",""
"assert:gaba--acts-on--gaba-a-receptor","assertion","ACTS_ON","GABA ACTS_ON GABA-A Receptor","source:kandel-pns; source:purves-neuroscience","R2 D2 Major receptor families","data/cells.yaml","","","",""
"assert:gaba--acts-on--gaba-b-receptor","assertion","ACTS_ON","GABA ACTS_ON GABA-B Receptor","source:kandel-pns; source:purves-neuroscience","R2 D2 Major receptor families","data/cells.yaml","","","",""
"assert:acetylcholine--acts-on--nicotinic-acetylcholine-receptor","assertion","ACTS_ON","Acetylcholine ACTS_ON Nicotinic Acetylcholine Receptor","source:kandel-pns; source:purves-neuroscience","R2 D2 Major receptor families","data/cells.yaml","","","",""
"assert:acetylcholine--acts-on--muscarinic-acetylcholine-receptor","assertion","ACTS_ON","Acetylcholine ACTS_ON Muscarinic Acetylcholine Receptor","source:kandel-pns; source:purves-neuroscience","R2 D2 Major receptor families","data/cells.yaml","","","",""
"assert:dopamine--acts-on--d1-receptor","assertion","ACTS_ON","Dopamine ACTS_ON Dopamine D1 Receptor","source:kandel-pns; source:purves-neuroscience; source:albin-1989","R2 B7 Nigrostriatal pathway (dopamine onto D1 and D2 receptors); R2 B1; R2 D2","data/cells.yaml","","","",""
"assert:dopamine--acts-on--d2-receptor","assertion","ACTS_ON","Dopamine ACTS_ON Dopamine D2 Receptor","source:kandel-pns; source:purves-neuroscience; source:albin-1989","R2 B7 Nigrostriatal pathway (dopamine onto D1 and D2 receptors); R2 B1; R2 D2","data/cells.yaml","","","",""
"assert:serotonin--acts-on--serotonin-receptors","assertion","ACTS_ON","Serotonin ACTS_ON Serotonin Receptors","source:kandel-pns; source:purves-neuroscience","R2 D2 Major receptor families (5-HT1, 2, 4 to 7)","data/cells.yaml","","","",""
"assert:serotonin--acts-on--serotonin-5-ht3-receptor","assertion","ACTS_ON","Serotonin ACTS_ON Serotonin 5-HT3 Receptor","source:kandel-pns; source:purves-neuroscience","R2 D2 Major receptor families (5-HT3 ionotropic exception)","data/cells.yaml","","","",""
"assert:noradrenaline--acts-on--adrenergic-receptors","assertion","ACTS_ON","Noradrenaline ACTS_ON Adrenergic Receptors","source:kandel-pns; source:purves-neuroscience","R2 D2 Major receptor families (Adrenergic)","data/cells.yaml","","","",""
"assert:endorphins--acts-on--opioid-receptors","assertion","ACTS_ON","Endorphins ACTS_ON Opioid Receptors","source:qbi-brain-basics; source:kandel-pns; source:purves-neuroscience","KB physiology/neurotransmitters.md (endorphins and other opioid peptides); R2 D2 (Opioid mu, delta, kappa)","data/cells.yaml","","","",""
"assert:endocannabinoids--acts-on--cb1-receptor","assertion","ACTS_ON","Endocannabinoids ACTS_ON Cannabinoid CB1 Receptor","source:qbi-brain-basics; source:kandel-pns; source:purves-neuroscience","KB physiology/neurotransmitters.md (Unusual messengers); R2 D2 (Cannabinoid CB1, retrograde signalling)","data/cells.yaml","","","",""
"assert:adenosine--acts-on--adenosine-a1-receptor","assertion","ACTS_ON","Adenosine ACTS_ON Adenosine A1 Receptor","source:qbi-brain-basics; source:kandel-pns; source:purves-neuroscience","R2 D4 Familiar substances; KB physiology/neurotransmitters.md (Common questions)","data/cells.yaml","","","",""
"assert:adenosine--acts-on--adenosine-a2a-receptor","assertion","ACTS_ON","Adenosine ACTS_ON Adenosine A2A Receptor","source:qbi-brain-basics; source:kandel-pns; source:purves-neuroscience","R2 D4 Familiar substances; KB physiology/neurotransmitters.md (Common questions)","data/cells.yaml","","","",""
"assert:dopamine--produced-in--substantia-nigra","assertion","PRODUCED_IN","Dopamine PRODUCED_IN Substantia Nigra","source:qbi-brain-basics; source:kandel-pns; source:purves-neuroscience; source:brainfacts; source:nolte-human-brain","KB physiology/neurotransmitters.md (Dopamine); KB anatomy/midbrain.md; R1 §1.15b Midbrain (pars compacta); R2 B7","data/cells.yaml","","","",""
"assert:dopamine--produced-in--ventral-tegmental-area","assertion","PRODUCED_IN","Dopamine PRODUCED_IN Ventral Tegmental Area","source:qbi-brain-basics; source:kandel-pns; source:purves-neuroscience; source:brainfacts; source:nolte-human-brain","KB physiology/neurotransmitters.md (Dopamine); KB anatomy/midbrain.md (VTA); R2 B6; R2 B11","data/cells.yaml","","","",""
"assert:serotonin--produced-in--raphe-nuclei","assertion","PRODUCED_IN","Serotonin PRODUCED_IN Raphe Nuclei","source:qbi-brain-basics; source:kandel-pns; source:purves-neuroscience; source:nolte-human-brain; source:blumenfeld-neuroanatomy","KB physiology/neurotransmitters.md (Serotonin); KB SOURCES_AND_CORRECTIONS.md (Neurotransmitters); R1 §1.20 Brainstem (Pons); R2 B11","data/cells.yaml","","","",""
"assert:noradrenaline--produced-in--locus-coeruleus","assertion","PRODUCED_IN","Noradrenaline PRODUCED_IN Locus Coeruleus","source:qbi-brain-basics; source:kandel-pns; source:purves-neuroscience; source:nolte-human-brain; source:blumenfeld-neuroanatomy","KB physiology/neurotransmitters.md (Noradrenaline); R1 §1.20 Brainstem (Pons); R2 B11","data/cells.yaml","","","",""
"assert:acetylcholine--produced-in--pons","assertion","PRODUCED_IN","Acetylcholine PRODUCED_IN Pons","source:kandel-pns; source:purves-neuroscience","R2 B11 Ascending arousal system (pontine PPT and LDT)","data/cells.yaml","","","",""
"assert:histamine--produced-in--hypothalamus","assertion","PRODUCED_IN","Histamine PRODUCED_IN Hypothalamus","source:qbi-brain-basics; source:kandel-pns; source:purves-neuroscience","KB physiology/neurotransmitters.md (Histamine: from the hypothalamus)","data/cells.yaml","","","",""
"assert:histamine--produced-in--tuberomammillary-nucleus","assertion","PRODUCED_IN","Histamine PRODUCED_IN Tuberomammillary Nucleus","source:kandel-pns; source:purves-neuroscience","R2 B11 Ascending arousal system (tuberomammillary nucleus, histamine)","data/cells.yaml","","","",""
"assert:orexin--produced-in--lateral-hypothalamus","assertion","PRODUCED_IN","Orexin PRODUCED_IN Lateral Hypothalamus","source:kandel-pns; source:purves-neuroscience","R2 B11 Ascending arousal system (lateral hypothalamus, orexin)","data/cells.yaml","","","",""
"assert:melatonin--produced-in--pineal-gland","assertion","PRODUCED_IN","Melatonin PRODUCED_IN Pineal Gland","source:kandel-pns; source:purves-neuroscience; source:blumenfeld-neuroanatomy; source:qbi-brain-basics; source:nolte-human-brain","R1 §5 Hidden and deep structures (Pineal gland); KB anatomy/forebrain.md (Pineal gland)","data/cells.yaml","","","",""
"assert:oxytocin--produced-in--hypothalamus","assertion","PRODUCED_IN","Oxytocin PRODUCED_IN Hypothalamus","source:kandel-pns; source:purves-neuroscience; source:blumenfeld-neuroanatomy","R1 §5 Hidden and deep structures (Pituitary gland: made in hypothalamic neurons)","data/cells.yaml","","","",""
"assert:vasopressin--produced-in--hypothalamus","assertion","PRODUCED_IN","Vasopressin PRODUCED_IN Hypothalamus","source:kandel-pns; source:purves-neuroscience; source:blumenfeld-neuroanatomy","R1 §5 Hidden and deep structures (Pituitary gland: made in hypothalamic neurons)","data/cells.yaml","","","",""
"assert:vasopressin--produced-in--paraventricular-nucleus","assertion","PRODUCED_IN","Vasopressin PRODUCED_IN Paraventricular Nucleus","source:kandel-pns; source:purves-neuroscience","R2 B13 HPA stress axis (paraventricular nucleus releases CRH and vasopressin)","data/cells.yaml","","","",""
"assert:crh--produced-in--paraventricular-nucleus","assertion","PRODUCED_IN","Corticotropin-Releasing Hormone PRODUCED_IN Paraventricular Nucleus","source:kandel-pns; source:purves-neuroscience","R2 B13 HPA stress axis","data/cells.yaml","","","",""
"assert:neuron--participates-in--action-potential","assertion","PARTICIPATES_IN","Neuron PARTICIPATES_IN Action Potential","source:qbi-brain-basics; source:kandel-pns; source:purves-neuroscience","KB physiology/how_neurons_signal.md","data/cells.yaml","","","",""
"assert:neuron--participates-in--synaptic-transmission","assertion","PARTICIPATES_IN","Neuron PARTICIPATES_IN Synaptic Transmission","source:qbi-brain-basics; source:kandel-pns; source:purves-neuroscience","KB physiology/how_neurons_signal.md (Chemical synapse)","data/cells.yaml","","","",""
"assert:neuron--participates-in--energy-metabolism","assertion","PARTICIPATES_IN","Neuron PARTICIPATES_IN Brain Energy Metabolism","source:qbi-brain-basics; source:brainfacts; source:kandel-pns; source:purves-neuroscience","KB cells/mitochondria.md (Common questions: neurons constantly pump ions)","data/cells.yaml","","","",""
"assert:voltage-gated-sodium-channel--participates-in--action-potential","assertion","PARTICIPATES_IN","Voltage-Gated Sodium Channel PARTICIPATES_IN Action Potential","source:kandel-pns; source:purves-neuroscience; source:qbi-brain-basics","R2 D3 Voltage-gated channels (upstroke); KB physiology/how_neurons_signal.md (The spike)","data/cells.yaml","","","",""
"assert:voltage-gated-potassium-channel--participates-in--action-potential","assertion","PARTICIPATES_IN","Voltage-Gated Potassium Channel PARTICIPATES_IN Action Potential","source:kandel-pns; source:purves-neuroscience; source:qbi-brain-basics","R2 D3 Voltage-gated channels (repolarisation); KB physiology/how_neurons_signal.md (The spike)","data/cells.yaml","","","",""
"assert:sodium-potassium-pump--participates-in--action-potential","assertion","PARTICIPATES_IN","Sodium-Potassium Pump PARTICIPATES_IN Action Potential","source:qbi-brain-basics; source:kandel-pns; source:purves-neuroscience","KB physiology/how_neurons_signal.md (Resting potential); KB cells/mitochondria.md (pumps reset the cell after each pulse)","data/cells.yaml","","","",""
"assert:sodium-potassium-pump--participates-in--energy-metabolism","assertion","PARTICIPATES_IN","Sodium-Potassium Pump PARTICIPATES_IN Brain Energy Metabolism","source:qbi-brain-basics; source:brainfacts; source:kandel-pns; source:purves-neuroscience","KB cells/mitochondria.md (How they function; Neuronal roles)","data/cells.yaml","","","",""
"assert:voltage-gated-sodium-channel--participates-in--saltatory-conduction","assertion","PARTICIPATES_IN","Voltage-Gated Sodium Channel PARTICIPATES_IN Saltatory Conduction","source:qbi-brain-basics; source:kandel-pns; source:purves-neuroscience; source:nolte-human-brain","KB cells/axon.md (Segments: nodes of Ranvier rich in sodium channels; Saltatory conduction)","data/cells.yaml","","","",""
"assert:voltage-gated-calcium-channel--participates-in--synaptic-transmission","assertion","PARTICIPATES_IN","Voltage-Gated Calcium Channel PARTICIPATES_IN Synaptic Transmission","source:kandel-pns; source:purves-neuroscience; source:qbi-brain-basics","R2 D3 Voltage-gated channels (N and P/Q trigger release); KB physiology/how_neurons_signal.md (Chemical synapse)","data/cells.yaml","","","",""
"assert:astrocyte--participates-in--synaptic-transmission","assertion","PARTICIPATES_IN","Astrocyte PARTICIPATES_IN Synaptic Transmission","source:qbi-brain-basics; source:brainfacts; source:kandel-pns; source:purves-neuroscience; source:nolte-human-brain","KB cells/glia.md (Astrocytes: tripartite synapse; mop up neurotransmitter)","data/cells.yaml","","","",""
"assert:astrocyte--participates-in--blood-brain-barrier-maintenance","assertion","PARTICIPATES_IN","Astrocyte PARTICIPATES_IN Blood-Brain Barrier Maintenance","source:qbi-brain-basics; source:brainfacts; source:kandel-pns; source:purves-neuroscience; source:nolte-human-brain","KB anatomy/blood_brain_barrier.md (Neurovascular unit); KB cells/glia.md (Astrocytes)","data/cells.yaml","","","",""
"assert:endocannabinoids--participates-in--synaptic-transmission","assertion","PARTICIPATES_IN","Endocannabinoids PARTICIPATES_IN Synaptic Transmission","source:qbi-brain-basics; source:kandel-pns; source:purves-neuroscience","KB physiology/neurotransmitters.md (Unusual messengers: retrograde)","data/cells.yaml","","","",""
"assert:nitric-oxide--participates-in--synaptic-transmission","assertion","PARTICIPATES_IN","Nitric Oxide PARTICIPATES_IN Synaptic Transmission","source:qbi-brain-basics; source:kandel-pns; source:purves-neuroscience","KB physiology/neurotransmitters.md (Unusual messengers: retrograde)","data/cells.yaml","","","",""
"assert:ampa-receptor--participates-in--long-term-potentiation","assertion","PARTICIPATES_IN","AMPA Receptor PARTICIPATES_IN Long-Term Potentiation","source:qbi-brain-basics; source:brainfacts; source:kandel-pns; source:purves-neuroscience","KB physiology/synaptic_plasticity.md (Mechanism)","data/cells.yaml","","","",""
"assert:nmda-receptor--participates-in--long-term-potentiation","assertion","PARTICIPATES_IN","NMDA Receptor PARTICIPATES_IN Long-Term Potentiation","source:qbi-brain-basics; source:brainfacts; source:kandel-pns; source:purves-neuroscience","KB physiology/synaptic_plasticity.md (Mechanism); R2 D2 (LTP coincidence detector)","data/cells.yaml","","","",""
"assert:nmda-receptor--participates-in--long-term-depression","assertion","PARTICIPATES_IN","NMDA Receptor PARTICIPATES_IN Long-Term Depression","source:qbi-brain-basics; source:brainfacts; source:kandel-pns; source:purves-neuroscience","KB physiology/synaptic_plasticity.md (Mechanism: modest calcium rises produce LTD)","data/cells.yaml","","","",""
"assert:metabotropic-glutamate-receptor--participates-in--long-term-depression","assertion","PARTICIPATES_IN","Metabotropic Glutamate Receptor PARTICIPATES_IN Long-Term Depression","source:qbi-brain-basics; source:brainfacts; source:kandel-pns; source:purves-neuroscience","KB physiology/synaptic_plasticity.md (Other forms: mGluR-dependent LTD)","data/cells.yaml","","","",""
"assert:camkii--participates-in--long-term-potentiation","assertion","PARTICIPATES_IN","CaMKII PARTICIPATES_IN Long-Term Potentiation","source:qbi-brain-basics; source:brainfacts; source:kandel-pns; source:purves-neuroscience","KB physiology/synaptic_plasticity.md (Mechanism)","data/cells.yaml","","","",""
"assert:pka--participates-in--long-term-potentiation","assertion","PARTICIPATES_IN","PKA PARTICIPATES_IN Long-Term Potentiation","source:qbi-brain-basics; source:brainfacts; source:kandel-pns; source:purves-neuroscience","KB physiology/synaptic_plasticity.md (Phases: late LTP)","data/cells.yaml","","","",""
"assert:creb--participates-in--long-term-potentiation","assertion","PARTICIPATES_IN","CREB PARTICIPATES_IN Long-Term Potentiation","source:qbi-brain-basics; source:brainfacts; source:kandel-pns; source:purves-neuroscience","KB physiology/synaptic_plasticity.md (Phases: late LTP)","data/cells.yaml","","","",""
"assert:hippocampus--participates-in--long-term-potentiation","assertion","PARTICIPATES_IN","Hippocampus PARTICIPATES_IN Long-Term Potentiation","source:bliss-lomo-1973; source:qbi-brain-basics; source:brainfacts; source:kandel-pns; source:purves-neuroscience","KB physiology/synaptic_plasticity.md (Discovery of LTP); R2 B8 Hippocampal trisynaptic circuit","data/cells.yaml","","","",""
"assert:dentate-gyrus--participates-in--long-term-potentiation","assertion","PARTICIPATES_IN","Dentate Gyrus PARTICIPATES_IN Long-Term Potentiation","source:bliss-lomo-1973; source:qbi-brain-basics; source:brainfacts; source:kandel-pns; source:purves-neuroscience","KB physiology/synaptic_plasticity.md (Discovery of LTP: perforant path to dentate gyrus); R2 B8","data/cells.yaml","","","",""
"assert:purkinje--participates-in--long-term-depression","assertion","PARTICIPATES_IN","Purkinje Cell PARTICIPATES_IN Long-Term Depression","source:qbi-brain-basics; source:brainfacts; source:kandel-pns; source:purves-neuroscience","KB physiology/synaptic_plasticity.md (Other forms: cerebellar LTD at parallel fibre to Purkinje cell synapses)","data/cells.yaml","","","",""
"assert:region-19--participates-in--long-term-depression","assertion","PARTICIPATES_IN","region:19 PARTICIPATES_IN Long-Term Depression","source:qbi-brain-basics; source:brainfacts; source:kandel-pns; source:purves-neuroscience","KB physiology/synaptic_plasticity.md (Other forms: cerebellar LTD underlies motor learning)","data/cells.yaml","","","",""
"assert:hippocampus--participates-in--neuroplasticity","assertion","PARTICIPATES_IN","Hippocampus PARTICIPATES_IN Neuroplasticity","source:qbi-brain-basics; source:brainfacts; source:kandel-pns; source:purves-neuroscience","KB physiology/synaptic_plasticity.md (What it's connected to: most studied sites)","data/cells.yaml","","","",""
"assert:cerebral-cortex--participates-in--neuroplasticity","assertion","PARTICIPATES_IN","Cerebral Cortex PARTICIPATES_IN Neuroplasticity","source:qbi-brain-basics; source:brainfacts; source:kandel-pns; source:purves-neuroscience","KB physiology/synaptic_plasticity.md (What it's connected to: most studied sites)","data/cells.yaml","","","",""
"assert:region-19--participates-in--neuroplasticity","assertion","PARTICIPATES_IN","region:19 PARTICIPATES_IN Neuroplasticity","source:qbi-brain-basics; source:brainfacts; source:kandel-pns; source:purves-neuroscience","KB physiology/synaptic_plasticity.md (What it's connected to: most studied sites)","data/cells.yaml","","","",""
"assert:oligodendrocyte--participates-in--myelination","assertion","PARTICIPATES_IN","Oligodendrocyte PARTICIPATES_IN Myelination","source:qbi-brain-basics; source:brainfacts; source:kandel-pns; source:purves-neuroscience; source:nolte-human-brain","KB cells/glia.md (Oligodendrocytes); KB cells/axon.md (Myelin makers)","data/cells.yaml","","","",""
"assert:schwann-cell--participates-in--myelination","assertion","PARTICIPATES_IN","Schwann Cell PARTICIPATES_IN Myelination","source:qbi-brain-basics; source:brainfacts; source:kandel-pns; source:purves-neuroscience; source:nolte-human-brain","KB cells/glia.md (Schwann cells); KB anatomy/peripheral_nervous_system.md (Myelin)","data/cells.yaml","","","",""
"assert:microglia--participates-in--synaptic-pruning","assertion","PARTICIPATES_IN","Microglia PARTICIPATES_IN Synaptic Pruning","source:qbi-brain-basics; source:brainfacts; source:kandel-pns; source:purves-neuroscience; source:nolte-human-brain","KB cells/glia.md (Microglia: prune unneeded synapses during development)","data/cells.yaml","","","",""
"assert:neural-stem-cell--participates-in--neurogenesis","assertion","PARTICIPATES_IN","Neural Stem Cell PARTICIPATES_IN Neurogenesis","source:qbi-brain-basics; source:brainfacts; source:kandel-pns; source:purves-neuroscience","KB physiology/neurogenesis.md (The tour)","data/cells.yaml","","","",""
"assert:radial-glia--participates-in--neurogenesis","assertion","PARTICIPATES_IN","Radial Glia PARTICIPATES_IN Neurogenesis","source:qbi-brain-basics; source:brainfacts; source:kandel-pns; source:purves-neuroscience; source:nolte-human-brain","KB cells/glia.md (Radial glia: produce neurons and glia)","data/cells.yaml","","","",""
"assert:radial-glia--participates-in--neuronal-migration","assertion","PARTICIPATES_IN","Radial Glia PARTICIPATES_IN Neuronal Migration","source:qbi-brain-basics; source:brainfacts; source:kandel-pns; source:purves-neuroscience","KB cells/glia.md (Radial glia: scaffolding); KB physiology/neurogenesis.md (Before birth); R1 §12 (Neurogenesis and migration)","data/cells.yaml","","","",""
"assert:cerebellar-granule-cell--participates-in--neurogenesis","assertion","PARTICIPATES_IN","Cerebellar Granule Cell PARTICIPATES_IN Neurogenesis","source:qbi-brain-basics; source:brainfacts; source:kandel-pns; source:purves-neuroscience","KB physiology/neurogenesis.md (Before birth: mostly generated after birth, in the first year); KB SOURCES_AND_CORRECTIONS.md (Independent fact-check)","data/cells.yaml","","","",""
"assert:olfactory-sensory-neuron--participates-in--neurogenesis","assertion","PARTICIPATES_IN","Olfactory Sensory Neuron PARTICIPATES_IN Neurogenesis","source:kandel-pns; source:purves-neuroscience","R1 §8 Sensory systems end to end (Smell: these neurons regenerate throughout life)","data/cells.yaml","","","",""
"assert:ependymal-cell--participates-in--csf-production","assertion","PARTICIPATES_IN","Ependymal Cell PARTICIPATES_IN Cerebrospinal Fluid Production","source:qbi-brain-basics; source:brainfacts; source:kandel-pns; source:purves-neuroscience; source:nolte-human-brain","KB cells/glia.md (Ependymal cells: move CSF; specialised form in the choroid plexus produces most CSF)","data/cells.yaml","","","",""
"assert:choroid-plexus--participates-in--csf-production","assertion","PARTICIPATES_IN","Choroid Plexus PARTICIPATES_IN Cerebrospinal Fluid Production","source:purves-neuroscience; source:nolte-human-brain; source:statpearls","R1 §7 Meninges, ventricles and CSF (The choroid plexus makes most of it); R1 §17c Glossary (Choroid plexus)","data/cells.yaml","","","",""
"assert:schwann-cell--participates-in--axon-regeneration","assertion","PARTICIPATES_IN","Schwann Cell PARTICIPATES_IN Peripheral Axon Regeneration","source:qbi-brain-basics; source:kandel-pns; source:purves-neuroscience; source:nolte-human-brain","KB anatomy/peripheral_nervous_system.md (Repair); KB cells/glia.md (Schwann cells guide regrowth)","data/cells.yaml","","","",""
"assert:peripheral-nervous-system--participates-in--axon-regeneration","assertion","PARTICIPATES_IN","Peripheral Nervous System PARTICIPATES_IN Peripheral Axon Regeneration","source:qbi-brain-basics; source:kandel-pns; source:purves-neuroscience; source:nolte-human-brain","KB anatomy/peripheral_nervous_system.md (Repair)","data/cells.yaml","","","",""
"assert:rod--participates-in--sensory-transduction","assertion","PARTICIPATES_IN","Rod Photoreceptor PARTICIPATES_IN Sensory Transduction","source:kandel-pns; source:purves-neuroscience","R1 §8 Sensory systems end to end","data/cells.yaml","","","",""
"assert:cone--participates-in--sensory-transduction","assertion","PARTICIPATES_IN","Cone Photoreceptor PARTICIPATES_IN Sensory Transduction","source:kandel-pns; source:purves-neuroscience","R1 §8 Sensory systems end to end","data/cells.yaml","","","",""
"assert:olfactory-sensory-neuron--participates-in--sensory-transduction","assertion","PARTICIPATES_IN","Olfactory Sensory Neuron PARTICIPATES_IN Sensory Transduction","source:kandel-pns; source:purves-neuroscience; source:buck-axel-1991","R1 §8 Sensory systems end to end","data/cells.yaml","","","",""
"assert:trpv1--participates-in--sensory-transduction","assertion","PARTICIPATES_IN","TRPV1 PARTICIPATES_IN Sensory Transduction","source:kandel-pns; source:purves-neuroscience","R1 §8 Sensory systems end to end","data/cells.yaml","","","",""
"assert:piezo2--participates-in--sensory-transduction","assertion","PARTICIPATES_IN","Piezo2 PARTICIPATES_IN Sensory Transduction","source:kandel-pns; source:purves-neuroscience","R1 §8 Sensory systems end to end","data/cells.yaml","","","",""
"assert:olfactory-receptors--participates-in--sensory-transduction","assertion","PARTICIPATES_IN","Olfactory Receptors PARTICIPATES_IN Sensory Transduction","source:kandel-pns; source:purves-neuroscience; source:buck-axel-1991","R1 §8 Sensory systems end to end","data/cells.yaml","","","",""
"assert:sensory-neuron--participates-in--sensory-transduction","assertion","PARTICIPATES_IN","Sensory Neuron PARTICIPATES_IN Sensory Transduction","source:qbi-brain-basics; source:kandel-pns; source:purves-neuroscience; source:nolte-human-brain","KB cells/neuron_types.md (How they function: sensory neurons fire when activated)","data/cells.yaml","","","",""
"assert:hippocampus--participates-in--adult-neurogenesis--asserts","assertion","PARTICIPATES_IN","Hippocampus PARTICIPATES_IN Adult Neurogenesis (confidence: debated, stance: asserts)","source:eriksson-1998; source:spalding-2013; source:boldrini-2018; source:moreno-jimenez-2019; source:dumitru-2025","KB physiology/neurogenesis.md (In adults: the honest state of the science); R1 §12 Lifespan development (Adult neurogenesis (DEBATED)); KB SOURCES_AND_CORRECTIONS.md (Adult neurogenesis)","data/cells.yaml","","","",""
"assert:hippocampus--participates-in--adult-neurogenesis--disputes","assertion","PARTICIPATES_IN","Hippocampus PARTICIPATES_IN Adult Neurogenesis (confidence: debated, stance: disputes)","source:sorrells-2018; source:franjic-2022","KB physiology/neurogenesis.md (In adults: the honest state of the science); R1 §12 Lifespan development (Adult neurogenesis (DEBATED)); KB SOURCES_AND_CORRECTIONS.md (Adult neurogenesis)","data/cells.yaml","","","",""
"assert:hippocampus--participates-in--adult-neurogenesis--disputes--contests--hippocampus--participates-in--adult-neurogenesis--asserts","assertion","CONTESTS","assert:hippocampus--participates-in--adult-neurogenesis--disputes CONTESTS assert:hippocampus--participates-in--adult-neurogenesis--asserts","source:sorrells-2018; source:franjic-2022; source:boldrini-2018; source:moreno-jimenez-2019; source:dumitru-2025","KB physiology/neurogenesis.md (In adults: the honest state of the science); R1 §12 Lifespan development (Adult neurogenesis (DEBATED)); KB SOURCES_AND_CORRECTIONS.md (Adult neurogenesis)","data/cells.yaml","","","",""
"assert:astrocyte--participates-in--glymphatic-clearance--asserts","assertion","PARTICIPATES_IN","Astrocyte PARTICIPATES_IN Glymphatic Clearance (confidence: debated, stance: asserts)","source:iliff-2012; source:xie-2013","R1 §7 Meninges, ventricles and CSF (Glymphatic system (DEBATED)); R1 Key Findings (Glymphatic system); KB cells/glia.md (Glymphatic system)","data/cells.yaml","","","",""
"assert:astrocyte--participates-in--glymphatic-clearance--disputes","assertion","PARTICIPATES_IN","Astrocyte PARTICIPATES_IN Glymphatic Clearance (confidence: debated, stance: disputes)","source:miao-2024","R1 §7 Meninges, ventricles and CSF (Glymphatic system (DEBATED)); R1 Key Findings (Glymphatic system); KB cells/glia.md (Glymphatic system)","data/cells.yaml","","","",""
"assert:astrocyte--participates-in--glymphatic-clearance--disputes--contests--astrocyte--participates-in--glymphatic-clearance--asserts","assertion","CONTESTS","assert:astrocyte--participates-in--glymphatic-clearance--disputes CONTESTS assert:astrocyte--participates-in--glymphatic-clearance--asserts","source:miao-2024; source:xie-2013; source:iliff-2012","R1 §7 Meninges, ventricles and CSF (Glymphatic system (DEBATED)); R1 Key Findings (Glymphatic system); KB cells/glia.md (Glymphatic system)","data/cells.yaml","","","",""
"assert:aquaporin-4--participates-in--glymphatic-clearance","assertion","PARTICIPATES_IN","Aquaporin-4 PARTICIPATES_IN Glymphatic Clearance (confidence: approximate, stance: asserts)","source:iliff-2012","R1 §7 Meninges, ventricles and CSF (Glymphatic system (DEBATED)); R1 Key Findings (Glymphatic system); KB cells/glia.md (Glymphatic system)","data/cells.yaml","","Single-source claim inside the debated glymphatic model; the debate itself is the astrocyte CONTESTS pair.","",""
"assert:working-memory--supported-by--region-1","assertion","SUPPORTED_BY","Working Memory SUPPORTED_BY region:1 (role: primary, evidence: lesion+imaging, lateralization: bilateral, confidence: established)","source:kandel-pns; source:blumenfeld-neuroanatomy; source:purves-neuroscience","R2 E2 Working memory; R1 §1.1 Prefrontal cortex","data/functions.yaml","","","",""
"assert:working-memory--supported-by--region-8--r2","assertion","SUPPORTED_BY","Working Memory SUPPORTED_BY region:8 (role: contributing, evidence: imaging, lateralization: bilateral, confidence: approximate)","source:kandel-pns; source:blumenfeld-neuroanatomy","R2 E2 Working memory","data/functions.yaml","SUPPORTED_BY|function:working-memory|region:8","","",""
"assert:working-memory--supported-by--region-8--r1","assertion","SUPPORTED_BY","Working Memory SUPPORTED_BY region:8 (role: primary, evidence: textbook, lateralization: bilateral, confidence: established)","source:kandel-pns; source:blumenfeld-neuroanatomy","R1 §4 Working memory (posterior parietal cortex mapped to region 8)","data/functions.yaml","SUPPORTED_BY|function:working-memory|region:8","","",""
"assert:working-memory--supported-by--region-10","assertion","SUPPORTED_BY","Working Memory SUPPORTED_BY region:10 (role: contributing, evidence: imaging, lateralization: bilateral, confidence: approximate)","source:cavanna-trimble-2006","R2 E2 Working memory","data/functions.yaml","","","",""
"assert:working-memory--supported-by--region-6","assertion","SUPPORTED_BY","Working Memory SUPPORTED_BY region:6 (role: contributing, evidence: imaging, lateralization: left, confidence: approximate)","source:dronkers-2007; source:blumenfeld-neuroanatomy","R2 E2 Working memory (verbal)","data/functions.yaml","","","",""
"assert:working-memory--supported-by--dorsolateral-prefrontal-cortex","assertion","SUPPORTED_BY","Working Memory SUPPORTED_BY Dorsolateral Prefrontal Cortex (role: primary, evidence: textbook, lateralization: bilateral, confidence: established)","source:kandel-pns; source:blumenfeld-neuroanatomy","R1 §4 Working memory","data/functions.yaml","","","",""
"assert:working-memory--supported-by--basal-ganglia","assertion","SUPPORTED_BY","Working Memory SUPPORTED_BY Basal Ganglia (role: contributing, evidence: textbook, lateralization: bilateral, confidence: established)","source:kandel-pns; source:purves-neuroscience","R1 §4 Working memory","data/functions.yaml","","","",""
"assert:working-memory--supported-by--region-19","assertion","SUPPORTED_BY","Working Memory SUPPORTED_BY region:19 (role: contributing, evidence: textbook, lateralization: bilateral, confidence: established)","source:kandel-pns; source:schmahmann-sherman-1998","R1 §4 Working memory; KB anatomy/hindbrain.md","data/functions.yaml","","","",""
"assert:episodic-memory--supported-by--hippocampus","assertion","SUPPORTED_BY","Episodic Memory SUPPORTED_BY Hippocampus (role: primary, evidence: lesion+textbook, lateralization: bilateral, confidence: established)","source:scoville-milner-1957; source:kandel-pns","R2 E2 Episodic memory; R1 §4 Episodic memory; R1 §5 Hippocampus","data/functions.yaml","","","",""
"assert:episodic-memory--supported-by--entorhinal-cortex","assertion","SUPPORTED_BY","Episodic Memory SUPPORTED_BY Entorhinal Cortex (role: primary, evidence: textbook, lateralization: bilateral, confidence: established)","source:kandel-pns; source:purves-neuroscience","R1 §4 Episodic memory","data/functions.yaml","","","",""
"assert:episodic-memory--supported-by--region-10","assertion","SUPPORTED_BY","Episodic Memory SUPPORTED_BY region:10 (role: contributing, evidence: imaging+textbook, lateralization: bilateral, confidence: established)","source:cavanna-trimble-2006","R2 E2 Episodic memory; R1 §4 Episodic memory; R1 §1.10 Precuneus","data/functions.yaml","","","",""
"assert:episodic-memory--supported-by--region-9","assertion","SUPPORTED_BY","Episodic Memory SUPPORTED_BY region:9 (role: contributing, evidence: imaging+textbook, lateralization: bilateral, confidence: established)","source:seghier-2013","R2 E2 Episodic memory; R1 §4 Episodic memory; R1 §1.9 Angular gyrus","data/functions.yaml","","","",""
"assert:episodic-memory--supported-by--region-1","assertion","SUPPORTED_BY","Episodic Memory SUPPORTED_BY region:1 (role: contributing, evidence: textbook, lateralization: bilateral, confidence: established)","source:kandel-pns; source:blumenfeld-neuroanatomy","R1 §4 Episodic memory","data/functions.yaml","","","",""
"assert:episodic-memory--supported-by--posterior-cingulate-cortex","assertion","SUPPORTED_BY","Episodic Memory SUPPORTED_BY Posterior Cingulate Cortex (role: contributing, evidence: textbook, lateralization: bilateral, confidence: established)","source:vogt-2005","R1 §4 Episodic memory; R1 §1.16 Cingulate cortex","data/functions.yaml","","","",""
"assert:episodic-memory--supported-by--mammillary-bodies","assertion","SUPPORTED_BY","Episodic Memory SUPPORTED_BY Mammillary Bodies (role: contributing, evidence: textbook, lateralization: bilateral, confidence: established)","source:kandel-pns","R1 §4 Episodic memory; R2 B4","data/functions.yaml","","","",""
"assert:episodic-memory--supported-by--thalamus","assertion","SUPPORTED_BY","Episodic Memory SUPPORTED_BY Thalamus (role: contributing, evidence: textbook, lateralization: bilateral, confidence: established)","source:kandel-pns; source:purves-neuroscience","R1 §4 Episodic memory (anterior thalamus); R1 §5 Thalamus","data/functions.yaml","","","",""
"assert:semantic-memory--supported-by--temporal-pole","assertion","SUPPORTED_BY","Semantic Memory SUPPORTED_BY Temporal Pole (role: primary, evidence: lesion+textbook, lateralization: bilateral, confidence: approximate)","source:lambon-ralph-2017","R2 E2 Semantic memory (rostral 12); R1 §4 Semantic memory (anterior temporal lobes)","data/functions.yaml","","","",""
"assert:semantic-memory--supported-by--region-9","assertion","SUPPORTED_BY","Semantic Memory SUPPORTED_BY region:9 (role: contributing, evidence: imaging+textbook, lateralization: bilateral, confidence: established)","source:seghier-2013","R2 E2 Semantic memory; R1 §4 Semantic memory; R1 §1.9 Angular gyrus","data/functions.yaml","","","",""
"assert:semantic-memory--supported-by--region-14","assertion","SUPPORTED_BY","Semantic Memory SUPPORTED_BY region:14 (role: contributing, evidence: imaging, lateralization: bilateral, confidence: approximate)","source:purves-neuroscience","R2 E2 Semantic memory","data/functions.yaml","","","",""
"assert:semantic-memory--supported-by--middle-temporal-gyrus","assertion","SUPPORTED_BY","Semantic Memory SUPPORTED_BY Middle Temporal Gyrus (role: contributing, evidence: textbook, lateralization: bilateral, confidence: established)","source:binder-2015","R1 §4 Semantic memory; R1 §1.13 Wernicke's area","data/functions.yaml","","","",""
"assert:semantic-memory--supported-by--inferior-frontal-gyrus","assertion","SUPPORTED_BY","Semantic Memory SUPPORTED_BY Inferior Frontal Gyrus (role: contributing, evidence: textbook, lateralization: bilateral, confidence: established)","source:kandel-pns","R1 §4 Semantic memory","data/functions.yaml","","","",""
"assert:procedural-memory--supported-by--basal-ganglia","assertion","SUPPORTED_BY","Procedural Memory SUPPORTED_BY Basal Ganglia (role: primary, evidence: textbook, lateralization: bilateral, confidence: established)","source:kandel-pns; source:purves-neuroscience","R2 E2 Procedural memory; R1 §4 Procedural memory (striatum)","data/functions.yaml","","","",""
"assert:procedural-memory--supported-by--region-19","assertion","SUPPORTED_BY","Procedural Memory SUPPORTED_BY region:19 (role: primary, evidence: lesion+textbook, lateralization: bilateral, confidence: established)","source:kandel-pns","R2 E2 Procedural memory; R1 §4 Procedural memory","data/functions.yaml","","","",""
"assert:procedural-memory--supported-by--region-4","assertion","SUPPORTED_BY","Procedural Memory SUPPORTED_BY region:4 (role: contributing, evidence: imaging+textbook, lateralization: bilateral, confidence: established)","source:kandel-pns; source:nachev-2008","R2 E2 Procedural memory; R1 §4 Procedural memory (SMA)","data/functions.yaml","","","",""
"assert:procedural-memory--supported-by--region-3","assertion","SUPPORTED_BY","Procedural Memory SUPPORTED_BY region:3 (role: contributing, evidence: imaging+textbook, lateralization: bilateral, confidence: established)","source:kandel-pns; source:purves-neuroscience","R2 E2 Procedural memory; R1 §4 Procedural memory (premotor cortex)","data/functions.yaml","","","",""
"assert:procedural-memory--supported-by--region-5","assertion","SUPPORTED_BY","Procedural Memory SUPPORTED_BY region:5 (role: contributing, evidence: textbook, lateralization: bilateral, confidence: established)","source:kandel-pns; source:purves-neuroscience","R1 §4 Procedural memory (M1)","data/functions.yaml","","","",""
"assert:speech-production--supported-by--region-6","assertion","SUPPORTED_BY","Speech Production SUPPORTED_BY region:6 (role: primary, evidence: lesion+stimulation+textbook, lateralization: left, confidence: established)","source:dronkers-2007; source:blumenfeld-neuroanatomy","R2 E2 Speech production; R1 §4 Language production (left IFG, Broca); R1 §1.6 Broca's area","data/functions.yaml","","","",""
"assert:speech-production--supported-by--region-5--r2","assertion","SUPPORTED_BY","Speech Production SUPPORTED_BY region:5 (role: primary, evidence: stimulation, lateralization: bilateral, confidence: established)","source:penfield-boldrey-1937; source:kandel-pns","R2 E2 Speech production","data/functions.yaml","SUPPORTED_BY|function:speech-production|region:5","","",""
"assert:speech-production--supported-by--region-5--r1","assertion","SUPPORTED_BY","Speech Production SUPPORTED_BY region:5 (role: contributing, evidence: textbook, lateralization: bilateral, confidence: established)","source:kandel-pns; source:purves-neuroscience; source:nolte-human-brain","R1 §4 Language production (M1 face area)","data/functions.yaml","SUPPORTED_BY|function:speech-production|region:5","","",""
"assert:speech-production--supported-by--region-4","assertion","SUPPORTED_BY","Speech Production SUPPORTED_BY region:4 (role: contributing, evidence: lesion+stimulation+textbook, lateralization: bilateral, confidence: established)","source:kandel-pns; source:blumenfeld-neuroanatomy; source:nachev-2008","R2 E2 Speech production; R1 §4 Language production (SMA); R1 §1.4 Supplementary motor area","data/functions.yaml","","","",""
"assert:speech-production--supported-by--region-13","assertion","SUPPORTED_BY","Speech Production SUPPORTED_BY region:13 (role: primary, evidence: textbook, lateralization: left, confidence: established)","source:binder-2015; source:blumenfeld-neuroanatomy","R1 §4 Language production (left posterior temporal cortex); R1 §1.13 Wernicke's area","data/functions.yaml","","","",""
"assert:speech-production--supported-by--insula","assertion","SUPPORTED_BY","Speech Production SUPPORTED_BY Insula (role: contributing, evidence: lesion+textbook, lateralization: bilateral, confidence: approximate)","source:dronkers-1996","R1 §4 Language production; R1 §1.6 Broca's area; R1 §5 Insula","data/functions.yaml","","","",""
"assert:speech-production--supported-by--region-19","assertion","SUPPORTED_BY","Speech Production SUPPORTED_BY region:19 (role: contributing, evidence: lesion+textbook, lateralization: bilateral, confidence: established)","source:schmahmann-sherman-1998; source:kandel-pns","R1 §4 Language production; R1 §1.19 Cerebellum (CCAS reduced verbal fluency)","data/functions.yaml","","","",""
"assert:language-comprehension--supported-by--region-13","assertion","SUPPORTED_BY","Language Comprehension SUPPORTED_BY region:13 (role: primary, evidence: lesion, lateralization: left, confidence: established)","source:binder-2015; source:blumenfeld-neuroanatomy","R2 E2 Language comprehension; R1 §1.13 Wernicke's area","data/functions.yaml","","","",""
"assert:language-comprehension--supported-by--region-12","assertion","SUPPORTED_BY","Language Comprehension SUPPORTED_BY region:12 (role: primary, evidence: imaging+textbook, lateralization: left, confidence: established)","source:kandel-pns; source:hickok-2007","R2 E2 Language comprehension; R1 §4 Language comprehension (left STG); R1 §1.12 Superior temporal gyrus","data/functions.yaml","","","",""
"assert:language-comprehension--supported-by--superior-temporal-sulcus","assertion","SUPPORTED_BY","Language Comprehension SUPPORTED_BY Superior Temporal Sulcus (role: primary, evidence: textbook, lateralization: left, confidence: established)","source:kandel-pns; source:hickok-2007","R1 §4 Language comprehension (left STS)","data/functions.yaml","","","",""
"assert:language-comprehension--supported-by--middle-temporal-gyrus","assertion","SUPPORTED_BY","Language Comprehension SUPPORTED_BY Middle Temporal Gyrus (role: primary, evidence: textbook, lateralization: left, confidence: established)","source:binder-2015","R1 §4 Language comprehension (left MTG); R1 §1.13 Wernicke's area","data/functions.yaml","","","",""
"assert:language-comprehension--supported-by--region-9","assertion","SUPPORTED_BY","Language Comprehension SUPPORTED_BY region:9 (role: contributing, evidence: imaging+textbook, lateralization: bilateral, confidence: established)","source:seghier-2013","R2 E2 Language comprehension; R1 §4 Language comprehension","data/functions.yaml","","","",""
"assert:language-comprehension--supported-by--inferior-frontal-gyrus","assertion","SUPPORTED_BY","Language Comprehension SUPPORTED_BY Inferior Frontal Gyrus (role: contributing, evidence: textbook, lateralization: bilateral, confidence: established)","source:kandel-pns","R1 §4 Language comprehension","data/functions.yaml","","","",""
"assert:language-comprehension--supported-by--temporal-pole","assertion","SUPPORTED_BY","Language Comprehension SUPPORTED_BY Temporal Pole (role: contributing, evidence: textbook, lateralization: bilateral, confidence: established)","source:kandel-pns","R1 §4 Language comprehension (anterior temporal lobe)","data/functions.yaml","","","",""
"assert:reading--supported-by--visual-word-form-area","assertion","SUPPORTED_BY","Reading SUPPORTED_BY Visual Word Form Area (role: primary, evidence: lesion+imaging+textbook, lateralization: left, confidence: established)","source:dehaene-cohen-2011","R2 E2 Reading (14 left); R1 §4 Reading (left VWFA); R1 §1.14 Fusiform gyrus","data/functions.yaml","","","",""
"assert:reading--supported-by--region-9","assertion","SUPPORTED_BY","Reading SUPPORTED_BY region:9 (role: contributing, evidence: lesion+textbook, lateralization: left, confidence: established)","source:dejerine-1891; source:seghier-2013","R2 E2 Reading; R1 §4 Reading; R1 §1.9 Angular gyrus (left alexia with agraphia)","data/functions.yaml","","","",""
"assert:reading--supported-by--region-12","assertion","SUPPORTED_BY","Reading SUPPORTED_BY region:12 (role: contributing, evidence: textbook, lateralization: bilateral, confidence: established)","source:kandel-pns","R1 §4 Reading (STG)","data/functions.yaml","","","",""
"assert:reading--supported-by--inferior-frontal-gyrus","assertion","SUPPORTED_BY","Reading SUPPORTED_BY Inferior Frontal Gyrus (role: contributing, evidence: textbook, lateralization: bilateral, confidence: established)","source:kandel-pns","R1 §4 Reading (IFG)","data/functions.yaml","","","",""
"assert:writing--supported-by--region-3--r2","assertion","SUPPORTED_BY","Writing SUPPORTED_BY region:3 (role: contributing, evidence: lesion+stimulation, lateralization: left, confidence: approximate)","source:blumenfeld-neuroanatomy","R2 E2 Writing (3 left)","data/functions.yaml","SUPPORTED_BY|function:writing|region:3","","",""
"assert:writing--supported-by--region-3--r1","assertion","SUPPORTED_BY","Writing SUPPORTED_BY region:3 (role: primary, evidence: textbook, lateralization: left, confidence: approximate)","source:blumenfeld-neuroanatomy","R1 §4 Writing (left premotor, Exner's area)","data/functions.yaml","SUPPORTED_BY|function:writing|region:3","","",""
"assert:writing--supported-by--region-8--r2","assertion","SUPPORTED_BY","Writing SUPPORTED_BY region:8 (role: contributing, evidence: lesion, lateralization: bilateral, confidence: established)","source:blumenfeld-neuroanatomy","R2 E2 Writing","data/functions.yaml","SUPPORTED_BY|function:writing|region:8","","",""
"assert:writing--supported-by--region-8--r1","assertion","SUPPORTED_BY","Writing SUPPORTED_BY region:8 (role: primary, evidence: textbook, lateralization: left, confidence: established)","source:blumenfeld-neuroanatomy","R1 §4 Writing (left superior parietal)","data/functions.yaml","SUPPORTED_BY|function:writing|region:8","","",""
"assert:writing--supported-by--region-9--r2","assertion","SUPPORTED_BY","Writing SUPPORTED_BY region:9 (role: contributing, evidence: lesion, lateralization: bilateral, confidence: established)","source:blumenfeld-neuroanatomy; source:seghier-2013","R2 E2 Writing","data/functions.yaml","SUPPORTED_BY|function:writing|region:9","","",""
"assert:writing--supported-by--region-9--r1","assertion","SUPPORTED_BY","Writing SUPPORTED_BY region:9 (role: primary, evidence: lesion+textbook, lateralization: left, confidence: established)","source:seghier-2013; source:blumenfeld-neuroanatomy","R1 §4 Writing (angular gyrus); R1 §1.9 Angular gyrus (left Gerstmann agraphia)","data/functions.yaml","SUPPORTED_BY|function:writing|region:9","","",""
"assert:writing--supported-by--region-19","assertion","SUPPORTED_BY","Writing SUPPORTED_BY region:19 (role: contributing, evidence: textbook, lateralization: bilateral, confidence: established)","source:kandel-pns","R1 §4 Writing","data/functions.yaml","","","",""
"assert:writing--supported-by--visual-word-form-area","assertion","SUPPORTED_BY","Writing SUPPORTED_BY Visual Word Form Area (role: contributing, evidence: textbook, lateralization: left, confidence: established)","source:dehaene-cohen-2011","R1 §4 Writing (VWFA)","data/functions.yaml","","","",""
"assert:emotion--supported-by--amygdala","assertion","SUPPORTED_BY","Emotion SUPPORTED_BY Amygdala (role: primary, evidence: textbook, lateralization: bilateral, confidence: established)","source:kandel-pns","R2 E2 Emotion; R1 §4 Emotion and fear","data/functions.yaml","","","",""
"assert:emotion--supported-by--region-2","assertion","SUPPORTED_BY","Emotion SUPPORTED_BY region:2 (role: primary, evidence: lesion, lateralization: bilateral, confidence: established)","source:kandel-pns; source:purves-neuroscience","R2 E2 Emotion","data/functions.yaml","","","",""
"assert:emotion--supported-by--region-16","assertion","SUPPORTED_BY","Emotion SUPPORTED_BY region:16 (role: primary, evidence: imaging, lateralization: bilateral, confidence: approximate)","source:vogt-2005","R2 E2 Emotion","data/functions.yaml","","","",""
"assert:emotion--supported-by--insula","assertion","SUPPORTED_BY","Emotion SUPPORTED_BY Insula (role: contributing, evidence: textbook, lateralization: bilateral, confidence: established)","source:kandel-pns; source:purves-neuroscience","R1 §4 Emotion and fear; R1 §5 Insula (emotional awareness)","data/functions.yaml","","","",""
"assert:emotion--supported-by--anterior-cingulate-cortex","assertion","SUPPORTED_BY","Emotion SUPPORTED_BY Anterior Cingulate Cortex (role: contributing, evidence: textbook, lateralization: bilateral, confidence: established)","source:vogt-2005; source:kandel-pns","R1 §4 Emotion and fear; R1 §1.16 Cingulate cortex","data/functions.yaml","","","",""
"assert:emotion--supported-by--ventromedial-prefrontal-cortex","assertion","SUPPORTED_BY","Emotion SUPPORTED_BY Ventromedial Prefrontal Cortex (role: contributing, evidence: textbook, lateralization: bilateral, confidence: established)","source:kandel-pns","R1 §4 Emotion and fear","data/functions.yaml","","","",""
"assert:emotion--supported-by--hypothalamus","assertion","SUPPORTED_BY","Emotion SUPPORTED_BY Hypothalamus (role: contributing, evidence: textbook, lateralization: bilateral, confidence: established)","source:kandel-pns; source:qbi-brain-basics","R1 §4 Emotion and fear; KB anatomy/limbic_system.md","data/functions.yaml","","","",""
"assert:emotion--supported-by--periaqueductal-gray","assertion","SUPPORTED_BY","Emotion SUPPORTED_BY Periaqueductal Gray (role: contributing, evidence: textbook, lateralization: bilateral, confidence: established)","source:kandel-pns","R1 §4 Emotion and fear","data/functions.yaml","","","",""
"assert:emotion-regulation--supported-by--region-2","assertion","SUPPORTED_BY","Emotion Regulation SUPPORTED_BY region:2 (role: contributing, evidence: textbook, lateralization: bilateral, confidence: established)","source:kandel-pns; source:purves-neuroscience","R1 §1.2 Orbitofrontal cortex (Controls)","data/functions.yaml","","","",""
"assert:emotion-regulation--supported-by--region-1","assertion","SUPPORTED_BY","Emotion Regulation SUPPORTED_BY region:1 (role: contributing, evidence: textbook, lateralization: bilateral, confidence: established)","source:qbi-brain-basics; source:kandel-pns","KB anatomy/limbic_system.md (prefrontal cortex regulates emotion)","data/functions.yaml","","","",""
"assert:emotion-regulation--supported-by--region-19","assertion","SUPPORTED_BY","Emotion Regulation SUPPORTED_BY region:19 (role: contributing, evidence: lesion+textbook, lateralization: bilateral, confidence: established)","source:schmahmann-sherman-1998","KB anatomy/hindbrain.md; R1 §1.19 Cerebellum (CCAS)","data/functions.yaml","","","",""
"assert:fear--supported-by--amygdala","assertion","SUPPORTED_BY","Fear SUPPORTED_BY Amygdala (role: primary, evidence: lesion+imaging+textbook, lateralization: bilateral, confidence: established)","source:feinstein-2011; source:kandel-pns","R2 E2 Fear; R1 §4 Emotion and fear; R1 §5 Amygdala","data/functions.yaml","","","",""
"assert:fear--supported-by--periaqueductal-gray","assertion","SUPPORTED_BY","Fear SUPPORTED_BY Periaqueductal Gray (role: contributing, evidence: stimulation+textbook, lateralization: bilateral, confidence: established)","source:kandel-pns","R2 E2 Fear (15 PAG); R1 §4 Emotion and fear; R2 B5","data/functions.yaml","","","",""
"assert:fear--supported-by--insula","assertion","SUPPORTED_BY","Fear SUPPORTED_BY Insula (role: contributing, evidence: textbook, lateralization: bilateral, confidence: established)","source:kandel-pns","R1 §4 Emotion and fear","data/functions.yaml","","","",""
"assert:fear--supported-by--anterior-cingulate-cortex","assertion","SUPPORTED_BY","Fear SUPPORTED_BY Anterior Cingulate Cortex (role: contributing, evidence: textbook, lateralization: bilateral, confidence: established)","source:kandel-pns","R1 §4 Emotion and fear","data/functions.yaml","","","",""
"assert:fear--supported-by--ventromedial-prefrontal-cortex","assertion","SUPPORTED_BY","Fear SUPPORTED_BY Ventromedial Prefrontal Cortex (role: contributing, evidence: textbook, lateralization: bilateral, confidence: established)","source:kandel-pns","R1 §4 Emotion and fear; R2 B5 (extinction)","data/functions.yaml","","","",""
"assert:fear--supported-by--hypothalamus","assertion","SUPPORTED_BY","Fear SUPPORTED_BY Hypothalamus (role: contributing, evidence: textbook, lateralization: bilateral, confidence: established)","source:kandel-pns","R1 §4 Emotion and fear; R2 B5; R1 §5 Hypothalamus (defensive behaviour)","data/functions.yaml","","","",""
"assert:decision-making--supported-by--region-2","assertion","SUPPORTED_BY","Decision-Making SUPPORTED_BY region:2 (role: primary, evidence: lesion+textbook, lateralization: bilateral, confidence: established)","source:kandel-pns; source:purves-neuroscience","R2 E2 Decision making; R1 §4 Decision-making (OFC)","data/functions.yaml","","","",""
"assert:decision-making--supported-by--region-1","assertion","SUPPORTED_BY","Decision-Making SUPPORTED_BY region:1 (role: primary, evidence: imaging, lateralization: bilateral, confidence: approximate)","source:kandel-pns; source:blumenfeld-neuroanatomy","R2 E2 Decision making","data/functions.yaml","","","",""
"assert:decision-making--supported-by--ventromedial-prefrontal-cortex","assertion","SUPPORTED_BY","Decision-Making SUPPORTED_BY Ventromedial Prefrontal Cortex (role: primary, evidence: lesion+textbook, lateralization: bilateral, confidence: established)","source:kandel-pns; source:blumenfeld-neuroanatomy","R1 §4 Decision-making (vmPFC); R1 §1.1 Prefrontal cortex (vmPFC damage)","data/functions.yaml","","","",""
"assert:decision-making--supported-by--striatum","assertion","SUPPORTED_BY","Decision-Making SUPPORTED_BY Striatum (role: primary, evidence: textbook, lateralization: bilateral, confidence: established)","source:kandel-pns","R1 §4 Decision-making","data/functions.yaml","","","",""
"assert:decision-making--supported-by--region-16","assertion","SUPPORTED_BY","Decision-Making SUPPORTED_BY region:16 (role: contributing, evidence: imaging, lateralization: bilateral, confidence: approximate)","source:vogt-2005","R2 E2 Decision making","data/functions.yaml","","","",""
"assert:decision-making--supported-by--dorsolateral-prefrontal-cortex","assertion","SUPPORTED_BY","Decision-Making SUPPORTED_BY Dorsolateral Prefrontal Cortex (role: contributing, evidence: textbook, lateralization: bilateral, confidence: established)","source:kandel-pns","R1 §4 Decision-making","data/functions.yaml","","","",""
"assert:decision-making--supported-by--anterior-cingulate-cortex","assertion","SUPPORTED_BY","Decision-Making SUPPORTED_BY Anterior Cingulate Cortex (role: contributing, evidence: textbook, lateralization: bilateral, confidence: established)","source:kandel-pns","R1 §4 Decision-making","data/functions.yaml","","","",""
"assert:decision-making--supported-by--insula","assertion","SUPPORTED_BY","Decision-Making SUPPORTED_BY Insula (role: contributing, evidence: textbook, lateralization: bilateral, confidence: established)","source:kandel-pns","R1 §4 Decision-making","data/functions.yaml","","","",""
"assert:decision-making--supported-by--midbrain","assertion","SUPPORTED_BY","Decision-Making SUPPORTED_BY Midbrain (role: contributing, evidence: textbook, lateralization: bilateral, confidence: established)","source:kandel-pns","R1 §4 Decision-making (dopamine midbrain)","data/functions.yaml","","","",""
"assert:reward--supported-by--region-2","assertion","SUPPORTED_BY","Reward SUPPORTED_BY region:2 (role: primary, evidence: textbook, lateralization: bilateral, confidence: established)","source:kandel-pns; source:purves-neuroscience","R1 §1.2 Orbitofrontal cortex (expected value of rewards)","data/functions.yaml","","","",""
"assert:reward--supported-by--ventral-tegmental-area","assertion","SUPPORTED_BY","Reward SUPPORTED_BY Ventral Tegmental Area (role: primary, evidence: textbook, lateralization: bilateral, confidence: established)","source:schultz-1997; source:kandel-pns","R1 §1.15 Midbrain (VTA); R2 B6; KB anatomy/midbrain.md","data/functions.yaml","","","",""
"assert:reward--supported-by--nucleus-accumbens","assertion","SUPPORTED_BY","Reward SUPPORTED_BY Nucleus Accumbens (role: contributing, evidence: textbook, lateralization: bilateral, confidence: established)","source:kandel-pns","R2 B6; R1 §1.2 Orbitofrontal cortex (myth line: ventral striatum)","data/functions.yaml","","Audit: no source gives a primary role, so contributing.","",""
"assert:reward--supported-by--amygdala","assertion","SUPPORTED_BY","Reward SUPPORTED_BY Amygdala (role: contributing, evidence: textbook, lateralization: bilateral, confidence: established)","source:kandel-pns","R1 §5 Amygdala (also responds to reward)","data/functions.yaml","","","",""
"assert:attention--supported-by--region-8","assertion","SUPPORTED_BY","Attention SUPPORTED_BY region:8 (role: primary, evidence: imaging+textbook, lateralization: bilateral, confidence: established)","source:corbetta-shulman-2002; source:kandel-pns","R2 E2 Attention; R1 §4 Attention (SPL); R1 §1.8 Superior parietal lobule","data/functions.yaml","","","",""
"assert:attention--supported-by--intraparietal-sulcus","assertion","SUPPORTED_BY","Attention SUPPORTED_BY Intraparietal Sulcus (role: primary, evidence: textbook, lateralization: bilateral, confidence: established)","source:corbetta-shulman-2002","R1 §4 Attention (IPS)","data/functions.yaml","","","",""
"assert:attention--supported-by--frontal-eye-field","assertion","SUPPORTED_BY","Attention SUPPORTED_BY Frontal Eye Field (role: primary, evidence: stimulation+imaging+textbook, lateralization: bilateral, confidence: established)","source:corbetta-shulman-2002; source:kandel-pns","R2 E2 Attention (1 FEF); R1 §4 Attention (FEF)","data/functions.yaml","","","",""
"assert:attention--supported-by--region-9--r2","assertion","SUPPORTED_BY","Attention SUPPORTED_BY region:9 (role: contributing, evidence: lesion, lateralization: right, confidence: established)","source:seghier-2013; source:blumenfeld-neuroanatomy","R2 E2 Attention (9 right)","data/functions.yaml","SUPPORTED_BY|function:attention|region:9","","",""
"assert:attention--supported-by--region-9--r1","assertion","SUPPORTED_BY","Attention SUPPORTED_BY region:9 (role: primary, evidence: textbook, lateralization: right, confidence: established)","source:corbetta-shulman-2002","R1 §4 Attention (right TPJ, mapped to region 9 per R2 E3)","data/functions.yaml","SUPPORTED_BY|function:attention|region:9","","",""
"assert:attention--supported-by--inferior-frontal-gyrus","assertion","SUPPORTED_BY","Attention SUPPORTED_BY Inferior Frontal Gyrus (role: primary, evidence: textbook, lateralization: right, confidence: approximate)","source:corbetta-shulman-2002","R1 §4 Attention (ventral frontal cortex, mapped to IFG); R1 §9 Ventral attention network","data/functions.yaml","","","",""
"assert:attention--supported-by--thalamus","assertion","SUPPORTED_BY","Attention SUPPORTED_BY Thalamus (role: contributing, evidence: textbook, lateralization: bilateral, confidence: established)","source:kandel-pns","R1 §4 Attention (pulvinar); R1 §5 Thalamus; R2 B3","data/functions.yaml","","","",""
"assert:attention--supported-by--superior-colliculus","assertion","SUPPORTED_BY","Attention SUPPORTED_BY Superior Colliculus (role: contributing, evidence: textbook, lateralization: bilateral, confidence: established)","source:kandel-pns","R1 §4 Attention","data/functions.yaml","","","",""
"assert:attention--supported-by--anterior-cingulate-cortex","assertion","SUPPORTED_BY","Attention SUPPORTED_BY Anterior Cingulate Cortex (role: contributing, evidence: textbook, lateralization: bilateral, confidence: established)","source:qbi-brain-basics; source:kandel-pns","KB anatomy/limbic_system.md (anterior cingulate)","data/functions.yaml","","","",""
"assert:motor-control--supported-by--region-5","assertion","SUPPORTED_BY","Motor Control SUPPORTED_BY region:5 (role: primary, evidence: lesion+stimulation+textbook, lateralization: bilateral, confidence: established)","source:kandel-pns; source:purves-neuroscience; source:nolte-human-brain; source:penfield-1950","R2 E2 Motor control; R1 §4 Movement (M1); R1 §1.5 Primary motor cortex","data/functions.yaml","","","",""
"assert:motor-control--supported-by--region-3","assertion","SUPPORTED_BY","Motor Control SUPPORTED_BY region:3 (role: primary, evidence: stimulation+textbook, lateralization: bilateral, confidence: established)","source:kandel-pns; source:purves-neuroscience","R2 E2 Motor control; R1 §4 Movement (premotor cortex)","data/functions.yaml","","","",""
"assert:motor-control--supported-by--region-4","assertion","SUPPORTED_BY","Motor Control SUPPORTED_BY region:4 (role: primary, evidence: stimulation+textbook, lateralization: bilateral, confidence: established)","source:kandel-pns; source:nachev-2008","R2 E2 Motor control; R1 §4 Movement (SMA)","data/functions.yaml","","","",""
"assert:motor-control--supported-by--region-19--r2","assertion","SUPPORTED_BY","Motor Control SUPPORTED_BY region:19 (role: primary, evidence: lesion, lateralization: bilateral, confidence: established)","source:kandel-pns","R2 E2 Motor control","data/functions.yaml","SUPPORTED_BY|function:motor-control|region:19","","",""
"assert:motor-control--supported-by--region-19--r1","assertion","SUPPORTED_BY","Motor Control SUPPORTED_BY region:19 (role: contributing, evidence: textbook, lateralization: bilateral, confidence: established)","source:kandel-pns","R1 §4 Movement (cerebellum)","data/functions.yaml","SUPPORTED_BY|function:motor-control|region:19","","",""
"assert:motor-control--supported-by--basal-ganglia","assertion","SUPPORTED_BY","Motor Control SUPPORTED_BY Basal Ganglia (role: contributing, evidence: textbook, lateralization: bilateral, confidence: established)","source:kandel-pns","R1 §4 Movement; R2 B1","data/functions.yaml","","","",""
"assert:motor-control--supported-by--region-20","assertion","SUPPORTED_BY","Motor Control SUPPORTED_BY region:20 (role: contributing, evidence: textbook, lateralization: bilateral, confidence: established)","source:kandel-pns; source:nolte-human-brain","R1 §4 Movement (brainstem)","data/functions.yaml","","","",""
"assert:motor-control--supported-by--spinal-cord","assertion","SUPPORTED_BY","Motor Control SUPPORTED_BY Spinal Cord (role: contributing, evidence: textbook, lateralization: bilateral, confidence: established)","source:kandel-pns; source:nolte-human-brain","R1 §4 Movement (spinal cord)","data/functions.yaml","","","",""
"assert:motor-control--supported-by--substantia-nigra","assertion","SUPPORTED_BY","Motor Control SUPPORTED_BY Substantia Nigra (role: contributing, evidence: textbook, lateralization: bilateral, confidence: established)","source:kandel-pns; source:qbi-brain-basics","R2 B7 Nigrostriatal pathway; KB anatomy/midbrain.md","data/functions.yaml","","","",""
"assert:motor-sequencing--supported-by--region-4","assertion","SUPPORTED_BY","Motor Sequencing SUPPORTED_BY region:4 (role: primary, evidence: textbook, lateralization: bilateral, confidence: established)","source:kandel-pns; source:blumenfeld-neuroanatomy; source:nachev-2008","R1 §1.4 Supplementary motor area (Function, Controls)","data/functions.yaml","","","",""
"assert:motor-sequencing--supported-by--region-3","assertion","SUPPORTED_BY","Motor Sequencing SUPPORTED_BY region:3 (role: contributing, evidence: textbook, lateralization: bilateral, confidence: established)","source:kandel-pns; source:purves-neuroscience","R1 §1.3 Premotor cortex (Controls: movement sequences)","data/functions.yaml","","","",""
"assert:sequence-initiation--supported-by--region-4","assertion","SUPPORTED_BY","Sequence Initiation SUPPORTED_BY region:4 (role: primary, evidence: lesion+textbook, lateralization: bilateral, confidence: established)","source:kandel-pns; source:blumenfeld-neuroanatomy; source:nachev-2008; source:kornhuber-1965","R1 §1.4 Supplementary motor area (Function; SMA syndrome akinesia; readiness potential)","data/functions.yaml","","","",""
"assert:sequence-initiation--supported-by--region-3","assertion","SUPPORTED_BY","Sequence Initiation SUPPORTED_BY region:3 (role: contributing, evidence: textbook, lateralization: bilateral, confidence: approximate)","source:kandel-pns; source:purves-neuroscience","R1 §1.3 Premotor cortex (prepares and selects movements)","data/functions.yaml","","","",""
"assert:sequence-initiation--supported-by--substantia-nigra","assertion","SUPPORTED_BY","Sequence Initiation SUPPORTED_BY Substantia Nigra (role: contributing, evidence: textbook, lateralization: bilateral, confidence: established)","source:kandel-pns","R2 B7 Nigrostriatal pathway (movement start-up)","data/functions.yaml","","","",""
"assert:motor-learning--supported-by--region-19","assertion","SUPPORTED_BY","Motor Learning SUPPORTED_BY region:19 (role: primary, evidence: textbook, lateralization: bilateral, confidence: established)","source:kandel-pns","R1 §1.19 Cerebellum; KB physiology/synaptic_plasticity.md","data/functions.yaml","","","",""
"assert:timing--supported-by--region-19","assertion","SUPPORTED_BY","Timing SUPPORTED_BY region:19 (role: primary, evidence: textbook, lateralization: bilateral, confidence: established)","source:kandel-pns; source:schmahmann-sherman-1998","R1 §1.19 Cerebellum; KB anatomy/hindbrain.md; R1 §17a myth 9","data/functions.yaml","","","",""
"assert:motor-coordination--supported-by--region-19","assertion","SUPPORTED_BY","Motor Coordination SUPPORTED_BY region:19 (role: primary, evidence: lesion+textbook, lateralization: bilateral, confidence: established)","source:kandel-pns","R1 §1.19 Cerebellum (ataxia, dysmetria); R1 §10 Pierre Flourens","data/functions.yaml","","","",""
"assert:motor-coordination--supported-by--region-4","assertion","SUPPORTED_BY","Motor Coordination SUPPORTED_BY region:4 (role: contributing, evidence: textbook, lateralization: bilateral, confidence: established)","source:kandel-pns; source:nachev-2008","R1 §1.4 Supplementary motor area (coordinates the two hands)","data/functions.yaml","","","",""
"assert:locomotion--supported-by--spinal-cord","assertion","SUPPORTED_BY","Locomotion SUPPORTED_BY Spinal Cord (role: primary, evidence: textbook, lateralization: bilateral, confidence: established)","source:graham-brown-1911","R2 B10 Central pattern generators (spinal rhythm networks)","data/functions.yaml","","","",""
"assert:locomotion--supported-by--midbrain","assertion","SUPPORTED_BY","Locomotion SUPPORTED_BY Midbrain (role: contributing, evidence: textbook, lateralization: bilateral, confidence: established)","source:graham-brown-1911","R2 B10 Central pattern generators (mesencephalic locomotor region)","data/functions.yaml","","","",""
"assert:locomotion--supported-by--region-5","assertion","SUPPORTED_BY","Locomotion SUPPORTED_BY region:5 (role: contributing, evidence: textbook, lateralization: bilateral, confidence: established)","source:graham-brown-1911","R2 B10 Central pattern generators (cortex refines walking)","data/functions.yaml","","","",""
"assert:locomotion--supported-by--region-3","assertion","SUPPORTED_BY","Locomotion SUPPORTED_BY region:3 (role: contributing, evidence: textbook, lateralization: bilateral, confidence: established)","source:graham-brown-1911","R2 B10 Central pattern generators (cortex refines walking)","data/functions.yaml","","","",""
"assert:locomotion--supported-by--region-19","assertion","SUPPORTED_BY","Locomotion SUPPORTED_BY region:19 (role: contributing, evidence: textbook, lateralization: bilateral, confidence: established)","source:graham-brown-1911","R2 B10 Central pattern generators (cerebellum refines walking)","data/functions.yaml","","","",""
"assert:eye-movement--supported-by--frontal-eye-field","assertion","SUPPORTED_BY","Eye Movement SUPPORTED_BY Frontal Eye Field (role: primary, evidence: lesion+textbook, lateralization: bilateral, confidence: established)","source:kandel-pns; source:purves-neuroscience","R1 §1.3 Premotor cortex (FEF controls saccades; FEF damage)","data/functions.yaml","","","",""
"assert:eye-movement--supported-by--superior-colliculus","assertion","SUPPORTED_BY","Eye Movement SUPPORTED_BY Superior Colliculus (role: primary, evidence: textbook, lateralization: bilateral, confidence: established)","source:kandel-pns; source:purves-neuroscience","R1 §1.15 Midbrain (superior colliculi); KB anatomy/midbrain.md","data/functions.yaml","","","",""
"assert:eye-movement--supported-by--midbrain","assertion","SUPPORTED_BY","Eye Movement SUPPORTED_BY Midbrain (role: primary, evidence: textbook, lateralization: bilateral, confidence: established)","source:kandel-pns; source:qbi-brain-basics","R1 §1.15 Midbrain (oculomotor and trochlear nuclei); KB anatomy/midbrain.md","data/functions.yaml","","","",""
"assert:eye-movement--supported-by--region-19","assertion","SUPPORTED_BY","Eye Movement SUPPORTED_BY region:19 (role: contributing, evidence: lesion+textbook, lateralization: bilateral, confidence: established)","source:kandel-pns","R1 §1.19 Cerebellum (eye-movement control; nystagmus); R2 B12","data/functions.yaml","","","",""
"assert:eye-movement--supported-by--region-8","assertion","SUPPORTED_BY","Eye Movement SUPPORTED_BY region:8 (role: contributing, evidence: textbook, lateralization: bilateral, confidence: established)","source:kandel-pns; source:blumenfeld-neuroanatomy","R1 §1.8 Superior parietal lobule (guides eye movements)","data/functions.yaml","","","",""
"assert:eye-movement--supported-by--vestibular-nuclei","assertion","SUPPORTED_BY","Eye Movement SUPPORTED_BY Vestibular Nuclei (role: contributing, evidence: textbook, lateralization: bilateral, confidence: established)","source:kandel-pns","R2 B12 Vestibulo-ocular reflex","data/functions.yaml","","","",""
"assert:balance--supported-by--region-19","assertion","SUPPORTED_BY","Balance SUPPORTED_BY region:19 (role: primary, evidence: lesion+textbook, lateralization: bilateral, confidence: established)","source:kandel-pns","R2 E2 Balance; R1 §4 Balance (vestibulocerebellum)","data/functions.yaml","","","",""
"assert:balance--supported-by--region-20","assertion","SUPPORTED_BY","Balance SUPPORTED_BY region:20 (role: primary, evidence: textbook, lateralization: bilateral, confidence: established)","source:kandel-pns; source:nolte-human-brain","R2 E2 Balance","data/functions.yaml","","","",""
"assert:balance--supported-by--vestibular-nuclei","assertion","SUPPORTED_BY","Balance SUPPORTED_BY Vestibular Nuclei (role: primary, evidence: textbook, lateralization: bilateral, confidence: established)","source:kandel-pns","R1 §4 Balance","data/functions.yaml","","","",""
"assert:balance--supported-by--insula","assertion","SUPPORTED_BY","Balance SUPPORTED_BY Insula (role: contributing, evidence: textbook, lateralization: bilateral, confidence: approximate)","source:kandel-pns","R1 §4 Balance (parietoinsular vestibular cortex, mapped to insula)","data/functions.yaml","","","",""
"assert:proprioception--supported-by--region-7","assertion","SUPPORTED_BY","Proprioception SUPPORTED_BY region:7 (role: primary, evidence: lesion+textbook, lateralization: bilateral, confidence: established)","source:kandel-pns; source:purves-neuroscience; source:nolte-human-brain","R1 §1.7 Primary somatosensory cortex (area 3a; loss of position sense); R1 §8","data/functions.yaml","","","",""
"assert:proprioception--supported-by--region-8","assertion","SUPPORTED_BY","Proprioception SUPPORTED_BY region:8 (role: contributing, evidence: textbook, lateralization: bilateral, confidence: established)","source:kandel-pns; source:blumenfeld-neuroanatomy","R1 §1.8 Superior parietal lobule (combines vision with body position)","data/functions.yaml","","","",""
"assert:body-schema--supported-by--region-8","assertion","SUPPORTED_BY","Body Schema SUPPORTED_BY region:8 (role: primary, evidence: textbook, lateralization: bilateral, confidence: established)","source:kandel-pns; source:blumenfeld-neuroanatomy","R1 §1.8 Superior parietal lobule (maintains the body schema)","data/functions.yaml","","","",""
"assert:body-schema--supported-by--region-9","assertion","SUPPORTED_BY","Body Schema SUPPORTED_BY region:9 (role: contributing, evidence: textbook, lateralization: bilateral, confidence: approximate)","source:seghier-2013","R1 §1.9 Angular gyrus (awareness of one's own body)","data/functions.yaml","","","",""
"assert:interoception--supported-by--insula","assertion","SUPPORTED_BY","Interoception SUPPORTED_BY Insula (role: primary, evidence: textbook, lateralization: bilateral, confidence: established)","source:kandel-pns; source:purves-neuroscience; source:blumenfeld-neuroanatomy","R1 §5 Insula","data/functions.yaml","","","",""
"assert:vision--supported-by--region-17","assertion","SUPPORTED_BY","Vision SUPPORTED_BY region:17 (role: primary, evidence: lesion+stimulation+textbook, lateralization: bilateral, confidence: established)","source:kandel-pns; source:purves-neuroscience; source:nolte-human-brain","R2 E2 Vision; R1 §4 Vision (V1); R1 §1.17 Primary visual cortex","data/functions.yaml","","","",""
"assert:vision--supported-by--region-18--r2","assertion","SUPPORTED_BY","Vision SUPPORTED_BY region:18 (role: primary, evidence: lesion+stimulation+imaging, lateralization: bilateral, confidence: established)","source:kandel-pns; source:goodale-1992","R2 E2 Vision","data/functions.yaml","SUPPORTED_BY|function:vision|region:18","","",""
"assert:vision--supported-by--region-18--r1","assertion","SUPPORTED_BY","Vision SUPPORTED_BY region:18 (role: contributing, evidence: textbook, lateralization: bilateral, confidence: established)","source:kandel-pns","R1 §4 Vision (V2 to V5)","data/functions.yaml","SUPPORTED_BY|function:vision|region:18","","",""
"assert:vision--supported-by--fusiform-gyrus","assertion","SUPPORTED_BY","Vision SUPPORTED_BY Fusiform Gyrus (role: contributing, evidence: textbook, lateralization: bilateral, confidence: established)","source:purves-neuroscience","R1 §4 Vision (fusiform)","data/functions.yaml","","","",""
"assert:vision--supported-by--region-8","assertion","SUPPORTED_BY","Vision SUPPORTED_BY region:8 (role: contributing, evidence: textbook, lateralization: bilateral, confidence: approximate)","source:goodale-1992","R1 §4 Vision (parietal cortex, mapped to region 8); R1 §1.18 dorsal stream","data/functions.yaml","","","",""
"assert:vision--supported-by--lateral-geniculate-nucleus","assertion","SUPPORTED_BY","Vision SUPPORTED_BY Lateral Geniculate Nucleus (role: contributing, evidence: textbook, lateralization: bilateral, confidence: established)","source:kandel-pns; source:purves-neuroscience","R1 §4 Vision; R1 §8 Vision","data/functions.yaml","","","",""
"assert:vision--supported-by--superior-colliculus","assertion","SUPPORTED_BY","Vision SUPPORTED_BY Superior Colliculus (role: contributing, evidence: textbook, lateralization: bilateral, confidence: established)","source:kandel-pns; source:purves-neuroscience","R1 §4 Vision; R1 §8 Vision","data/functions.yaml","","","",""
"assert:colour-vision--supported-by--area-v4","assertion","SUPPORTED_BY","Colour Vision SUPPORTED_BY Area V4 (role: primary, evidence: lesion+textbook, lateralization: bilateral, confidence: established)","source:kandel-pns","R1 §1.18 Visual association cortex (V4; achromatopsia)","data/functions.yaml","","","",""
"assert:colour-vision--supported-by--fusiform-gyrus","assertion","SUPPORTED_BY","Colour Vision SUPPORTED_BY Fusiform Gyrus (role: contributing, evidence: lesion+textbook, lateralization: bilateral, confidence: established)","source:purves-neuroscience","R1 §1.14 Fusiform gyrus (colour; central achromatopsia)","data/functions.yaml","","","",""
"assert:colour-vision--supported-by--lingual-gyrus","assertion","SUPPORTED_BY","Colour Vision SUPPORTED_BY Lingual Gyrus (role: contributing, evidence: textbook, lateralization: bilateral, confidence: established)","source:purves-neuroscience","R1 §1.14 Fusiform gyrus (colour with the lingual gyrus)","data/functions.yaml","","","",""
"assert:colour-vision--supported-by--region-17","assertion","SUPPORTED_BY","Colour Vision SUPPORTED_BY region:17 (role: contributing, evidence: textbook, lateralization: bilateral, confidence: established)","source:kandel-pns; source:purves-neuroscience; source:nolte-human-brain","R1 §1.17 Primary visual cortex (colour contrasts)","data/functions.yaml","","","",""
"assert:motion-perception--supported-by--area-v5-mt","assertion","SUPPORTED_BY","Motion Perception SUPPORTED_BY Area V5/MT (role: primary, evidence: lesion+textbook, lateralization: bilateral, confidence: established)","source:zihl-1983; source:kandel-pns","R1 §1.18 Visual association cortex (V5/MT; akinetopsia in L.M.)","data/functions.yaml","","","",""
"assert:motion-perception--supported-by--area-v3","assertion","SUPPORTED_BY","Motion Perception SUPPORTED_BY Area V3 (role: contributing, evidence: textbook, lateralization: bilateral, confidence: established)","source:kandel-pns","R1 §1.18 Visual association cortex (V3)","data/functions.yaml","","","",""
"assert:motion-perception--supported-by--region-17","assertion","SUPPORTED_BY","Motion Perception SUPPORTED_BY region:17 (role: contributing, evidence: textbook, lateralization: bilateral, confidence: established)","source:kandel-pns; source:purves-neuroscience; source:nolte-human-brain","R1 §1.17 Primary visual cortex (motion direction)","data/functions.yaml","","","",""
"assert:object-recognition--supported-by--region-14","assertion","SUPPORTED_BY","Object Recognition SUPPORTED_BY region:14 (role: primary, evidence: lesion+textbook, lateralization: bilateral, confidence: established)","source:goodale-1992; source:kandel-pns","R1 §1.18 Visual association cortex (ventral stream to inferotemporal cortex)","data/functions.yaml","","","",""
"assert:object-recognition--supported-by--fusiform-gyrus","assertion","SUPPORTED_BY","Object Recognition SUPPORTED_BY Fusiform Gyrus (role: primary, evidence: textbook, lateralization: bilateral, confidence: established)","source:purves-neuroscience","R1 §1.14 Fusiform gyrus (objects)","data/functions.yaml","","","",""
"assert:object-recognition--supported-by--region-18","assertion","SUPPORTED_BY","Object Recognition SUPPORTED_BY region:18 (role: contributing, evidence: lesion+textbook, lateralization: bilateral, confidence: established)","source:goodale-1992","R1 §1.18 Visual association cortex (ventral stream; visual form agnosia in D.F.)","data/functions.yaml","","","",""
"assert:face-recognition--supported-by--fusiform-gyrus","assertion","SUPPORTED_BY","Face Recognition SUPPORTED_BY Fusiform Gyrus (role: primary, evidence: lesion+stimulation+imaging+textbook, lateralization: right, confidence: established)","source:kanwisher-1997; source:purves-neuroscience","R2 E2 Face recognition (14, fusiform-specific); R1 §4 Face recognition (right FFA); R1 §1.14 Fusiform gyrus","data/functions.yaml","","","",""
"assert:face-recognition--supported-by--region-18","assertion","SUPPORTED_BY","Face Recognition SUPPORTED_BY region:18 (role: contributing, evidence: textbook, lateralization: bilateral, confidence: approximate)","source:purves-neuroscience","R1 §4 Face recognition (occipital face area, mapped to region 18)","data/functions.yaml","","","",""
"assert:face-recognition--supported-by--superior-temporal-sulcus","assertion","SUPPORTED_BY","Face Recognition SUPPORTED_BY Superior Temporal Sulcus (role: contributing, evidence: textbook, lateralization: bilateral, confidence: established)","source:kandel-pns","R1 §4 Face recognition (posterior STS, expressions); R1 §1.12","data/functions.yaml","","","",""
"assert:face-recognition--supported-by--temporal-pole","assertion","SUPPORTED_BY","Face Recognition SUPPORTED_BY Temporal Pole (role: contributing, evidence: textbook, lateralization: bilateral, confidence: established)","source:kandel-pns","R1 §4 Face recognition (anterior temporal lobe, identity)","data/functions.yaml","","","",""
"assert:face-recognition--supported-by--amygdala","assertion","SUPPORTED_BY","Face Recognition SUPPORTED_BY Amygdala (role: contributing, evidence: textbook, lateralization: bilateral, confidence: established)","source:kandel-pns","R1 §4 Face recognition","data/functions.yaml","","","",""
"assert:visuospatial-processing--supported-by--region-8","assertion","SUPPORTED_BY","Visuospatial Processing SUPPORTED_BY region:8 (role: primary, evidence: lesion+textbook, lateralization: bilateral, confidence: established)","source:kandel-pns; source:blumenfeld-neuroanatomy","R1 §1.8 Superior parietal lobule (Function; optic ataxia, Balint syndrome)","data/functions.yaml","","","",""
"assert:visuospatial-processing--supported-by--region-18","assertion","SUPPORTED_BY","Visuospatial Processing SUPPORTED_BY region:18 (role: contributing, evidence: lesion+textbook, lateralization: bilateral, confidence: established)","source:goodale-1992; source:kandel-pns","R1 §1.18 Visual association cortex (dorsal stream; Balint syndrome)","data/functions.yaml","","","",""
"assert:visuospatial-processing--supported-by--region-19","assertion","SUPPORTED_BY","Visuospatial Processing SUPPORTED_BY region:19 (role: contributing, evidence: lesion, lateralization: bilateral, confidence: established)","source:schmahmann-sherman-1998","R1 §1.19 Cerebellum (CCAS impaired spatial cognition)","data/functions.yaml","","","",""
"assert:visually-guided-action--supported-by--region-8","assertion","SUPPORTED_BY","Visually Guided Action SUPPORTED_BY region:8 (role: primary, evidence: lesion+textbook, lateralization: bilateral, confidence: established)","source:kandel-pns; source:blumenfeld-neuroanatomy","R1 §1.8 Superior parietal lobule (guides reaching and grasping; optic ataxia)","data/functions.yaml","","","",""
"assert:visually-guided-action--supported-by--region-3","assertion","SUPPORTED_BY","Visually Guided Action SUPPORTED_BY region:3 (role: primary, evidence: textbook, lateralization: bilateral, confidence: established)","source:kandel-pns; source:purves-neuroscience","R1 §1.3 Premotor cortex (vision-cued movement; reaching, grasping)","data/functions.yaml","","","",""
"assert:visually-guided-action--supported-by--region-18","assertion","SUPPORTED_BY","Visually Guided Action SUPPORTED_BY region:18 (role: contributing, evidence: lesion+textbook, lateralization: bilateral, confidence: established)","source:goodale-1992","R1 §1.18 Visual association cortex (dorsal stream; D.F. posting a card)","data/functions.yaml","","","",""
"assert:visually-guided-action--supported-by--region-19","assertion","SUPPORTED_BY","Visually Guided Action SUPPORTED_BY region:19 (role: contributing, evidence: lesion, lateralization: bilateral, confidence: established)","source:kandel-pns","R1 §1.19 Cerebellum (dysmetria)","data/functions.yaml","","","",""
"assert:mental-imagery--supported-by--region-10","assertion","SUPPORTED_BY","Mental Imagery SUPPORTED_BY region:10 (role: primary, evidence: textbook, lateralization: bilateral, confidence: established)","source:cavanna-trimble-2006","R1 §1.10 Precuneus (visuospatial imagery)","data/functions.yaml","","","",""
"assert:mental-imagery--supported-by--region-8","assertion","SUPPORTED_BY","Mental Imagery SUPPORTED_BY region:8 (role: primary, evidence: textbook, lateralization: bilateral, confidence: established)","source:kandel-pns; source:blumenfeld-neuroanatomy","R1 §1.8 Superior parietal lobule (mental rotation)","data/functions.yaml","","","",""
"assert:hearing--supported-by--region-11","assertion","SUPPORTED_BY","Hearing SUPPORTED_BY region:11 (role: primary, evidence: lesion+stimulation+textbook, lateralization: bilateral, confidence: established)","source:kandel-pns; source:purves-neuroscience; source:nolte-human-brain","R2 E2 Hearing; R1 §4 Hearing (A1, Heschl's gyrus); R1 §1.11 Primary auditory cortex","data/functions.yaml","","","",""
"assert:hearing--supported-by--region-12","assertion","SUPPORTED_BY","Hearing SUPPORTED_BY region:12 (role: contributing, evidence: imaging+textbook, lateralization: bilateral, confidence: established)","source:kandel-pns; source:hickok-2007","R2 E2 Hearing; R1 §4 Hearing (STG)","data/functions.yaml","","","",""
"assert:hearing--supported-by--medial-geniculate-nucleus","assertion","SUPPORTED_BY","Hearing SUPPORTED_BY Medial Geniculate Nucleus (role: contributing, evidence: textbook, lateralization: bilateral, confidence: established)","source:kandel-pns; source:purves-neuroscience","R1 §4 Hearing; R1 §8 Hearing","data/functions.yaml","","","",""
"assert:hearing--supported-by--inferior-colliculus","assertion","SUPPORTED_BY","Hearing SUPPORTED_BY Inferior Colliculus (role: contributing, evidence: textbook, lateralization: bilateral, confidence: established)","source:kandel-pns; source:purves-neuroscience","R1 §4 Hearing; R1 §8 Hearing","data/functions.yaml","","","",""
"assert:prosody--supported-by--region-12","assertion","SUPPORTED_BY","Prosody SUPPORTED_BY region:12 (role: primary, evidence: lesion+textbook, lateralization: right, confidence: established)","source:ross-1981; source:kandel-pns","R1 §1.12 Superior temporal gyrus (right STG; receptive aprosodia)","data/functions.yaml","","","",""
"assert:prosody--supported-by--superior-temporal-sulcus","assertion","SUPPORTED_BY","Prosody SUPPORTED_BY Superior Temporal Sulcus (role: primary, evidence: textbook, lateralization: right, confidence: established)","source:kandel-pns","R1 §1.12 Superior temporal gyrus (right STS)","data/functions.yaml","","","",""
"assert:prosody--supported-by--inferior-frontal-gyrus","assertion","SUPPORTED_BY","Prosody SUPPORTED_BY Inferior Frontal Gyrus (role: contributing, evidence: textbook, lateralization: right, confidence: approximate)","source:blumenfeld-neuroanatomy","R1 §1.6 Broca's area (right homolog supports prosody)","data/functions.yaml","","","",""
"assert:music--supported-by--region-11--r2","assertion","SUPPORTED_BY","Music SUPPORTED_BY region:11 (role: primary, evidence: lesion+imaging, lateralization: bilateral, confidence: established)","source:kandel-pns; source:purves-neuroscience; source:nolte-human-brain","R2 E2 Music","data/functions.yaml","SUPPORTED_BY|function:music|region:11","","",""
"assert:music--supported-by--region-11--r1","assertion","SUPPORTED_BY","Music SUPPORTED_BY region:11 (role: contributing, evidence: textbook, lateralization: bilateral, confidence: established)","source:norman-haignere-2015","R1 §4 Music (A1; music-selective populations in auditory cortex)","data/functions.yaml","SUPPORTED_BY|function:music|region:11","","",""
"assert:music--supported-by--region-12--r2","assertion","SUPPORTED_BY","Music SUPPORTED_BY region:12 (role: primary, evidence: lesion+imaging, lateralization: bilateral, confidence: established)","source:kandel-pns","R2 E2 Music","data/functions.yaml","SUPPORTED_BY|function:music|region:12","","",""
"assert:music--supported-by--region-12--r1","assertion","SUPPORTED_BY","Music SUPPORTED_BY region:12 (role: contributing, evidence: textbook, lateralization: right, confidence: established)","source:kandel-pns","R1 §4 Music (STG, right for pitch)","data/functions.yaml","SUPPORTED_BY|function:music|region:12","","",""
"assert:music--supported-by--region-3","assertion","SUPPORTED_BY","Music SUPPORTED_BY region:3 (role: contributing, evidence: imaging+textbook, lateralization: bilateral, confidence: approximate)","source:kandel-pns","R2 E2 Music; R1 §4 Music (motor areas)","data/functions.yaml","","","",""
"assert:music--supported-by--region-19","assertion","SUPPORTED_BY","Music SUPPORTED_BY region:19 (role: contributing, evidence: imaging+textbook, lateralization: bilateral, confidence: established)","source:kandel-pns","R2 E2 Music; R1 §4 Music","data/functions.yaml","","","",""
"assert:music--supported-by--inferior-frontal-gyrus","assertion","SUPPORTED_BY","Music SUPPORTED_BY Inferior Frontal Gyrus (role: contributing, evidence: textbook, lateralization: bilateral, confidence: established)","source:kandel-pns","R1 §4 Music (IFG)","data/functions.yaml","","","",""
"assert:music--supported-by--basal-ganglia","assertion","SUPPORTED_BY","Music SUPPORTED_BY Basal Ganglia (role: contributing, evidence: textbook, lateralization: bilateral, confidence: established)","source:kandel-pns","R1 §4 Music (beat)","data/functions.yaml","","","",""
"assert:music--supported-by--nucleus-accumbens","assertion","SUPPORTED_BY","Music SUPPORTED_BY Nucleus Accumbens (role: contributing, evidence: textbook, lateralization: bilateral, confidence: established)","source:kandel-pns","R1 §4 Music (reward circuits)","data/functions.yaml","","","",""
"assert:touch--supported-by--region-7","assertion","SUPPORTED_BY","Touch SUPPORTED_BY region:7 (role: primary, evidence: lesion+stimulation+textbook, lateralization: bilateral, confidence: established)","source:kandel-pns; source:purves-neuroscience; source:nolte-human-brain; source:penfield-boldrey-1937","R2 E2 Touch; R1 §4 Touch (S1); R1 §1.7 Primary somatosensory cortex","data/functions.yaml","","","",""
"assert:touch--supported-by--region-8","assertion","SUPPORTED_BY","Touch SUPPORTED_BY region:8 (role: contributing, evidence: imaging+textbook, lateralization: bilateral, confidence: established)","source:kandel-pns","R2 E2 Touch; R1 §4 Touch (posterior parietal cortex, mapped to region 8)","data/functions.yaml","","","",""
"assert:touch--supported-by--thalamus","assertion","SUPPORTED_BY","Touch SUPPORTED_BY Thalamus (role: contributing, evidence: textbook, lateralization: bilateral, confidence: established)","source:kandel-pns; source:purves-neuroscience","R1 §4 Touch (VPL thalamus); R1 §5 Thalamus","data/functions.yaml","","","",""
"assert:temperature-sensation--supported-by--region-7","assertion","SUPPORTED_BY","Temperature Sensation SUPPORTED_BY region:7 (role: contributing, evidence: lesion+textbook, lateralization: bilateral, confidence: established)","source:kandel-pns; source:purves-neuroscience; source:nolte-human-brain","R1 §1.7 Primary somatosensory cortex (part of temperature; crude temperature spared after damage)","data/functions.yaml","","","",""
"assert:temperature-sensation--supported-by--insula","assertion","SUPPORTED_BY","Temperature Sensation SUPPORTED_BY Insula (role: contributing, evidence: textbook, lateralization: bilateral, confidence: established)","source:kandel-pns; source:purves-neuroscience; source:blumenfeld-neuroanatomy","R1 §2 Spinothalamic tract (reaches S1, insula and cingulate)","data/functions.yaml","","","",""
"assert:temperature-sensation--supported-by--region-16","assertion","SUPPORTED_BY","Temperature Sensation SUPPORTED_BY region:16 (role: contributing, evidence: textbook, lateralization: bilateral, confidence: established)","source:kandel-pns; source:purves-neuroscience; source:blumenfeld-neuroanatomy","R1 §2 Spinothalamic tract (reaches S1, insula and cingulate)","data/functions.yaml","","","",""
"assert:temperature-sensation--supported-by--thalamus","assertion","SUPPORTED_BY","Temperature Sensation SUPPORTED_BY Thalamus (role: contributing, evidence: textbook, lateralization: bilateral, confidence: established)","source:kandel-pns; source:purves-neuroscience; source:blumenfeld-neuroanatomy","R1 §2 Spinothalamic tract (VPL)","data/functions.yaml","","","",""
"assert:pain--supported-by--region-7","assertion","SUPPORTED_BY","Pain SUPPORTED_BY region:7 (role: contributing, evidence: stimulation+textbook, lateralization: bilateral, confidence: established)","source:kandel-pns; source:iannetti-2010","R2 E2 Pain; R1 §4 Pain (S1)","data/functions.yaml","","","",""
"assert:pain--supported-by--region-16","assertion","SUPPORTED_BY","Pain SUPPORTED_BY region:16 (role: contributing, evidence: imaging+lesion, lateralization: bilateral, confidence: approximate)","source:vogt-2005","R2 E2 Pain; R2 E3 (dACC pain selectivity dispute)","data/functions.yaml","","","",""
"assert:pain--supported-by--anterior-cingulate-cortex","assertion","SUPPORTED_BY","Pain SUPPORTED_BY Anterior Cingulate Cortex (role: contributing, evidence: lesion+textbook, lateralization: bilateral, confidence: established)","source:vogt-2005; source:kandel-pns","R1 §4 Pain (ACC); R1 §1.16 Cingulate cortex (cingulotomy)","data/functions.yaml","","","",""
"assert:pain--supported-by--periaqueductal-gray","assertion","SUPPORTED_BY","Pain SUPPORTED_BY Periaqueductal Gray (role: contributing, evidence: stimulation+textbook, lateralization: bilateral, confidence: established)","source:kandel-pns","R2 E2 Pain (15 PAG); R1 §4 Pain (PAG modulation); R1 §8","data/functions.yaml","","","",""
"assert:pain--supported-by--insula","assertion","SUPPORTED_BY","Pain SUPPORTED_BY Insula (role: contributing, evidence: textbook, lateralization: bilateral, confidence: established)","source:kandel-pns; source:purves-neuroscience","R1 §4 Pain (posterior insula); R1 §5 Insula","data/functions.yaml","","","",""
"assert:pain--supported-by--thalamus","assertion","SUPPORTED_BY","Pain SUPPORTED_BY Thalamus (role: contributing, evidence: lesion+textbook, lateralization: bilateral, confidence: established)","source:kandel-pns; source:purves-neuroscience","R1 §4 Pain (thalamus); R1 §5 Thalamus (Dejerine-Roussy syndrome)","data/functions.yaml","","","",""
"assert:smell--supported-by--region-15","assertion","SUPPORTED_BY","Smell SUPPORTED_BY region:15 (role: primary, evidence: textbook, lateralization: bilateral, confidence: established)","source:gottfried-2010; source:kandel-pns","R2 E2 Smell (15-alt piriform); R1 §4 Smell (piriform cortex); R1 §8 Smell","data/functions.yaml","","","",""
"assert:smell--supported-by--region-2","assertion","SUPPORTED_BY","Smell SUPPORTED_BY region:2 (role: contributing, evidence: lesion+imaging+textbook, lateralization: bilateral, confidence: established)","source:kandel-pns; source:purves-neuroscience","R2 E2 Smell; R1 §4 Smell (OFC); R1 §1.2 Orbitofrontal cortex","data/functions.yaml","","","",""
"assert:smell--supported-by--amygdala","assertion","SUPPORTED_BY","Smell SUPPORTED_BY Amygdala (role: contributing, evidence: textbook, lateralization: bilateral, confidence: established)","source:kandel-pns","R1 §4 Smell; R1 §8 Smell","data/functions.yaml","","","",""
"assert:smell--supported-by--entorhinal-cortex","assertion","SUPPORTED_BY","Smell SUPPORTED_BY Entorhinal Cortex (role: contributing, evidence: textbook, lateralization: bilateral, confidence: established)","source:kandel-pns","R1 §4 Smell; R1 §8 Smell","data/functions.yaml","","","",""
"assert:smell--supported-by--olfactory-bulb","assertion","SUPPORTED_BY","Smell SUPPORTED_BY Olfactory Bulb (role: contributing, evidence: textbook, lateralization: bilateral, confidence: established)","source:kandel-pns; source:purves-neuroscience","R1 §8 Smell (olfactory bulb glomeruli, mitral and tufted cells)","data/functions.yaml","","","",""
"assert:olfactory-memory--supported-by--region-15","assertion","SUPPORTED_BY","Olfactory Memory SUPPORTED_BY region:15 (role: primary, evidence: textbook, lateralization: bilateral, confidence: established)","source:gottfried-2010; source:kandel-pns","R1 §1.15 Piriform cortex (identifies and remembers odors)","data/functions.yaml","","","",""
"assert:taste--supported-by--insula","assertion","SUPPORTED_BY","Taste SUPPORTED_BY Insula (role: primary, evidence: textbook, lateralization: bilateral, confidence: established)","source:kandel-pns; source:purves-neuroscience","R2 E2 Taste; R1 §4 Taste (anterior insula); R1 §5 Insula; R1 §8 Taste","data/functions.yaml","","","",""
"assert:taste--supported-by--region-2","assertion","SUPPORTED_BY","Taste SUPPORTED_BY region:2 (role: contributing, evidence: imaging+textbook, lateralization: bilateral, confidence: established)","source:kandel-pns; source:purves-neuroscience","R2 E2 Taste; R1 §4 Taste (OFC); R1 §8 Taste","data/functions.yaml","","","",""
"assert:taste--supported-by--amygdala","assertion","SUPPORTED_BY","Taste SUPPORTED_BY Amygdala (role: contributing, evidence: textbook, lateralization: bilateral, confidence: established)","source:kandel-pns","R1 §4 Taste","data/functions.yaml","","","",""
"assert:taste--supported-by--medulla-oblongata","assertion","SUPPORTED_BY","Taste SUPPORTED_BY Medulla Oblongata (role: contributing, evidence: textbook, lateralization: bilateral, confidence: established)","source:kandel-pns; source:purves-neuroscience","R1 §4 Taste (nucleus of the solitary tract, mapped to medulla); R1 §8 Taste","data/functions.yaml","","","",""
"assert:spatial-navigation--supported-by--hippocampus","assertion","SUPPORTED_BY","Spatial Navigation SUPPORTED_BY Hippocampus (role: primary, evidence: textbook, lateralization: bilateral, confidence: established)","source:okeefe-1971; source:kandel-pns","R2 E2 Spatial navigation; R1 §4 Spatial navigation (place cells); R1 §5 Hippocampus","data/functions.yaml","","","",""
"assert:spatial-navigation--supported-by--entorhinal-cortex","assertion","SUPPORTED_BY","Spatial Navigation SUPPORTED_BY Entorhinal Cortex (role: primary, evidence: textbook, lateralization: bilateral, confidence: established)","source:hafting-2005","R1 §4 Spatial navigation (grid cells); R1 §5 Hippocampus","data/functions.yaml","","","",""
"assert:spatial-navigation--supported-by--region-10","assertion","SUPPORTED_BY","Spatial Navigation SUPPORTED_BY region:10 (role: contributing, evidence: imaging+lesion, lateralization: bilateral, confidence: established)","source:cavanna-trimble-2006","R2 E2 Spatial navigation","data/functions.yaml","","","",""
"assert:spatial-navigation--supported-by--posterior-cingulate-cortex","assertion","SUPPORTED_BY","Spatial Navigation SUPPORTED_BY Posterior Cingulate Cortex (role: contributing, evidence: imaging+lesion+textbook, lateralization: bilateral, confidence: established)","source:vogt-2005","R2 E2 Spatial navigation (16 posterior); R1 §4 Spatial navigation (retrosplenial cortex); R1 §1.16","data/functions.yaml","","","",""
"assert:spatial-navigation--supported-by--parahippocampal-gyrus","assertion","SUPPORTED_BY","Spatial Navigation SUPPORTED_BY Parahippocampal Gyrus (role: contributing, evidence: textbook, lateralization: bilateral, confidence: established)","source:kandel-pns","R1 §4 Spatial navigation (parahippocampal place area)","data/functions.yaml","","","",""
"assert:planning--supported-by--region-1","assertion","SUPPORTED_BY","Planning SUPPORTED_BY region:1 (role: primary, evidence: lesion+textbook, lateralization: bilateral, confidence: established)","source:kandel-pns; source:blumenfeld-neuroanatomy","R2 E2 Planning; R1 §4 Planning (frontopolar cortex); R1 §1.1 Prefrontal cortex","data/functions.yaml","","","",""
"assert:planning--supported-by--dorsolateral-prefrontal-cortex","assertion","SUPPORTED_BY","Planning SUPPORTED_BY Dorsolateral Prefrontal Cortex (role: primary, evidence: textbook, lateralization: bilateral, confidence: established)","source:kandel-pns; source:blumenfeld-neuroanatomy","R1 §4 Planning (DLPFC)","data/functions.yaml","","","",""
"assert:planning--supported-by--region-4","assertion","SUPPORTED_BY","Planning SUPPORTED_BY region:4 (role: contributing, evidence: textbook, lateralization: bilateral, confidence: established)","source:kandel-pns","R2 E2 Planning","data/functions.yaml","","","",""
"assert:planning--supported-by--region-19","assertion","SUPPORTED_BY","Planning SUPPORTED_BY region:19 (role: contributing, evidence: textbook, lateralization: bilateral, confidence: established)","source:kandel-pns; source:schmahmann-sherman-1998","R2 E2 Planning; R1 §4 Planning","data/functions.yaml","","","",""
"assert:planning--supported-by--region-3","assertion","SUPPORTED_BY","Planning SUPPORTED_BY region:3 (role: contributing, evidence: textbook, lateralization: bilateral, confidence: established)","source:kandel-pns","R1 §4 Planning (premotor cortex)","data/functions.yaml","","","",""
"assert:planning--supported-by--basal-ganglia","assertion","SUPPORTED_BY","Planning SUPPORTED_BY Basal Ganglia (role: contributing, evidence: textbook, lateralization: bilateral, confidence: established)","source:kandel-pns","R1 §4 Planning","data/functions.yaml","","","",""
"assert:error-monitoring--supported-by--anterior-cingulate-cortex","assertion","SUPPORTED_BY","Error Monitoring SUPPORTED_BY Anterior Cingulate Cortex (role: primary, evidence: textbook, lateralization: bilateral, confidence: established)","source:vogt-2005; source:kandel-pns","R1 §1.16 Cingulate cortex (ACC detects conflict and errors); KB anatomy/limbic_system.md","data/functions.yaml","","","",""
"assert:self-referential-thought--supported-by--region-10","assertion","SUPPORTED_BY","Self-Referential Thought SUPPORTED_BY region:10 (role: primary, evidence: textbook, lateralization: bilateral, confidence: established)","source:cavanna-trimble-2006","R1 §1.10 Precuneus","data/functions.yaml","","","",""
"assert:self-referential-thought--supported-by--posterior-cingulate-cortex","assertion","SUPPORTED_BY","Self-Referential Thought SUPPORTED_BY Posterior Cingulate Cortex (role: primary, evidence: textbook, lateralization: bilateral, confidence: established)","source:vogt-2005","R1 §1.16 Cingulate cortex (PCC); KB anatomy/limbic_system.md","data/functions.yaml","","","",""
"assert:theory-of-mind--supported-by--region-9","assertion","SUPPORTED_BY","Theory of Mind SUPPORTED_BY region:9 (role: primary, evidence: imaging+textbook, lateralization: bilateral, confidence: approximate)","source:saxe-2003","R2 E2 Theory of mind (9); R1 §1.12 (TPJ supports theory of mind)","data/functions.yaml","","","",""
"assert:theory-of-mind--supported-by--region-1","assertion","SUPPORTED_BY","Theory of Mind SUPPORTED_BY region:1 (role: primary, evidence: imaging, lateralization: bilateral, confidence: approximate)","source:saxe-2003","R2 E2 Theory of mind (1 medial)","data/functions.yaml","","","",""
"assert:theory-of-mind--supported-by--region-10","assertion","SUPPORTED_BY","Theory of Mind SUPPORTED_BY region:10 (role: contributing, evidence: imaging, lateralization: bilateral, confidence: approximate)","source:cavanna-trimble-2006","R2 E2 Theory of mind","data/functions.yaml","","","",""
"assert:social-cognition--supported-by--region-9","assertion","SUPPORTED_BY","Social Cognition SUPPORTED_BY region:9 (role: primary, evidence: textbook, lateralization: bilateral, confidence: established)","source:saxe-2003","R1 §4 Social cognition (TPJ, mapped to region 9 per R2 E3)","data/functions.yaml","","","",""
"assert:social-cognition--supported-by--region-1","assertion","SUPPORTED_BY","Social Cognition SUPPORTED_BY region:1 (role: primary, evidence: textbook, lateralization: bilateral, confidence: established)","source:kandel-pns","R1 §4 Social cognition (mPFC)","data/functions.yaml","","","",""
"assert:social-cognition--supported-by--superior-temporal-sulcus","assertion","SUPPORTED_BY","Social Cognition SUPPORTED_BY Superior Temporal Sulcus (role: primary, evidence: textbook, lateralization: bilateral, confidence: established)","source:kandel-pns; source:hickok-2007","R1 §4 Social cognition (STS); R1 §1.12 (posterior STS social perception)","data/functions.yaml","","","",""
"assert:social-cognition--supported-by--temporal-pole","assertion","SUPPORTED_BY","Social Cognition SUPPORTED_BY Temporal Pole (role: contributing, evidence: textbook, lateralization: bilateral, confidence: established)","source:kandel-pns","R1 §4 Social cognition","data/functions.yaml","","","",""
"assert:social-cognition--supported-by--amygdala","assertion","SUPPORTED_BY","Social Cognition SUPPORTED_BY Amygdala (role: contributing, evidence: textbook, lateralization: bilateral, confidence: established)","source:kandel-pns","R1 §4 Social cognition; R1 §5 Amygdala (social signals)","data/functions.yaml","","","",""
"assert:social-cognition--supported-by--region-12","assertion","SUPPORTED_BY","Social Cognition SUPPORTED_BY region:12 (role: contributing, evidence: textbook, lateralization: right, confidence: established)","source:ross-1981","R1 §4 Social cognition (right hemisphere prosody network); R1 §1.12","data/functions.yaml","","","",""
"assert:social-cognition--supported-by--insula","assertion","SUPPORTED_BY","Social Cognition SUPPORTED_BY Insula (role: contributing, evidence: textbook, lateralization: bilateral, confidence: established)","source:kandel-pns","R1 §4 Social cognition","data/functions.yaml","","","",""
"assert:social-cognition--supported-by--region-2","assertion","SUPPORTED_BY","Social Cognition SUPPORTED_BY region:2 (role: contributing, evidence: lesion+textbook, lateralization: bilateral, confidence: established)","source:kandel-pns; source:purves-neuroscience","R1 §1.2 Orbitofrontal cortex (social behaviour; socially inappropriate behaviour after damage)","data/functions.yaml","","","",""
"assert:sarcasm-comprehension--supported-by--region-12","assertion","SUPPORTED_BY","Sarcasm Comprehension SUPPORTED_BY region:12 (role: contributing, evidence: lesion, lateralization: right, confidence: approximate)","source:rankin-2009","R1 §1.12 Social cognition and sarcasm (right posterior temporal atrophy)","data/functions.yaml","","","",""
"assert:sarcasm-comprehension--supported-by--superior-temporal-sulcus","assertion","SUPPORTED_BY","Sarcasm Comprehension SUPPORTED_BY Superior Temporal Sulcus (role: contributing, evidence: lesion, lateralization: right, confidence: approximate)","source:rankin-2009","R1 §1.12 Social cognition and sarcasm (right STS atrophy)","data/functions.yaml","","","",""
"assert:sarcasm-comprehension--supported-by--temporal-pole","assertion","SUPPORTED_BY","Sarcasm Comprehension SUPPORTED_BY Temporal Pole (role: contributing, evidence: lesion, lateralization: bilateral, confidence: approximate)","source:rankin-2009","R1 §1.12 Social cognition and sarcasm (temporal pole atrophy)","data/functions.yaml","","","",""
"assert:sarcasm-comprehension--supported-by--ventromedial-prefrontal-cortex","assertion","SUPPORTED_BY","Sarcasm Comprehension SUPPORTED_BY Ventromedial Prefrontal Cortex (role: contributing, evidence: lesion, lateralization: bilateral, confidence: established)","source:shamay-tsoory-2005","R1 §1.12 Social cognition and sarcasm (vmPFC lesions)","data/functions.yaml","","","",""
"assert:reversal-learning--supported-by--region-2","assertion","SUPPORTED_BY","Reversal Learning SUPPORTED_BY region:2 (role: primary, evidence: lesion+textbook, lateralization: bilateral, confidence: established)","source:kandel-pns; source:purves-neuroscience","R1 §1.2 Orbitofrontal cortex (Function; impaired reversal learning after damage)","data/functions.yaml","","","",""
"assert:numerical-cognition--supported-by--intraparietal-sulcus","assertion","SUPPORTED_BY","Numerical Cognition SUPPORTED_BY Intraparietal Sulcus (role: primary, evidence: lesion+imaging+textbook, lateralization: bilateral, confidence: established)","source:kandel-pns; source:purves-neuroscience","R2 E2 Numerical cognition (IPS 8/9); R1 §4 Math and number (IPS, triple-code model)","data/functions.yaml","","","",""
"assert:numerical-cognition--supported-by--region-9","assertion","SUPPORTED_BY","Numerical Cognition SUPPORTED_BY region:9 (role: contributing, evidence: lesion+textbook, lateralization: left, confidence: established)","source:seghier-2013; source:blumenfeld-neuroanatomy","R1 §4 Math and number (angular gyrus, math facts); R1 §1.9 (left Gerstmann acalculia)","data/functions.yaml","","","",""
"assert:numerical-cognition--supported-by--region-1","assertion","SUPPORTED_BY","Numerical Cognition SUPPORTED_BY region:1 (role: contributing, evidence: textbook, lateralization: bilateral, confidence: established)","source:kandel-pns","R1 §4 Math and number (PFC)","data/functions.yaml","","","",""
"assert:numerical-cognition--supported-by--fusiform-gyrus","assertion","SUPPORTED_BY","Numerical Cognition SUPPORTED_BY Fusiform Gyrus (role: contributing, evidence: textbook, lateralization: bilateral, confidence: established)","source:purves-neuroscience","R1 §4 Math and number (fusiform digit form)","data/functions.yaml","","","",""
"assert:sleep-and-arousal--supported-by--region-20","assertion","SUPPORTED_BY","Sleep and Arousal SUPPORTED_BY region:20 (role: primary, evidence: lesion+textbook, lateralization: bilateral, confidence: established)","source:blumenfeld-neuroanatomy; source:kandel-pns","R2 E2 Sleep and arousal (20); R1 §1.20 Brainstem (Controls)","data/functions.yaml","","","",""
"assert:sleep-and-arousal--supported-by--midbrain","assertion","SUPPORTED_BY","Sleep and Arousal SUPPORTED_BY Midbrain (role: primary, evidence: lesion+textbook, lateralization: bilateral, confidence: established)","source:kandel-pns; source:blumenfeld-neuroanatomy","R2 E2 Sleep and arousal (15, mapped to midbrain)","data/functions.yaml","","","",""
"assert:sleep-and-arousal--supported-by--hypothalamus","assertion","SUPPORTED_BY","Sleep and Arousal SUPPORTED_BY Hypothalamus (role: primary, evidence: textbook, lateralization: bilateral, confidence: established)","source:kandel-pns","R2 E2 Sleep and arousal; R1 §4 Sleep and wakefulness (VLPO, orexin)","data/functions.yaml","","","",""
"assert:sleep-and-arousal--supported-by--reticular-formation","assertion","SUPPORTED_BY","Sleep and Arousal SUPPORTED_BY Reticular Formation (role: primary, evidence: textbook, lateralization: bilateral, confidence: established)","source:kandel-pns; source:moruzzi-magoun-1949","R1 §4 Sleep and wakefulness (reticular activating system); R2 B11","data/functions.yaml","","","",""
"assert:sleep-and-arousal--supported-by--thalamus","assertion","SUPPORTED_BY","Sleep and Arousal SUPPORTED_BY Thalamus (role: contributing, evidence: textbook, lateralization: bilateral, confidence: established)","source:kandel-pns; source:qbi-brain-basics","R1 §4 Sleep and wakefulness; KB anatomy/forebrain.md","data/functions.yaml","","","",""
"assert:sleep-and-arousal--supported-by--pineal-gland","assertion","SUPPORTED_BY","Sleep and Arousal SUPPORTED_BY Pineal Gland (role: contributing, evidence: textbook, lateralization: bilateral, confidence: established)","source:kandel-pns","R1 §4 Sleep and wakefulness (melatonin); R1 §5 Pineal gland","data/functions.yaml","","","",""
"assert:sleep-and-arousal--supported-by--suprachiasmatic-nucleus","assertion","SUPPORTED_BY","Sleep and Arousal SUPPORTED_BY Suprachiasmatic Nucleus (role: contributing, evidence: textbook, lateralization: bilateral, confidence: established)","source:kandel-pns","R1 §4 Sleep and wakefulness (circadian clock)","data/functions.yaml","","","",""
"assert:sleep-and-arousal--supported-by--pons","assertion","SUPPORTED_BY","Sleep and Arousal SUPPORTED_BY Pons (role: contributing, evidence: textbook, lateralization: bilateral, confidence: established)","source:blumenfeld-neuroanatomy; source:kandel-pns","R1 §1.20 Brainstem (pons REM sleep generators); KB anatomy/hindbrain.md","data/functions.yaml","","","",""
"assert:sleep-and-arousal--supported-by--locus-coeruleus","assertion","SUPPORTED_BY","Sleep and Arousal SUPPORTED_BY Locus Coeruleus (role: contributing, evidence: textbook, lateralization: bilateral, confidence: established)","source:kandel-pns","R2 B11 Ascending arousal system; KB physiology/neurotransmitters.md","data/functions.yaml","","","",""
"assert:sleep-and-arousal--supported-by--raphe-nuclei","assertion","SUPPORTED_BY","Sleep and Arousal SUPPORTED_BY Raphe Nuclei (role: contributing, evidence: textbook, lateralization: bilateral, confidence: established)","source:kandel-pns","R2 B11 Ascending arousal system","data/functions.yaml","","","",""
"assert:hunger--supported-by--hypothalamus","assertion","SUPPORTED_BY","Hunger SUPPORTED_BY Hypothalamus (role: primary, evidence: textbook, lateralization: bilateral, confidence: established)","source:kandel-pns; source:purves-neuroscience","R2 E2 Hunger; R1 §4 Hunger and thirst; R1 §5 Hypothalamus","data/functions.yaml","","","",""
"assert:hunger--supported-by--region-2","assertion","SUPPORTED_BY","Hunger SUPPORTED_BY region:2 (role: contributing, evidence: imaging+textbook, lateralization: bilateral, confidence: established)","source:kandel-pns","R2 E2 Hunger; R1 §4 Hunger and thirst (OFC)","data/functions.yaml","","","",""
"assert:hunger--supported-by--insula","assertion","SUPPORTED_BY","Hunger SUPPORTED_BY Insula (role: contributing, evidence: textbook, lateralization: bilateral, confidence: established)","source:kandel-pns","R1 §4 Hunger and thirst","data/functions.yaml","","","",""
"assert:hunger--supported-by--medulla-oblongata","assertion","SUPPORTED_BY","Hunger SUPPORTED_BY Medulla Oblongata (role: contributing, evidence: textbook, lateralization: bilateral, confidence: established)","source:kandel-pns","R1 §4 Hunger and thirst (brainstem NTS, mapped to medulla)","data/functions.yaml","","","",""
"assert:thermoregulation--supported-by--hypothalamus","assertion","SUPPORTED_BY","Thermoregulation SUPPORTED_BY Hypothalamus (role: primary, evidence: textbook, lateralization: bilateral, confidence: established)","source:kandel-pns; source:purves-neuroscience","R2 E2 Thermoregulation; R1 §4 Body temperature (preoptic area); R1 §5 Hypothalamus","data/functions.yaml","","","",""
"assert:thermoregulation--supported-by--region-20","assertion","SUPPORTED_BY","Thermoregulation SUPPORTED_BY region:20 (role: contributing, evidence: textbook, lateralization: bilateral, confidence: established)","source:kandel-pns","R1 §4 Body temperature (brainstem)","data/functions.yaml","","","",""
"assert:thermoregulation--supported-by--autonomic-nervous-system","assertion","SUPPORTED_BY","Thermoregulation SUPPORTED_BY Autonomic Nervous System (role: contributing, evidence: textbook, lateralization: bilateral, confidence: established)","source:kandel-pns","R1 §4 Body temperature (autonomic outflow)","data/functions.yaml","","","",""
"assert:breathing--supported-by--region-20","assertion","SUPPORTED_BY","Breathing SUPPORTED_BY region:20 (role: primary, evidence: lesion+textbook, lateralization: bilateral, confidence: established)","source:smith-1991; source:blumenfeld-neuroanatomy","R2 E2 Breathing; R1 §1.20 Brainstem (Controls)","data/functions.yaml","","","",""
"assert:breathing--supported-by--medulla-oblongata","assertion","SUPPORTED_BY","Breathing SUPPORTED_BY Medulla Oblongata (role: primary, evidence: textbook, lateralization: bilateral, confidence: established)","source:smith-1991; source:kandel-pns","R1 §4 Breathing and heart rate (pre-Botzinger complex); R2 B10","data/functions.yaml","","","",""
"assert:breathing--supported-by--pons","assertion","SUPPORTED_BY","Breathing SUPPORTED_BY Pons (role: primary, evidence: textbook, lateralization: bilateral, confidence: established)","source:blumenfeld-neuroanatomy; source:kandel-pns","R1 §4 Breathing and heart rate (pons); R1 §1.20 (pontine respiratory group)","data/functions.yaml","","","",""
"assert:breathing--supported-by--hypothalamus","assertion","SUPPORTED_BY","Breathing SUPPORTED_BY Hypothalamus (role: contributing, evidence: textbook, lateralization: bilateral, confidence: established)","source:kandel-pns","R1 §4 Breathing and heart rate","data/functions.yaml","","","",""
"assert:breathing--supported-by--insula","assertion","SUPPORTED_BY","Breathing SUPPORTED_BY Insula (role: contributing, evidence: textbook, lateralization: bilateral, confidence: established)","source:kandel-pns","R1 §4 Breathing and heart rate","data/functions.yaml","","","",""
"assert:breathing--supported-by--anterior-cingulate-cortex","assertion","SUPPORTED_BY","Breathing SUPPORTED_BY Anterior Cingulate Cortex (role: contributing, evidence: textbook, lateralization: bilateral, confidence: established)","source:kandel-pns","R1 §4 Breathing and heart rate","data/functions.yaml","","","",""
"assert:consciousness--supported-by--region-20","assertion","SUPPORTED_BY","Consciousness SUPPORTED_BY region:20 (role: primary, evidence: lesion, lateralization: bilateral, confidence: approximate)","source:kandel-pns; source:blumenfeld-neuroanatomy","R2 E2 Consciousness (20)","data/functions.yaml","","","",""
"assert:consciousness--supported-by--midbrain","assertion","SUPPORTED_BY","Consciousness SUPPORTED_BY Midbrain (role: primary, evidence: lesion, lateralization: bilateral, confidence: approximate)","source:kandel-pns; source:blumenfeld-neuroanatomy","R2 E2 Consciousness (15, mapped to midbrain)","data/functions.yaml","","","",""
"assert:consciousness--supported-by--thalamus","assertion","SUPPORTED_BY","Consciousness SUPPORTED_BY Thalamus (role: primary, evidence: textbook, lateralization: bilateral, confidence: approximate)","source:kandel-pns","R2 E2 Consciousness; R1 §4 Consciousness (intralaminar thalamus)","data/functions.yaml","","","",""
"assert:consciousness--supported-by--reticular-formation","assertion","SUPPORTED_BY","Consciousness SUPPORTED_BY Reticular Formation (role: primary, evidence: textbook, lateralization: bilateral, confidence: approximate)","source:kandel-pns; source:moruzzi-magoun-1949","R1 §4 Consciousness (brainstem reticular formation)","data/functions.yaml","","","",""
"assert:consciousness--supported-by--region-10","assertion","SUPPORTED_BY","Consciousness SUPPORTED_BY region:10 (role: contributing, evidence: imaging, lateralization: bilateral, confidence: approximate)","source:cavanna-trimble-2006","R2 E2 Consciousness; R1 §1.10 Precuneus (altered consciousness)","data/functions.yaml","","","",""
"assert:phantom-limb--explained-by--region-7","assertion","EXPLAINED_BY","Phantom Limb Sensation EXPLAINED_BY region:7 (confidence: approximate)","source:pons-1991; source:kandel-pns","R1 §3 The Homunculus (Phantom limbs and remapping)","data/functions.yaml","","","",""
"assert:blindsight--explained-by--region-17","assertion","EXPLAINED_BY","Blindsight EXPLAINED_BY region:17 (confidence: approximate)","source:kandel-pns; source:purves-neuroscience; source:nolte-human-brain","R1 §1.17 Primary visual cortex (Damage: blindsight in the blind field, Weiskrantz)","data/functions.yaml","","","",""
"assert:vision--expresses--vision","assertion","EXPRESSES","VISION EXPRESSES Vision","","wordbank","data/functions.yaml","","","",""
"assert:hearing--expresses--hearing","assertion","EXPRESSES","HEARING EXPRESSES Hearing","","wordbank","data/functions.yaml","","","",""
"assert:speech--expresses--speech-production","assertion","EXPRESSES","SPEECH EXPRESSES Speech Production","","wordbank","data/functions.yaml","","","",""
"assert:touch--expresses--touch","assertion","EXPRESSES","TOUCH EXPRESSES Touch","","wordbank","data/functions.yaml","","","",""
"assert:movement--expresses--motor-control","assertion","EXPRESSES","MOVEMENT EXPRESSES Motor Control","","wordbank","data/functions.yaml","","","",""
"assert:balance--expresses--balance","assertion","EXPRESSES","BALANCE EXPRESSES Balance","","wordbank","data/functions.yaml","","","",""
"assert:smell--expresses--smell","assertion","EXPRESSES","SMELL EXPRESSES Smell","","wordbank","data/functions.yaml","","","",""
"assert:seeing-colour--expresses--colour-vision","assertion","EXPRESSES","SEEING COLOUR EXPRESSES Colour Vision","","wordbank","data/functions.yaml","","","",""
"assert:listening-to-music--expresses--music","assertion","EXPRESSES","LISTENING TO MUSIC EXPRESSES Music","","wordbank","data/functions.yaml","","","",""
"assert:listening-to-music--expresses--hearing","assertion","EXPRESSES","LISTENING TO MUSIC EXPRESSES Hearing","","wordbank","data/functions.yaml","","","",""
"assert:saying-hello--expresses--speech-production","assertion","EXPRESSES","SAYING HELLO EXPRESSES Speech Production","","wordbank","data/functions.yaml","","","",""
"assert:feeling-heat--expresses--temperature-sensation","assertion","EXPRESSES","FEELING HEAT EXPRESSES Temperature Sensation","","wordbank","data/functions.yaml","","","",""
"assert:keeping-balance--expresses--balance","assertion","EXPRESSES","KEEPING BALANCE EXPRESSES Balance","","wordbank","data/functions.yaml","","","",""
"assert:planning-a-trip--expresses--planning","assertion","EXPRESSES","PLANNING A TRIP EXPRESSES Planning","","wordbank","data/functions.yaml","","","",""
"assert:catching-a-ball--expresses--motor-coordination","assertion","EXPRESSES","CATCHING A BALL EXPRESSES Motor Coordination","","wordbank","data/functions.yaml","","","",""
"assert:catching-a-ball--expresses--visually-guided-action","assertion","EXPRESSES","CATCHING A BALL EXPRESSES Visually Guided Action","","wordbank","data/functions.yaml","","","",""
"assert:reading-aloud--expresses--reading","assertion","EXPRESSES","READING ALOUD EXPRESSES Reading","","wordbank","data/functions.yaml","","","",""
"assert:reading-aloud--expresses--speech-production","assertion","EXPRESSES","READING ALOUD EXPRESSES Speech Production","","wordbank","data/functions.yaml","","","",""
"assert:feeling-emotion--expresses--emotion","assertion","EXPRESSES","FEELING EMOTION EXPRESSES Emotion","","wordbank","data/functions.yaml","","","",""
"assert:understanding-words--expresses--language-comprehension","assertion","EXPRESSES","UNDERSTANDING WORDS EXPRESSES Language Comprehension","","wordbank","data/functions.yaml","","","",""
"assert:recognising-a-face--expresses--face-recognition","assertion","EXPRESSES","RECOGNISING A FACE EXPRESSES Face Recognition","","wordbank","data/functions.yaml","","","",""
"assert:walking--expresses--locomotion","assertion","EXPRESSES","WALKING EXPRESSES Locomotion","","wordbank","data/functions.yaml","","","",""
"assert:walking--expresses--motor-control","assertion","EXPRESSES","WALKING EXPRESSES Motor Control","","wordbank","data/functions.yaml","","","",""
"assert:deciding-what-to-eat--expresses--decision-making","assertion","EXPRESSES","DECIDING WHAT TO EAT EXPRESSES Decision-Making","","wordbank","data/functions.yaml","","","",""
"assert:deciding-what-to-eat--expresses--hunger","assertion","EXPRESSES","DECIDING WHAT TO EAT EXPRESSES Hunger","","wordbank","data/functions.yaml","","","",""
"assert:naming-an-object--expresses--object-recognition","assertion","EXPRESSES","NAMING AN OBJECT EXPRESSES Object Recognition","","wordbank","data/functions.yaml","","","",""
"assert:naming-an-object--expresses--semantic-memory","assertion","EXPRESSES","NAMING AN OBJECT EXPRESSES Semantic Memory","","wordbank","data/functions.yaml","","","",""
"assert:typing-on-a-keyboard--expresses--motor-control","assertion","EXPRESSES","TYPING ON A KEYBOARD EXPRESSES Motor Control","","wordbank","data/functions.yaml","","","",""
"assert:typing-on-a-keyboard--expresses--motor-sequencing","assertion","EXPRESSES","TYPING ON A KEYBOARD EXPRESSES Motor Sequencing","","wordbank","data/functions.yaml","","","",""
"assert:remembering-a-smell--expresses--olfactory-memory","assertion","EXPRESSES","REMEMBERING A SMELL EXPRESSES Olfactory Memory","","wordbank","data/functions.yaml","","","",""
"assert:remembering-a-smell--expresses--smell","assertion","EXPRESSES","REMEMBERING A SMELL EXPRESSES Smell","","wordbank","data/functions.yaml","","","",""
"assert:feeling-empathy--expresses--social-cognition","assertion","EXPRESSES","FEELING EMPATHY EXPRESSES Social Cognition","","wordbank","data/functions.yaml","","","",""
"assert:feeling-empathy--expresses--emotion","assertion","EXPRESSES","FEELING EMPATHY EXPRESSES Emotion","","wordbank","data/functions.yaml","","","",""
"assert:reading-a-map--expresses--spatial-navigation","assertion","EXPRESSES","READING A MAP EXPRESSES Spatial Navigation","","wordbank","data/functions.yaml","","","",""
"assert:reading-a-map--expresses--visuospatial-processing","assertion","EXPRESSES","READING A MAP EXPRESSES Visuospatial Processing","","wordbank","data/functions.yaml","","","",""
"assert:error-detection--expresses--error-monitoring","assertion","EXPRESSES","ERROR DETECTION EXPRESSES Error Monitoring","","wordbank","data/functions.yaml","","","",""
"assert:starting-a-sequence--expresses--sequence-initiation","assertion","EXPRESSES","STARTING A SEQUENCE EXPRESSES Sequence Initiation","","wordbank","data/functions.yaml","","","",""
"assert:starting-a-sequence--expresses--motor-sequencing","assertion","EXPRESSES","STARTING A SEQUENCE EXPRESSES Motor Sequencing","","wordbank","data/functions.yaml","","","",""
"assert:understanding-sarcasm--expresses--sarcasm-comprehension","assertion","EXPRESSES","UNDERSTANDING SARCASM EXPRESSES Sarcasm Comprehension","","wordbank","data/functions.yaml","","","",""
"assert:understanding-sarcasm--expresses--social-cognition","assertion","EXPRESSES","UNDERSTANDING SARCASM EXPRESSES Social Cognition","","wordbank","data/functions.yaml","","","",""
"assert:phone-vibrating-in-pocket--expresses--touch","assertion","EXPRESSES","PHONE VIBRATING IN POCKET EXPRESSES Touch","","wordbank","data/functions.yaml","","","",""
"assert:knowing-where-your-hand-is--expresses--proprioception","assertion","EXPRESSES","KNOWING WHERE YOUR HAND IS EXPRESSES Proprioception","","wordbank","data/functions.yaml","","","",""
"assert:knowing-where-your-hand-is--expresses--body-schema","assertion","EXPRESSES","KNOWING WHERE YOUR HAND IS EXPRESSES Body Schema","","wordbank","data/functions.yaml","","","",""
"assert:playing-piano-from-memory--expresses--procedural-memory","assertion","EXPRESSES","PLAYING PIANO FROM MEMORY EXPRESSES Procedural Memory","","wordbank","data/functions.yaml","","","",""
"assert:playing-piano-from-memory--expresses--motor-sequencing","assertion","EXPRESSES","PLAYING PIANO FROM MEMORY EXPRESSES Motor Sequencing","","wordbank","data/functions.yaml","","","",""
"assert:judging-distance--expresses--visuospatial-processing","assertion","EXPRESSES","JUDGING DISTANCE EXPRESSES Visuospatial Processing","","wordbank","data/functions.yaml","","","",""
"assert:detecting-a-lie--expresses--theory-of-mind","assertion","EXPRESSES","DETECTING A LIE EXPRESSES Theory of Mind","","wordbank","data/functions.yaml","","","",""
"assert:detecting-a-lie--expresses--social-cognition","assertion","EXPRESSES","DETECTING A LIE EXPRESSES Social Cognition","","wordbank","data/functions.yaml","","","",""
"assert:mental-rotation--expresses--mental-imagery","assertion","EXPRESSES","MENTAL ROTATION EXPRESSES Mental Imagery","","wordbank","data/functions.yaml","","","",""
"assert:mental-rotation--expresses--visuospatial-processing","assertion","EXPRESSES","MENTAL ROTATION EXPRESSES Visuospatial Processing","","wordbank","data/functions.yaml","","","",""
"assert:hearing-your-name-in-noise--expresses--hearing","assertion","EXPRESSES","HEARING YOUR NAME IN NOISE EXPRESSES Hearing","","wordbank","data/functions.yaml","","","",""
"assert:hearing-your-name-in-noise--expresses--attention","assertion","EXPRESSES","HEARING YOUR NAME IN NOISE EXPRESSES Attention","","wordbank","data/functions.yaml","","","",""
"assert:writing-your-signature--expresses--writing","assertion","EXPRESSES","WRITING YOUR SIGNATURE EXPRESSES Writing","","wordbank","data/functions.yaml","","","",""
"assert:writing-your-signature--expresses--procedural-memory","assertion","EXPRESSES","WRITING YOUR SIGNATURE EXPRESSES Procedural Memory","","wordbank","data/functions.yaml","","","",""
"assert:recognising-a-melody--expresses--music","assertion","EXPRESSES","RECOGNISING A MELODY EXPRESSES Music","","wordbank","data/functions.yaml","","","",""
"assert:pointing-to-a-star--expresses--visually-guided-action","assertion","EXPRESSES","POINTING TO A STAR EXPRESSES Visually Guided Action","","wordbank","data/functions.yaml","","","",""
"assert:imagining-a-scene--expresses--mental-imagery","assertion","EXPRESSES","IMAGINING A SCENE EXPRESSES Mental Imagery","","wordbank","data/functions.yaml","","","",""
"assert:value-reversal--expresses--reversal-learning","assertion","EXPRESSES","VALUE REVERSAL EXPRESSES Reversal Learning","","wordbank","data/functions.yaml","","","",""
"assert:phantom-limb-sensation--expresses--phantom-limb","assertion","EXPRESSES","PHANTOM LIMB SENSATION EXPRESSES Phantom Limb Sensation","","wordbank","data/functions.yaml","","","",""
"assert:tip-of-the-tongue--expresses--language-comprehension","assertion","EXPRESSES","TIP-OF-THE-TONGUE EXPRESSES Language Comprehension","","wordbank","data/functions.yaml","","Redirected from phenomenon:tip-of-the-tongue: the sources never describe that phenomenon, so the word maps to the sourced function instead.","",""
"assert:tip-of-the-tongue--expresses--speech-production","assertion","EXPRESSES","TIP-OF-THE-TONGUE EXPRESSES Speech Production","","wordbank","data/functions.yaml","","Redirected from phenomenon:tip-of-the-tongue: the sources never describe that phenomenon, so the word maps to the sourced function instead.","",""
"assert:absolute-pitch--expresses--music","assertion","EXPRESSES","ABSOLUTE PITCH EXPRESSES Music","","wordbank","data/functions.yaml","","Redirected from phenomenon:absolute-pitch: the sources never describe that phenomenon, so the word maps to the sourced function instead.","",""
"assert:absolute-pitch--expresses--hearing","assertion","EXPRESSES","ABSOLUTE PITCH EXPRESSES Hearing","","wordbank","data/functions.yaml","","Redirected from phenomenon:absolute-pitch: the sources never describe that phenomenon, so the word maps to the sourced function instead.","",""
"assert:moral-reasoning--expresses--decision-making","assertion","EXPRESSES","MORAL REASONING EXPRESSES Decision-Making","","wordbank","data/functions.yaml","","","",""
"assert:moral-reasoning--expresses--social-cognition","assertion","EXPRESSES","MORAL REASONING EXPRESSES Social Cognition","","wordbank","data/functions.yaml","","","",""
"assert:prosody-of-speech--expresses--prosody","assertion","EXPRESSES","PROSODY OF SPEECH EXPRESSES Prosody","","wordbank","data/functions.yaml","","","",""
"assert:blindsight--expresses--blindsight","assertion","EXPRESSES","BLINDSIGHT EXPRESSES Blindsight","","wordbank","data/functions.yaml","","","",""
"assert:cerebellar-timing--expresses--timing","assertion","EXPRESSES","CEREBELLAR TIMING EXPRESSES Timing","","wordbank","data/functions.yaml","","","",""
"assert:working-memory-span--expresses--working-memory","assertion","EXPRESSES","WORKING MEMORY SPAN EXPRESSES Working Memory","","wordbank","data/functions.yaml","","","",""
"assert:body-schema-update--expresses--body-schema","assertion","EXPRESSES","BODY SCHEMA UPDATE EXPRESSES Body Schema","","wordbank","data/functions.yaml","","","",""
"assert:semantic-priming--expresses--semantic-memory","assertion","EXPRESSES","SEMANTIC PRIMING EXPRESSES Semantic Memory","","wordbank","data/functions.yaml","","Redirected from phenomenon:semantic-priming: the sources never describe that phenomenon, so the word maps to the sourced function instead.","",""
"assert:locked-in-syndrome--expresses--locked-in-syndrome","assertion","EXPRESSES","LOCKED-IN SYNDROME EXPRESSES Locked-in Syndrome","","wordbank","data/functions.yaml","","","",""
"assert:pain-unpleasantness--expresses--pain","assertion","EXPRESSES","PAIN UNPLEASANTNESS EXPRESSES Pain","","wordbank","data/functions.yaml","","","",""
"assert:self-referential-thought--expresses--self-referential-thought","assertion","EXPRESSES","SELF-REFERENTIAL THOUGHT EXPRESSES Self-Referential Thought","","wordbank","data/functions.yaml","","","",""
"assert:paul-broca--described--region-6","assertion","DESCRIBED","Paul Broca DESCRIBED region:6 (year: 1861)","source:dronkers-2007","R1 §1.6 Broca's area (History); R1 §10 Paul Broca","data/history.yaml","","","",""
"assert:paul-broca--described--brocas-aphasia","assertion","DESCRIBED","Paul Broca DESCRIBED Broca's Aphasia (year: 1861)","source:dronkers-2007","R1 §1.6 Broca's area (History); R1 §10 Paul Broca","data/history.yaml","","","",""
"assert:carl-wernicke--described--region-13","assertion","DESCRIBED","Carl Wernicke DESCRIBED region:13 (year: 1874)","source:kandel-pns; source:finger-origins; source:blumenfeld-neuroanatomy","R1 §1.13 Wernicke's area (History); R1 §10 Carl Wernicke","data/history.yaml","","","",""
"assert:carl-wernicke--described--wernickes-aphasia","assertion","DESCRIBED","Carl Wernicke DESCRIBED Wernicke's Aphasia (year: 1874)","source:kandel-pns; source:finger-origins; source:blumenfeld-neuroanatomy","R1 §1.13 Wernicke's area (History); R1 §10 Carl Wernicke","data/history.yaml","","","",""
"assert:wilder-penfield--described--region-5","assertion","DESCRIBED","Wilder Penfield DESCRIBED region:5 (year: 1937)","source:penfield-boldrey-1937","R1 §3 The Homunculus (Origins)","data/history.yaml","","","",""
"assert:wilder-penfield--described--region-7","assertion","DESCRIBED","Wilder Penfield DESCRIBED region:7 (year: 1937)","source:penfield-boldrey-1937","R1 §3 The Homunculus (Origins)","data/history.yaml","","","",""
"assert:william-scoville--described--anterograde-amnesia","assertion","DESCRIBED","William Scoville DESCRIBED Anterograde Amnesia (year: 1957)","source:scoville-milner-1957","R1 §5 Hidden and deep structures (Hippocampus)","data/history.yaml","","Re-pointed by audit: Scoville and Milner (1957) described the amnesia after hippocampal removal, not the hippocampus itself.","",""
"assert:brenda-milner--described--anterograde-amnesia","assertion","DESCRIBED","Brenda Milner DESCRIBED Anterograde Amnesia (year: 1957)","source:scoville-milner-1957","R1 §5 Hidden and deep structures (Hippocampus); R1 §10 Brenda Milner","data/history.yaml","","Re-pointed by audit: Scoville and Milner (1957) described the amnesia after hippocampal removal, not the hippocampus itself.","",""
"assert:papez--described--papez","assertion","DESCRIBED","Papez DESCRIBED Papez Circuit (year: 1937)","source:papez-1937","R2 B4 Papez circuit (1937) and modern view","data/history.yaml","","","",""
"assert:thomas-willis--described--circle-of-willis","assertion","DESCRIBED","Thomas Willis DESCRIBED Circle of Willis (year: 1664)","source:kandel-pns; source:finger-origins","R1 §10 Thomas Willis","data/history.yaml","","","",""
"assert:franciscus-sylvius--described--lateral-fissure","assertion","DESCRIBED","Franciscus Sylvius DESCRIBED Lateral Fissure (year: 1641)","source:kandel-pns; source:finger-origins","R1 §10 Franciscus Sylvius","data/history.yaml","","","",""
"assert:otto-loewi--described--acetylcholine","assertion","DESCRIBED","Otto Loewi DESCRIBED Acetylcholine (year: 1921)","source:kandel-pns; source:finger-origins; source:purves-neuroscience","R1 §10 Otto Loewi; KB physiology/neurotransmitters.md (Memorable fact)","data/history.yaml","","","",""
"assert:otto-loewi--described--synaptic-transmission","assertion","DESCRIBED","Otto Loewi DESCRIBED Synaptic Transmission (year: 1921)","source:kandel-pns; source:finger-origins","R1 §10 Otto Loewi (chemical neurotransmission)","data/history.yaml","","","",""
"assert:alan-hodgkin--described--action-potential","assertion","DESCRIBED","Alan Hodgkin DESCRIBED Action Potential (year: 1952)","source:kandel-pns; source:finger-origins; source:purves-neuroscience","R1 §10 Alan Hodgkin and Andrew Huxley; KB physiology/how_neurons_signal.md (History)","data/history.yaml","","","",""
"assert:andrew-huxley--described--action-potential","assertion","DESCRIBED","Andrew Huxley DESCRIBED Action Potential (year: 1952)","source:kandel-pns; source:finger-origins; source:purves-neuroscience","R1 §10 Alan Hodgkin and Andrew Huxley; KB physiology/how_neurons_signal.md (History)","data/history.yaml","","","",""
"assert:max-lewandowsky--described--blood-brain-barrier","assertion","DESCRIBED","Max Lewandowsky DESCRIBED Blood-Brain Barrier (year: 1900)","source:brainfacts","KB anatomy/blood_brain_barrier.md (For the expert, History); KB SOURCES_AND_CORRECTIONS.md (fact-check 2026-10-02)","data/history.yaml","","KB file lists QBI, BrainFacts (The Blood-Brain Barrier, 2014) and textbooks; the corrections log cites only 'history of medicine'. Verify the historical source.","",""
"assert:edwin-goldmann--described--blood-brain-barrier","assertion","DESCRIBED","Edwin Goldmann DESCRIBED Blood-Brain Barrier (year: 1913)","source:brainfacts","KB anatomy/blood_brain_barrier.md (For the expert, History); KB SOURCES_AND_CORRECTIONS.md (fact-check 2026-10-02)","data/history.yaml","","KB file lists QBI, BrainFacts (The Blood-Brain Barrier, 2014) and textbooks; the corrections log cites only 'history of medicine'. Verify the historical source.","",""
"assert:lina-stern--described--blood-brain-barrier","assertion","DESCRIBED","Lina Stern DESCRIBED Blood-Brain Barrier (year: 1921, confidence: approximate)","source:brainfacts","KB anatomy/blood_brain_barrier.md (For the expert, History); KB SOURCES_AND_CORRECTIONS.md (fact-check 2026-10-02)","data/history.yaml","","KB file lists QBI, BrainFacts (The Blood-Brain Barrier, 2014) and textbooks; the corrections log cites only 'history of medicine'. Verify the historical source.","",""
"assert:region-6--named-after--paul-broca","assertion","NAMED_AFTER","region:6 NAMED_AFTER Paul Broca","source:kandel-pns; source:finger-origins","R1 §1.6 Broca's area (History); R1 §10 Paul Broca","data/history.yaml","","","",""
"assert:region-13--named-after--carl-wernicke","assertion","NAMED_AFTER","region:13 NAMED_AFTER Carl Wernicke","source:blumenfeld-neuroanatomy; source:kandel-pns","R1 §1.13 Wernicke's area (History); R1 §10 Carl Wernicke","data/history.yaml","","","",""
"assert:lateral-fissure--named-after--franciscus-sylvius","assertion","NAMED_AFTER","Lateral Fissure NAMED_AFTER Franciscus Sylvius","source:kandel-pns; source:finger-origins","R1 §10 Franciscus Sylvius; R1 §17c Glossary (Lateral fissure)","data/history.yaml","","","",""
"assert:cerebral-aqueduct--named-after--franciscus-sylvius","assertion","NAMED_AFTER","Cerebral Aqueduct NAMED_AFTER Franciscus Sylvius","source:kandel-pns; source:finger-origins; source:purves-neuroscience; source:nolte-human-brain","R1 §10 Franciscus Sylvius; R1 §7 Ventricles (aqueduct of Sylvius)","data/history.yaml","","","",""
"assert:central-sulcus--named-after--luigi-rolando","assertion","NAMED_AFTER","Central Sulcus NAMED_AFTER Luigi Rolando","source:kandel-pns; source:finger-origins","R1 §10 Luigi Rolando; R1 §17c Glossary (Central sulcus)","data/history.yaml","","","",""
"assert:heschls-gyrus--named-after--heschl","assertion","NAMED_AFTER","Heschl's Gyrus NAMED_AFTER Heschl","source:kandel-pns; source:purves-neuroscience; source:nolte-human-brain","R1 §1.11 Primary auditory cortex; KB anatomy/gyri_and_sulci.md","data/history.yaml","","","",""
"assert:brocas-aphasia--named-after--paul-broca","assertion","NAMED_AFTER","Broca's Aphasia NAMED_AFTER Paul Broca","source:dronkers-2007; source:blumenfeld-neuroanatomy","R1 §1.6 Broca's area (Damage; History)","data/history.yaml","","","",""
"assert:wernickes-aphasia--named-after--carl-wernicke","assertion","NAMED_AFTER","Wernicke's Aphasia NAMED_AFTER Carl Wernicke","source:blumenfeld-neuroanatomy","R1 §1.13 Wernicke's area (Damage; History)","data/history.yaml","","","",""
"assert:sylvi--named-after--franciscus-sylvius","assertion","NAMED_AFTER","Sylvi NAMED_AFTER Franciscus Sylvius","source:kandel-pns; source:finger-origins","R1 §10 Luigi Rolando (Game note); KB README.md (The guides)","data/history.yaml","","","",""
"assert:rollo--named-after--luigi-rolando","assertion","NAMED_AFTER","Rollo NAMED_AFTER Luigi Rolando","source:kandel-pns; source:finger-origins","R1 §10 Luigi Rolando (Game note); KB README.md (The guides)","data/history.yaml","","","",""
"assert:sylvi--anchored-on--lateral-fissure","assertion","ANCHORED_ON","Sylvi ANCHORED_ON Lateral Fissure","","R1 §10 Luigi Rolando (Game note); KB README.md (The guides)","data/history.yaml","","","",""
"assert:rollo--anchored-on--central-sulcus","assertion","ANCHORED_ON","Rollo ANCHORED_ON Central Sulcus","","R1 §10 Luigi Rolando (Game note); KB README.md (The guides)","data/history.yaml","","","",""
"assert:parkinsons-disease--affects--substantia-nigra","assertion","AFFECTS","Parkinson's Disease AFFECTS Substantia Nigra","source:kandel-pns; source:purves-neuroscience; source:blumenfeld-neuroanatomy","R1 §16 Parkinson's disease; R1 §1.15b Midbrain (Damage); KB anatomy/midbrain.md","data/history.yaml","","","",""
"assert:parkinsons-disease--affects--dopaminergic-neuron","assertion","AFFECTS","Parkinson's Disease AFFECTS Dopamine Neuron","source:kandel-pns; source:purves-neuroscience; source:blumenfeld-neuroanatomy","R1 §16 Parkinson's disease; R1 §1.15b Midbrain (Damage); KB anatomy/midbrain.md","data/history.yaml","","","",""
"assert:alzheimers-disease--affects--entorhinal-cortex","assertion","AFFECTS","Alzheimer's Disease AFFECTS Entorhinal Cortex","source:kandel-pns","R1 §16 Alzheimer's disease; R2 B8 Hippocampal trisynaptic circuit (Failure)","data/history.yaml","","The cited R1 section names no work for this description; textbook attribution is provisional until the citation pass.","",""
"assert:alzheimers-disease--affects--hippocampus","assertion","AFFECTS","Alzheimer's Disease AFFECTS Hippocampus","source:kandel-pns","R1 §16 Alzheimer's disease; R2 B8 Hippocampal trisynaptic circuit (Failure)","data/history.yaml","","The cited R1 section names no work for this description; textbook attribution is provisional until the citation pass.","",""
"assert:alzheimers-disease--affects--region-10","assertion","AFFECTS","Alzheimer's Disease AFFECTS region:10","source:cavanna-trimble-2006; source:raichle-2001","R1 §1.10 Precuneus (Damage)","data/history.yaml","","","",""
"assert:alzheimers-disease--affects--posterior-cingulate-cortex","assertion","AFFECTS","Alzheimer's Disease AFFECTS Posterior Cingulate Cortex","source:vogt-2005; source:kandel-pns; source:blumenfeld-neuroanatomy","R1 §1.16 Cingulate cortex (Damage)","data/history.yaml","","","",""
"assert:brocas-aphasia--affects--region-6","assertion","AFFECTS","Broca's Aphasia AFFECTS region:6","source:dronkers-2007; source:mohr-1978; source:blumenfeld-neuroanatomy","R1 §1.6 Broca's area (Damage); R1 Key Findings (Broca's area)","data/history.yaml","","","",""
"assert:wernickes-aphasia--affects--region-13","assertion","AFFECTS","Wernicke's Aphasia AFFECTS region:13","source:blumenfeld-neuroanatomy; source:binder-2015; source:tremblay-dick-2016","R1 §1.13 Wernicke's area (Damage; Boundary debate)","data/history.yaml","","","",""
"assert:wernickes-aphasia--affects--middle-temporal-gyrus","assertion","AFFECTS","Wernicke's Aphasia AFFECTS Middle Temporal Gyrus (confidence: approximate)","source:binder-2015","R1 §1.13 Wernicke's area (Boundary debate)","data/history.yaml","","Single source (Binder 2015); held as approximate until a contesting source is added.","",""
"assert:locked-in-syndrome--affects--pons","assertion","AFFECTS","Locked-in Syndrome AFFECTS Pons","source:blumenfeld-neuroanatomy; source:kandel-pns; source:nolte-human-brain","R1 §1.20 Brainstem (Damage); KB anatomy/hindbrain.md","data/history.yaml","","","",""
"assert:prosopagnosia--affects--fusiform-gyrus","assertion","AFFECTS","Prosopagnosia AFFECTS Fusiform Gyrus","source:purves-neuroscience","R1 §1.14 Fusiform gyrus (Damage)","data/history.yaml","","","",""
"assert:hemispatial-neglect--affects--region-9","assertion","AFFECTS","Hemispatial Neglect AFFECTS region:9","source:seghier-2013; source:kandel-pns; source:blumenfeld-neuroanatomy","R1 §1.9 Angular gyrus (Damage: right side)","data/history.yaml","","","",""
"assert:hemispatial-neglect--affects--region-8","assertion","AFFECTS","Hemispatial Neglect AFFECTS region:8 (lateralization: right, confidence: approximate)","source:kandel-pns; source:blumenfeld-neuroanatomy; source:corbetta-shulman-2002","R1 §1.8 SPL (Damage: especially right side)","data/history.yaml","","Audit: R1 says it contributes to neglect, especially on the right side.","",""
"assert:anterograde-amnesia--affects--hippocampus","assertion","AFFECTS","Anterograde Amnesia AFFECTS Hippocampus","source:scoville-milner-1957","R1 §5 Hippocampus (Patient H.M.); KB anatomy/limbic_system.md","data/history.yaml","","","",""
"assert:urbach-wiethe-disease--affects--amygdala","assertion","AFFECTS","Urbach-Wiethe Disease AFFECTS Amygdala","source:feinstein-2011","R1 §5 Amygdala (Patient S.M.)","data/history.yaml","","","",""
"assert:meningioma--affects--arachnoid-mater","assertion","AFFECTS","Meningioma AFFECTS Arachnoid Mater","source:louis-2021","R1 §15 Tumors (Meningioma)","data/history.yaml","","R1 §15 names no work for the cell of origin; Louis 2021 attribution provisional.","",""
"assert:medulloblastoma--affects--region-19","assertion","AFFECTS","Medulloblastoma AFFECTS region:19","source:louis-2021","R1 §15 Tumors (Pediatric tumors)","data/history.yaml","","","",""
"assert:hydrocephalus--affects--cerebral-aqueduct","assertion","AFFECTS","Hydrocephalus AFFECTS Cerebral Aqueduct","source:purves-neuroscience; source:nolte-human-brain; source:statpearls; source:blumenfeld-neuroanatomy","R1 §7 Hydrocephalus (aqueductal stenosis); R1 §1.15b Midbrain (Damage); KB anatomy/midbrain.md","data/history.yaml","","","",""
"assert:brown-sequard-syndrome--affects--spinal-cord","assertion","AFFECTS","Brown-Séquard Syndrome AFFECTS Spinal Cord","source:kandel-pns; source:purves-neuroscience; source:blumenfeld-neuroanatomy; source:nolte-human-brain","R1 §2 Pathways and body control (Brown-Séquard syndrome)","data/history.yaml","","","",""
"assert:bells-palsy--affects--facial-nerve","assertion","AFFECTS","Bell's Palsy AFFECTS Facial Nerve","source:blumenfeld-neuroanatomy; source:nolte-human-brain; source:statpearls","R1 §6 Cranial nerves (VII Facial)","data/history.yaml","","","",""
"assert:concussion--affects--region-2","assertion","AFFECTS","Concussion AFFECTS region:2","source:kandel-pns; source:purves-neuroscience","R1 §16 Concussion and TBI; R1 §1.2 Orbitofrontal cortex (Damage)","data/history.yaml","","","",""
"assert:multiple-sclerosis--affects--blood-brain-barrier","assertion","AFFECTS","Multiple Sclerosis AFFECTS Blood-Brain Barrier","source:qbi-brain-basics; source:brainfacts","KB anatomy/blood_brain_barrier.md (Disease)","data/history.yaml","","","",""
"assert:parkinsons-disease--impairs--motor-control","assertion","IMPAIRS","Parkinson's Disease IMPAIRS Motor Control (sign: Tremor, slowness and stiffness of movement, appearing after many dopamine neurons are lost.)","source:kandel-pns; source:purves-neuroscience; source:blumenfeld-neuroanatomy","R1 §16 Parkinson's disease; R1 §1.15b Midbrain (Damage); KB anatomy/midbrain.md","data/history.yaml","","","",""
"assert:brocas-aphasia--impairs--speech-production","assertion","IMPAIRS","Broca's Aphasia IMPAIRS Speech Production (sign: Effortful, halting speech in short telegraphic phrases, while simple sentences are still fairly well understood.)","source:dronkers-2007; source:blumenfeld-neuroanatomy","R1 §1.6 Broca's area (Damage)","data/history.yaml","","","",""
"assert:wernickes-aphasia--impairs--language-comprehension","assertion","IMPAIRS","Wernicke's Aphasia IMPAIRS Language Comprehension (sign: Fluent speech full of wrong or invented words, with poor understanding of what others say.)","source:binder-2015; source:blumenfeld-neuroanatomy","R1 §1.13 Wernicke's area (Damage)","data/history.yaml","","","",""
"assert:prosopagnosia--impairs--face-recognition","assertion","IMPAIRS","Prosopagnosia IMPAIRS Face Recognition (sign: Difficulty recognising people from their faces.)","source:purves-neuroscience","R1 §1.14 Fusiform gyrus (Damage)","data/history.yaml","","","",""
"assert:hemispatial-neglect--impairs--attention","assertion","IMPAIRS","Hemispatial Neglect IMPAIRS Attention (sign: Failing to notice or respond to things on the left side of space after right-hemisphere damage.)","source:kandel-pns; source:blumenfeld-neuroanatomy; source:corbetta-shulman-2002","R1 §1.8 SPL; R1 §1.9 Angular gyrus; R1 §9 Ventral attention network; R1 §14 Symptoms by territory","data/history.yaml","","","",""
"assert:anterograde-amnesia--impairs--episodic-memory","assertion","IMPAIRS","Anterograde Amnesia IMPAIRS Episodic Memory (sign: Unable to store new memories of events, although new motor skills can still be learned.)","source:scoville-milner-1957","R1 §5 Hippocampus (Patient H.M.)","data/history.yaml","","","",""
"assert:locked-in-syndrome--impairs--motor-control","assertion","IMPAIRS","Locked-in Syndrome IMPAIRS Motor Control (sign: Awake and aware, yet able to communicate only with blinks and up-and-down eye movements.)","source:blumenfeld-neuroanatomy; source:kandel-pns; source:nolte-human-brain","R1 §1.20 Brainstem (Damage)","data/history.yaml","","","",""
"assert:brown-sequard-syndrome--impairs--motor-control","assertion","IMPAIRS","Brown-Séquard Syndrome IMPAIRS Motor Control (sign: Weakness below the injury on the same side as the damaged half of the spinal cord.)","source:kandel-pns; source:purves-neuroscience; source:blumenfeld-neuroanatomy; source:nolte-human-brain","R1 §2 Pathways and body control (Brown-Séquard syndrome)","data/history.yaml","","","",""
"assert:brown-sequard-syndrome--impairs--proprioception","assertion","IMPAIRS","Brown-Séquard Syndrome IMPAIRS Proprioception (sign: Lost sense of vibration and limb position below the injury, on the same side.)","source:kandel-pns; source:purves-neuroscience; source:blumenfeld-neuroanatomy; source:nolte-human-brain","R1 §2 Pathways and body control (Brown-Séquard syndrome)","data/history.yaml","","","",""
"assert:brown-sequard-syndrome--impairs--pain","assertion","IMPAIRS","Brown-Séquard Syndrome IMPAIRS Pain (sign: Lost pain and temperature feeling on the opposite side, starting one or two segments below the injury.)","source:kandel-pns; source:purves-neuroscience; source:blumenfeld-neuroanatomy; source:nolte-human-brain","R1 §2 Pathways and body control (Brown-Séquard syndrome)","data/history.yaml","","","",""
"assert:bells-palsy--impairs--motor-control","assertion","IMPAIRS","Bell's Palsy IMPAIRS Motor Control (sign: Weakness of the whole of one side of the face, so smiling and raising the eyebrow are lopsided.)","source:blumenfeld-neuroanatomy; source:nolte-human-brain; source:statpearls","R1 §6 Cranial nerves (VII Facial)","data/history.yaml","","","",""
"assert:urbach-wiethe-disease--impairs--fear","assertion","IMPAIRS","Urbach-Wiethe Disease IMPAIRS Fear (sign: Markedly reduced experience of fear in a well-studied patient with damage to both amygdalae.)","source:feinstein-2011","R1 §5 Amygdala (Patient S.M.)","data/history.yaml","","","",""
"assert:meningioma--impairs--smell","assertion","IMPAIRS","Meningioma IMPAIRS Smell (sign: Loss of smell when the tumour grows in the olfactory groove beneath the front of the brain.)","source:kandel-pns; source:purves-neuroscience","R1 §1.2 Orbitofrontal cortex (Damage)","data/history.yaml","","","",""
"assert:hydrocephalus--impairs--motor-control","assertion","IMPAIRS","Hydrocephalus IMPAIRS Motor Control (sign: Trouble walking, one of three typical signs of normal pressure hydrocephalus in older adults.)","source:purves-neuroscience; source:nolte-human-brain; source:statpearls","R1 §7 Hydrocephalus (normal pressure hydrocephalus)","data/history.yaml","","","",""
"assert:ischemic-stroke--impairs--motor-control","assertion","IMPAIRS","Ischemic Stroke IMPAIRS Motor Control (sign: Weakness on the opposite side of the body; face and arm more than leg after a middle cerebral artery stroke.)","source:kandel-pns; source:purves-neuroscience; source:nolte-human-brain","R1 §1.5 Primary motor cortex (Damage); R1 §14 Symptoms by territory","data/history.yaml","","","",""
"assert:ischemic-stroke--impairs--vision","assertion","IMPAIRS","Ischemic Stroke IMPAIRS Vision (sign: Following a posterior cerebral artery stroke, both eyes lose the half of the visual field on the side opposite the damage.)","source:kandel-pns; source:purves-neuroscience; source:nolte-human-brain","R1 §1.17 Primary visual cortex (Blood supply; Damage); R1 §14 Symptoms by territory","data/history.yaml","","","",""
"assert:speech-production--supported-by--region-6--debunks--left-right-brain","assertion","DEBUNKS","assert:speech-production--supported-by--region-6 DEBUNKS Left-brained and right-brained people","source:nielsen-2013","R1 §17a Consolidated myths list","data/history.yaml","","","",""
"assert:language-comprehension--supported-by--region-13--debunks--left-right-brain","assertion","DEBUNKS","assert:language-comprehension--supported-by--region-13 DEBUNKS Left-brained and right-brained people","source:nielsen-2013","R1 §17a Consolidated myths list","data/history.yaml","","","",""
"assert:neuron--debunks--hundred-billion-neurons","assertion","DEBUNKS","Neuron DEBUNKS The brain has 100 billion neurons","source:azevedo-2009; source:lent-2012","R1 §17a Consolidated myths list","data/history.yaml","","","",""
"assert:glia--debunks--glia-ten-to-one","assertion","DEBUNKS","Glia DEBUNKS Glia outnumber neurons ten to one","source:azevedo-2009; source:von-bartheld-2016","R1 §17a Consolidated myths list","data/history.yaml","","","",""
"assert:procedural-memory--supported-by--region-19--debunks--cerebellum-only-balance","assertion","DEBUNKS","assert:procedural-memory--supported-by--region-19 DEBUNKS The cerebellum only controls balance","source:schmahmann-sherman-1998","R1 §17a Consolidated myths list","data/history.yaml","","","",""
"assert:timing--supported-by--region-19--debunks--cerebellum-only-balance","assertion","DEBUNKS","assert:timing--supported-by--region-19 DEBUNKS The cerebellum only controls balance","source:schmahmann-sherman-1998","R1 §17a Consolidated myths list","data/history.yaml","","","",""
"assert:working-memory--supported-by--region-19--debunks--cerebellum-only-balance","assertion","DEBUNKS","assert:working-memory--supported-by--region-19 DEBUNKS The cerebellum only controls balance","source:schmahmann-sherman-1998","R1 §17a Consolidated myths list","data/history.yaml","","","",""
"assert:emotion-regulation--supported-by--region-19--debunks--cerebellum-only-balance","assertion","DEBUNKS","assert:emotion-regulation--supported-by--region-19 DEBUNKS The cerebellum only controls balance","source:schmahmann-sherman-1998","R1 §17a Consolidated myths list","data/history.yaml","","","",""
"assert:smell--supported-by--region-15--debunks--smell-through-thalamus","assertion","DEBUNKS","assert:smell--supported-by--region-15 DEBUNKS Smell passes through the thalamus like other senses","source:kandel-pns; source:purves-neuroscience; source:gottfried-2010","R1 §17a Consolidated myths list","data/history.yaml","","","",""
"assert:hippocampus--participates-in--adult-neurogenesis--disputes--debunks--adult-neurogenesis-certainty","assertion","DEBUNKS","assert:hippocampus--participates-in--adult-neurogenesis--disputes--contests--hippocampus--participates-in--adult-neurogenesis--asserts DEBUNKS Adults definitely do, or definitely don't, grow new neurons","source:eriksson-1998; source:spalding-2013; source:sorrells-2018; source:boldrini-2018; source:moreno-jimenez-2019; source:dumitru-2025","R1 §17a Consolidated myths list","data/history.yaml","","","",""
"assert:serotonin--produced-in--raphe-nuclei--debunks--gut-serotonin-mood","assertion","DEBUNKS","assert:serotonin--produced-in--raphe-nuclei DEBUNKS Gut serotonin controls your mood","source:purves-neuroscience; source:blumenfeld-neuroanatomy; source:nolte-human-brain","R1 §17a Consolidated myths list","data/history.yaml","","","",""
"assert:cerebral-cortex--participates-in--neuroplasticity--debunks--brain-cannot-recover","assertion","DEBUNKS","assert:cerebral-cortex--participates-in--neuroplasticity DEBUNKS A damaged brain can never recover","source:wolf-2006; source:kandel-pns; source:purves-neuroscience","R1 §17a Consolidated myths list","data/history.yaml","","","",""
"assert:region-1--member-of--frontoparietal-control","assertion","MEMBER_OF","region:1 MEMBER_OF Frontoparietal Control Network (role: node, confidence: approximate)","source:yeo-2011","R2 E4 Yeo 7 and 17 networks, row 1","data/networks.yaml","","","",""
"assert:region-1--member-of--default-mode","assertion","MEMBER_OF","region:1 MEMBER_OF Default Mode Network (role: node, confidence: approximate)","source:yeo-2011; source:raichle-2001; source:buckner-2008","R2 E4 Yeo 7 and 17 networks, row 1; R1 §9 Brain networks (DMN: medial PFC)","data/networks.yaml","","","",""
"assert:region-2--member-of--limbic","assertion","MEMBER_OF","region:2 MEMBER_OF Limbic Network (role: node, confidence: approximate)","source:yeo-2011","R2 E4 Yeo 7 and 17 networks, row 2","data/networks.yaml","","","",""
"assert:region-2--member-of--default-mode","assertion","MEMBER_OF","region:2 MEMBER_OF Default Mode Network (role: node, confidence: approximate)","source:yeo-2011","R2 E4 Yeo 7 and 17 networks, row 2","data/networks.yaml","","","",""
"assert:region-3--member-of--somatomotor","assertion","MEMBER_OF","region:3 MEMBER_OF Somatomotor Network (role: node, confidence: approximate)","source:yeo-2011","R2 E4 Yeo 7 and 17 networks, row 3","data/networks.yaml","","","",""
"assert:region-3--member-of--dorsal-attention","assertion","MEMBER_OF","region:3 MEMBER_OF Dorsal Attention Network (role: node, confidence: approximate)","source:yeo-2011","R2 E4 Yeo 7 and 17 networks, row 3","data/networks.yaml","","","",""
"assert:region-4--member-of--somatomotor","assertion","MEMBER_OF","region:4 MEMBER_OF Somatomotor Network (role: node, confidence: approximate)","source:yeo-2011","R2 E4 Yeo 7 and 17 networks, row 4","data/networks.yaml","","","",""
"assert:region-4--member-of--ventral-attention","assertion","MEMBER_OF","region:4 MEMBER_OF Ventral Attention Network (role: node, confidence: approximate)","source:yeo-2011","R2 E4 Yeo 7 and 17 networks, row 4 (pre-SMA)","data/networks.yaml","","","",""
"assert:region-5--member-of--somatomotor","assertion","MEMBER_OF","region:5 MEMBER_OF Somatomotor Network (role: node, confidence: approximate)","source:yeo-2011","R2 E4 Yeo 7 and 17 networks, row 5","data/networks.yaml","","","",""
"assert:region-6--member-of--default-mode","assertion","MEMBER_OF","region:6 MEMBER_OF Default Mode Network (role: node, confidence: approximate)","source:yeo-2011","R2 E4 Yeo 7 and 17 networks, row 6","data/networks.yaml","","","",""
"assert:region-6--member-of--frontoparietal-control","assertion","MEMBER_OF","region:6 MEMBER_OF Frontoparietal Control Network (role: node, confidence: approximate)","source:yeo-2011","R2 E4 Yeo 7 and 17 networks, row 6","data/networks.yaml","","","",""
"assert:region-7--member-of--somatomotor","assertion","MEMBER_OF","region:7 MEMBER_OF Somatomotor Network (role: node, confidence: approximate)","source:yeo-2011","R2 E4 Yeo 7 and 17 networks, row 7","data/networks.yaml","","","",""
"assert:region-8--member-of--dorsal-attention","assertion","MEMBER_OF","region:8 MEMBER_OF Dorsal Attention Network (role: hub, confidence: approximate)","source:yeo-2011; source:corbetta-shulman-2002","R2 E4 Yeo 7 and 17 networks, row 8; R1 §1.8 Superior parietal lobule (Expert detail: core node); R1 §9 Brain networks (DAN: IPS/SPL)","data/networks.yaml","","","",""
"assert:region-9--member-of--default-mode","assertion","MEMBER_OF","region:9 MEMBER_OF Default Mode Network (role: node, confidence: approximate)","source:yeo-2011; source:raichle-2001; source:buckner-2008","R2 E4 Yeo 7 and 17 networks, row 9; R1 §9 Brain networks (DMN: angular gyrus)","data/networks.yaml","","","",""
"assert:region-9--member-of--frontoparietal-control","assertion","MEMBER_OF","region:9 MEMBER_OF Frontoparietal Control Network (role: node, confidence: approximate)","source:yeo-2011","R2 E4 Yeo 7 and 17 networks, row 9","data/networks.yaml","","","",""
"assert:region-10--member-of--default-mode","assertion","MEMBER_OF","region:10 MEMBER_OF Default Mode Network (role: hub, confidence: approximate)","source:yeo-2011; source:raichle-2001; source:cavanna-trimble-2006","R2 E4 Yeo 7 and 17 networks, row 10; R1 §1.10 Precuneus (Expert detail: core DMN hub); R1 §9 Brain networks","data/networks.yaml","","","",""
"assert:region-10--member-of--frontoparietal-control","assertion","MEMBER_OF","region:10 MEMBER_OF Frontoparietal Control Network (role: node, confidence: approximate)","source:yeo-2011","R2 E4 Yeo 7 and 17 networks, row 10","data/networks.yaml","","","",""
"assert:region-11--member-of--somatomotor","assertion","MEMBER_OF","region:11 MEMBER_OF Somatomotor Network (role: node, confidence: approximate)","source:yeo-2011","R2 E4 Yeo 7 and 17 networks, row 11 (auditory)","data/networks.yaml","","","",""
"assert:region-12--member-of--somatomotor","assertion","MEMBER_OF","region:12 MEMBER_OF Somatomotor Network (role: node, confidence: approximate)","source:yeo-2011","R2 E4 Yeo 7 and 17 networks, row 12","data/networks.yaml","","","",""
"assert:region-12--member-of--ventral-attention","assertion","MEMBER_OF","region:12 MEMBER_OF Ventral Attention Network (role: node, confidence: approximate)","source:yeo-2011","R2 E4 Yeo 7 and 17 networks, row 12","data/networks.yaml","","","",""
"assert:region-12--member-of--default-mode","assertion","MEMBER_OF","region:12 MEMBER_OF Default Mode Network (role: node, confidence: approximate)","source:yeo-2011","R2 E4 Yeo 7 and 17 networks, row 12","data/networks.yaml","","","",""
"assert:region-13--member-of--default-mode","assertion","MEMBER_OF","region:13 MEMBER_OF Default Mode Network (role: node, confidence: approximate)","source:yeo-2011","R2 E4 Yeo 7 and 17 networks, row 13","data/networks.yaml","","","",""
"assert:region-13--member-of--ventral-attention","assertion","MEMBER_OF","region:13 MEMBER_OF Ventral Attention Network (role: node, confidence: approximate)","source:yeo-2011","R2 E4 Yeo 7 and 17 networks, row 13","data/networks.yaml","","","",""
"assert:region-14--member-of--visual","assertion","MEMBER_OF","region:14 MEMBER_OF Visual Network (role: node, confidence: approximate)","source:yeo-2011","R2 E4 Yeo 7 and 17 networks, row 14","data/networks.yaml","","","",""
"assert:region-14--member-of--dorsal-attention","assertion","MEMBER_OF","region:14 MEMBER_OF Dorsal Attention Network (role: node, confidence: approximate)","source:yeo-2011","R2 E4 Yeo 7 and 17 networks, row 14","data/networks.yaml","","","",""
"assert:region-14--member-of--limbic","assertion","MEMBER_OF","region:14 MEMBER_OF Limbic Network (role: node, confidence: approximate)","source:yeo-2011","R2 E4 Yeo 7 and 17 networks, row 14","data/networks.yaml","","","",""
"assert:region-16--member-of--ventral-attention","assertion","MEMBER_OF","region:16 MEMBER_OF Ventral Attention Network (role: node, confidence: approximate)","source:yeo-2011","R2 E4 Yeo 7 and 17 networks, row 16 (dorsal cingulate)","data/networks.yaml","","","",""
"assert:region-16--member-of--default-mode","assertion","MEMBER_OF","region:16 MEMBER_OF Default Mode Network (role: node, confidence: approximate)","source:yeo-2011","R2 E4 Yeo 7 and 17 networks, row 16 (PCC)","data/networks.yaml","","","",""
"assert:region-16--member-of--limbic","assertion","MEMBER_OF","region:16 MEMBER_OF Limbic Network (role: node, confidence: approximate)","source:yeo-2011","R2 E4 Yeo 7 and 17 networks, row 16 (subgenual)","data/networks.yaml","","","",""
"assert:region-17--member-of--visual","assertion","MEMBER_OF","region:17 MEMBER_OF Visual Network (role: node, confidence: approximate)","source:yeo-2011","R2 E4 Yeo 7 and 17 networks, row 17","data/networks.yaml","","","",""
"assert:region-18--member-of--visual","assertion","MEMBER_OF","region:18 MEMBER_OF Visual Network (role: node, confidence: approximate)","source:yeo-2011","R2 E4 Yeo 7 and 17 networks, row 18","data/networks.yaml","","","",""
"assert:region-18--member-of--dorsal-attention","assertion","MEMBER_OF","region:18 MEMBER_OF Dorsal Attention Network (role: node, confidence: approximate)","source:yeo-2011","R2 E4 Yeo 7 and 17 networks, row 18","data/networks.yaml","","","",""
"assert:region-19--member-of--somatomotor","assertion","MEMBER_OF","region:19 MEMBER_OF Somatomotor Network (role: node, confidence: approximate)","source:yeo-2011; source:buckner-2011","R2 E4 Yeo 7 and 17 networks, row 19 (all 7 represented); R1 §1.19 Cerebellum (Cognitive and affective roles)","data/networks.yaml","","","",""
"assert:region-19--member-of--dorsal-attention","assertion","MEMBER_OF","region:19 MEMBER_OF Dorsal Attention Network (role: node, confidence: approximate)","source:yeo-2011; source:buckner-2011","R2 E4 Yeo 7 and 17 networks, row 19 (all 7 represented); R1 §1.19 Cerebellum (Cognitive and affective roles)","data/networks.yaml","","","",""
"assert:region-19--member-of--ventral-attention","assertion","MEMBER_OF","region:19 MEMBER_OF Ventral Attention Network (role: node, confidence: approximate)","source:yeo-2011; source:buckner-2011","R2 E4 Yeo 7 and 17 networks, row 19 (all 7 represented); R1 §1.19 Cerebellum (Cognitive and affective roles)","data/networks.yaml","","","",""
"assert:region-19--member-of--limbic","assertion","MEMBER_OF","region:19 MEMBER_OF Limbic Network (role: node, confidence: approximate)","source:yeo-2011; source:buckner-2011","R2 E4 Yeo 7 and 17 networks, row 19 (all 7 represented); R1 §1.19 Cerebellum (Cognitive and affective roles)","data/networks.yaml","","","",""
"assert:region-19--member-of--frontoparietal-control","assertion","MEMBER_OF","region:19 MEMBER_OF Frontoparietal Control Network (role: node, confidence: approximate)","source:yeo-2011; source:buckner-2011","R2 E4 Yeo 7 and 17 networks, row 19 (all 7 represented); R1 §1.19 Cerebellum (Cognitive and affective roles)","data/networks.yaml","","","",""
"assert:region-19--member-of--default-mode","assertion","MEMBER_OF","region:19 MEMBER_OF Default Mode Network (role: node, confidence: approximate)","source:yeo-2011; source:buckner-2011","R2 E4 Yeo 7 and 17 networks, row 19 (all 7 represented); R1 §1.19 Cerebellum (Cognitive and affective roles)","data/networks.yaml","","","",""
"assert:posterior-cingulate-cortex--member-of--default-mode","assertion","MEMBER_OF","Posterior Cingulate Cortex MEMBER_OF Default Mode Network (role: hub, confidence: approximate)","source:raichle-2001; source:buckner-2008; source:vogt-2005","R1 §9 Brain networks (DMN: posterior cingulate and precuneus); R1 §1.16 Cingulate cortex (PCC: DMN hub)","data/networks.yaml","","","",""
"assert:inferior-parietal-lobule--member-of--default-mode","assertion","MEMBER_OF","Inferior Parietal Lobule MEMBER_OF Default Mode Network (role: node, confidence: approximate)","source:raichle-2001; source:buckner-2008","R1 §9 Brain networks (DMN: angular gyrus and inferior parietal lobule)","data/networks.yaml","","","",""
"assert:hippocampus--member-of--default-mode","assertion","MEMBER_OF","Hippocampus MEMBER_OF Default Mode Network (role: node, confidence: approximate)","source:raichle-2001; source:buckner-2008","R1 §9 Brain networks (DMN: hippocampal formation)","data/networks.yaml","","","",""
"assert:insula--member-of--ventral-attention","assertion","MEMBER_OF","Insula MEMBER_OF Ventral Attention Network (role: hub, confidence: approximate)","source:seeley-2007; source:menon-uddin-2010","R1 §9 Brain networks (Salience network: anterior insula); R1 §5 Hidden and deep structures (Insula: salience, anterior insula)","data/networks.yaml","","","",""
"assert:anterior-cingulate-cortex--member-of--ventral-attention","assertion","MEMBER_OF","Anterior Cingulate Cortex MEMBER_OF Ventral Attention Network (role: hub, confidence: approximate)","source:seeley-2007; source:menon-uddin-2010","R1 §9 Brain networks (Salience network: dorsal ACC)","data/networks.yaml","","","",""
"assert:amygdala--member-of--ventral-attention","assertion","MEMBER_OF","Amygdala MEMBER_OF Ventral Attention Network (role: node, confidence: approximate)","source:seeley-2007; source:menon-uddin-2010","R1 §9 Brain networks (Salience network: amygdala)","data/networks.yaml","","","",""
"assert:nucleus-accumbens--member-of--ventral-attention","assertion","MEMBER_OF","Nucleus Accumbens MEMBER_OF Ventral Attention Network (role: node, confidence: approximate)","source:seeley-2007; source:menon-uddin-2010; source:kandel-pns; source:purves-neuroscience; source:nolte-human-brain","R1 §9 Brain networks (Salience network: ventral striatum); KB anatomy/limbic_system.md (ventral striatum = nucleus accumbens)","data/networks.yaml","","","",""
"assert:dorsolateral-prefrontal-cortex--member-of--frontoparietal-control","assertion","MEMBER_OF","Dorsolateral Prefrontal Cortex MEMBER_OF Frontoparietal Control Network (role: node, confidence: approximate)","source:seeley-2007; source:vincent-2008; source:yeo-2011","R1 §9 Brain networks (Central executive: DLPFC)","data/networks.yaml","","","",""
"assert:intraparietal-sulcus--member-of--frontoparietal-control","assertion","MEMBER_OF","Intraparietal Sulcus MEMBER_OF Frontoparietal Control Network (role: node, confidence: approximate)","source:seeley-2007; source:vincent-2008; source:yeo-2011","R1 §9 Brain networks (Central executive: posterior parietal cortex, IPS)","data/networks.yaml","","","",""
"assert:intraparietal-sulcus--member-of--dorsal-attention","assertion","MEMBER_OF","Intraparietal Sulcus MEMBER_OF Dorsal Attention Network (role: node, confidence: approximate)","source:corbetta-shulman-2002","R1 §9 Brain networks (Dorsal attention network: IPS/SPL)","data/networks.yaml","","","",""
"assert:frontal-eye-field--member-of--dorsal-attention","assertion","MEMBER_OF","Frontal Eye Field MEMBER_OF Dorsal Attention Network (role: node, confidence: approximate)","source:corbetta-shulman-2002","R1 §9 Brain networks (Dorsal attention network: FEF)","data/networks.yaml","","","",""
"assert:inferior-frontal-gyrus--member-of--language","assertion","MEMBER_OF","Inferior Frontal Gyrus MEMBER_OF Language Network (role: node, confidence: approximate)","source:fedorenko-2010","R1 §9 Brain networks (Language network: IFG)","data/networks.yaml","","","",""
"assert:middle-frontal-gyrus--member-of--language","assertion","MEMBER_OF","Middle Frontal Gyrus MEMBER_OF Language Network (role: node, confidence: approximate)","source:fedorenko-2010","R1 §9 Brain networks (Language network: MFG)","data/networks.yaml","","","",""
"assert:middle-temporal-gyrus--member-of--language","assertion","MEMBER_OF","Middle Temporal Gyrus MEMBER_OF Language Network (role: node, confidence: approximate)","source:fedorenko-2010","R1 §9 Brain networks (Language network: MTG)","data/networks.yaml","","","",""
"assert:region-12--member-of--language","assertion","MEMBER_OF","region:12 MEMBER_OF Language Network (role: node, confidence: approximate)","source:fedorenko-2010","R1 §9 Brain networks (Language network: STG, anterior temporal)","data/networks.yaml","","","",""
"assert:region-6--member-of--language","assertion","MEMBER_OF","region:6 MEMBER_OF Language Network (role: node, confidence: approximate)","source:fedorenko-2012","R1 §1.6 Broca's area (Function: part belongs to the language network)","data/networks.yaml","","","",""
"assert:caudate-nucleus--member-of--frontoparietal-control","assertion","MEMBER_OF","Caudate Nucleus MEMBER_OF Frontoparietal Control Network (role: node, confidence: approximate)","source:choi-2012","R2 E4 Yeo 7 and 17 networks (Choi et al. 2012 striatum: caudate)","data/networks.yaml","","","",""
"assert:caudate-nucleus--member-of--default-mode","assertion","MEMBER_OF","Caudate Nucleus MEMBER_OF Default Mode Network (role: node, confidence: approximate)","source:choi-2012","R2 E4 Yeo 7 and 17 networks (Choi et al. 2012 striatum: caudate)","data/networks.yaml","","","",""
"assert:putamen--member-of--somatomotor","assertion","MEMBER_OF","Putamen MEMBER_OF Somatomotor Network (role: node, confidence: approximate)","source:choi-2012","R2 E4 Yeo 7 and 17 networks (Choi et al. 2012 striatum: putamen)","data/networks.yaml","","","",""
"assert:nucleus-accumbens--member-of--limbic","assertion","MEMBER_OF","Nucleus Accumbens MEMBER_OF Limbic Network (role: node, confidence: approximate)","source:choi-2012; source:kandel-pns; source:purves-neuroscience; source:nolte-human-brain","R2 E4 Yeo 7 and 17 networks (Choi et al. 2012 striatum: ventral striatum); KB anatomy/limbic_system.md (ventral striatum = nucleus accumbens)","data/networks.yaml","","","",""
"assert:default-mode--subserves--episodic-memory","assertion","SUBSERVES","Default Mode Network SUBSERVES Episodic Memory (confidence: approximate)","source:raichle-2001; source:buckner-2008","R1 §9 Brain networks (DMN: remembering)","data/networks.yaml","","","",""
"assert:default-mode--subserves--theory-of-mind","assertion","SUBSERVES","Default Mode Network SUBSERVES Theory of Mind (confidence: approximate)","source:raichle-2001; source:buckner-2008","R1 §9 Brain networks (DMN: thinking about others)","data/networks.yaml","","","",""
"assert:default-mode--subserves--self-referential-thought","assertion","SUBSERVES","Default Mode Network SUBSERVES Self-Referential Thought (confidence: approximate)","source:raichle-2001; source:buckner-2008","R1 §9 Brain networks (DMN: rest and mind-wandering); R1 §17c Glossary (DMN: inward thought)","data/networks.yaml","","","",""
"assert:frontoparietal-control--subserves--working-memory","assertion","SUBSERVES","Frontoparietal Control Network SUBSERVES Working Memory (confidence: established)","source:seeley-2007; source:vincent-2008; source:yeo-2011","R1 §9 Brain networks (Central executive: working memory)","data/networks.yaml","","","",""
"assert:dorsal-attention--subserves--attention","assertion","SUBSERVES","Dorsal Attention Network SUBSERVES Attention (confidence: established)","source:corbetta-shulman-2002","R1 §9 Brain networks (Dorsal attention: goal-driven attention); R1 §4 Function index (Attention)","data/networks.yaml","","","",""
"assert:ventral-attention--subserves--attention","assertion","SUBSERVES","Ventral Attention Network SUBSERVES Attention (confidence: established)","source:corbetta-shulman-2002","R1 §9 Brain networks (Ventral attention: reorients attention); R1 §4 Function index (Attention)","data/networks.yaml","","","",""
"assert:language--subserves--language-comprehension","assertion","SUBSERVES","Language Network SUBSERVES Language Comprehension (confidence: approximate)","source:fedorenko-2010; source:fedorenko-2011","R1 §9 Brain networks (Language network: selective for language)","data/networks.yaml","","","",""
"assert:language--subserves--speech-production","assertion","SUBSERVES","Language Network SUBSERVES Speech Production (confidence: approximate)","source:fedorenko-2010; source:fedorenko-2011","R1 §9 Brain networks (Language network: selective for language)","data/networks.yaml","","","",""
"assert:arcuate-fasciculus--connects--region-13","assertion","CONNECTS","Arcuate Fasciculus CONNECTS region:13 (endpoint: origin)","source:catani-2005; source:blumenfeld-neuroanatomy","R2 A1 Arcuate fasciculus; R1 §1.13 Wernicke's area (Connections)","data/networks.yaml","","","",""
"assert:arcuate-fasciculus--connects--region-12","assertion","CONNECTS","Arcuate Fasciculus CONNECTS region:12 (endpoint: origin)","source:catani-2005","R2 A1 Arcuate fasciculus; R1 §1.12 Superior temporal gyrus (Connections)","data/networks.yaml","","","",""
"assert:arcuate-fasciculus--connects--region-9","assertion","CONNECTS","Arcuate Fasciculus CONNECTS region:9 (endpoint: via)","source:catani-2005","R2 A1 Arcuate fasciculus; R1 §1.9 Angular gyrus (Connections)","data/networks.yaml","","","",""
"assert:arcuate-fasciculus--connects--inferior-parietal-lobule","assertion","CONNECTS","Arcuate Fasciculus CONNECTS Inferior Parietal Lobule (endpoint: via)","source:catani-2005","R2 A1 Arcuate fasciculus (Catani three-segment model: Geschwind's territory)","data/networks.yaml","","","",""
"assert:arcuate-fasciculus--connects--region-6","assertion","CONNECTS","Arcuate Fasciculus CONNECTS region:6 (endpoint: termination)","source:catani-2005; source:blumenfeld-neuroanatomy","R2 A1 Arcuate fasciculus; R1 §1.6 Broca's area (Connections)","data/networks.yaml","","","",""
"assert:arcuate-fasciculus--connects--region-3","assertion","CONNECTS","Arcuate Fasciculus CONNECTS region:3 (endpoint: termination)","source:catani-2005","R2 A1 Arcuate fasciculus","data/networks.yaml","","","",""
"assert:superior-longitudinal-fasciculus--connects--region-8","assertion","CONNECTS","Superior Longitudinal Fasciculus CONNECTS region:8 (endpoint: origin)","source:catani-2012-b","R2 A2 Superior longitudinal fasciculus I, II, III (SLF I)","data/networks.yaml","","","",""
"assert:superior-longitudinal-fasciculus--connects--region-10","assertion","CONNECTS","Superior Longitudinal Fasciculus CONNECTS region:10 (endpoint: origin)","source:catani-2012-b","R2 A2 Superior longitudinal fasciculus I, II, III (SLF I)","data/networks.yaml","","","",""
"assert:superior-longitudinal-fasciculus--connects--region-9","assertion","CONNECTS","Superior Longitudinal Fasciculus CONNECTS region:9 (endpoint: origin)","source:catani-2012-b","R2 A2 Superior longitudinal fasciculus I, II, III (SLF II)","data/networks.yaml","","","",""
"assert:superior-longitudinal-fasciculus--connects--supramarginal-gyrus","assertion","CONNECTS","Superior Longitudinal Fasciculus CONNECTS Supramarginal Gyrus (endpoint: origin)","source:catani-2012-b","R2 A2 Superior longitudinal fasciculus I, II, III (SLF III)","data/networks.yaml","","","",""
"assert:superior-longitudinal-fasciculus--connects--region-4","assertion","CONNECTS","Superior Longitudinal Fasciculus CONNECTS region:4 (endpoint: termination)","source:catani-2012-b","R2 A2 Superior longitudinal fasciculus I, II, III (SLF I)","data/networks.yaml","","","",""
"assert:superior-longitudinal-fasciculus--connects--region-3","assertion","CONNECTS","Superior Longitudinal Fasciculus CONNECTS region:3 (endpoint: termination)","source:catani-2012-b","R2 A2 Superior longitudinal fasciculus I, II, III (SLF I and III)","data/networks.yaml","","","",""
"assert:superior-longitudinal-fasciculus--connects--region-1","assertion","CONNECTS","Superior Longitudinal Fasciculus CONNECTS region:1 (endpoint: termination)","source:catani-2012-b","R2 A2 Superior longitudinal fasciculus I, II, III (SLF I and II)","data/networks.yaml","","","",""
"assert:superior-longitudinal-fasciculus--connects--region-6","assertion","CONNECTS","Superior Longitudinal Fasciculus CONNECTS region:6 (endpoint: termination)","source:catani-2012-b","R2 A2 Superior longitudinal fasciculus I, II, III (SLF III (pars opercularis))","data/networks.yaml","","","",""
"assert:uncinate-fasciculus--connects--region-12","assertion","CONNECTS","Uncinate Fasciculus CONNECTS region:12 (endpoint: origin)","source:catani-2012-b","R2 A3 Uncinate fasciculus (anterior temporal lobe, rostral 12)","data/networks.yaml","","","",""
"assert:uncinate-fasciculus--connects--region-2","assertion","CONNECTS","Uncinate Fasciculus CONNECTS region:2 (endpoint: termination)","source:catani-2012-b","R2 A3 Uncinate fasciculus","data/networks.yaml","","","",""
"assert:uncinate-fasciculus--connects--region-1","assertion","CONNECTS","Uncinate Fasciculus CONNECTS region:1 (endpoint: termination)","source:catani-2012-b","R2 A3 Uncinate fasciculus (ventral prefrontal)","data/networks.yaml","","","",""
"assert:cingulum-bundle--connects--parahippocampal-gyrus","assertion","CONNECTS","Cingulum Bundle CONNECTS Parahippocampal Gyrus (endpoint: origin)","source:catani-2012-b","R2 A4 Cingulum bundle","data/networks.yaml","","","",""
"assert:cingulum-bundle--connects--entorhinal-cortex","assertion","CONNECTS","Cingulum Bundle CONNECTS Entorhinal Cortex (endpoint: origin)","source:catani-2012-b","R2 A4 Cingulum bundle","data/networks.yaml","","","",""
"assert:cingulum-bundle--connects--region-10","assertion","CONNECTS","Cingulum Bundle CONNECTS region:10 (endpoint: origin)","source:catani-2012-b","R2 A4 Cingulum bundle (branch)","data/networks.yaml","","","",""
"assert:cingulum-bundle--connects--region-16","assertion","CONNECTS","Cingulum Bundle CONNECTS region:16 (endpoint: via)","source:catani-2012-b; source:vogt-2005","R2 A4 Cingulum bundle; R1 §1.16 Cingulate cortex (Connections: hippocampus through the cingulum bundle)","data/networks.yaml","","","",""
"assert:cingulum-bundle--connects--region-1","assertion","CONNECTS","Cingulum Bundle CONNECTS region:1 (endpoint: termination)","source:catani-2012-b","R2 A4 Cingulum bundle (subgenual frontal and medial prefrontal branch)","data/networks.yaml","","","",""
"assert:inferior-longitudinal-fasciculus--connects--region-18","assertion","CONNECTS","Inferior Longitudinal Fasciculus CONNECTS region:18 (endpoint: origin)","source:catani-2012-b","R2 A5 Inferior longitudinal fasciculus","data/networks.yaml","","","",""
"assert:inferior-longitudinal-fasciculus--connects--fusiform-gyrus","assertion","CONNECTS","Inferior Longitudinal Fasciculus CONNECTS Fusiform Gyrus (endpoint: origin)","source:catani-2012-b","R2 A5 Inferior longitudinal fasciculus; R1 §1.14 Fusiform gyrus (Connections)","data/networks.yaml","","","",""
"assert:inferior-longitudinal-fasciculus--connects--region-12","assertion","CONNECTS","Inferior Longitudinal Fasciculus CONNECTS region:12 (endpoint: termination)","source:catani-2012-b","R2 A5 Inferior longitudinal fasciculus (anterior temporal lobe, rostral 12)","data/networks.yaml","","","",""
"assert:inferior-fronto-occipital-fasciculus--connects--region-17","assertion","CONNECTS","Inferior Fronto-Occipital Fasciculus CONNECTS region:17 (endpoint: origin)","source:catani-2012-b","R2 A6 Inferior fronto-occipital fasciculus","data/networks.yaml","","","",""
"assert:inferior-fronto-occipital-fasciculus--connects--region-18","assertion","CONNECTS","Inferior Fronto-Occipital Fasciculus CONNECTS region:18 (endpoint: origin)","source:catani-2012-b","R2 A6 Inferior fronto-occipital fasciculus","data/networks.yaml","","","",""
"assert:inferior-fronto-occipital-fasciculus--connects--region-14","assertion","CONNECTS","Inferior Fronto-Occipital Fasciculus CONNECTS region:14 (endpoint: origin)","source:catani-2012-b","R2 A6 Inferior fronto-occipital fasciculus","data/networks.yaml","","","",""
"assert:inferior-fronto-occipital-fasciculus--connects--region-1","assertion","CONNECTS","Inferior Fronto-Occipital Fasciculus CONNECTS region:1 (endpoint: termination)","source:catani-2012-b","R2 A6 Inferior fronto-occipital fasciculus","data/networks.yaml","","","",""
"assert:inferior-fronto-occipital-fasciculus--connects--region-2","assertion","CONNECTS","Inferior Fronto-Occipital Fasciculus CONNECTS region:2 (endpoint: termination)","source:catani-2012-b","R2 A6 Inferior fronto-occipital fasciculus","data/networks.yaml","","","",""
"assert:inferior-fronto-occipital-fasciculus--connects--region-6","assertion","CONNECTS","Inferior Fronto-Occipital Fasciculus CONNECTS region:6 (endpoint: termination)","source:catani-2012-b","R2 A6 Inferior fronto-occipital fasciculus","data/networks.yaml","","","",""
"assert:frontal-aslant-tract--connects--region-4","assertion","CONNECTS","Frontal Aslant Tract CONNECTS region:4 (endpoint: origin)","source:catani-2012","R2 A7 Frontal aslant tract (SMA and pre-SMA)","data/networks.yaml","","","",""
"assert:frontal-aslant-tract--connects--region-6","assertion","CONNECTS","Frontal Aslant Tract CONNECTS region:6 (endpoint: termination)","source:catani-2012","R2 A7 Frontal aslant tract (pars opercularis); R1 §1.6 Broca's area (Connections)","data/networks.yaml","","","",""
"assert:middle-longitudinal-fasciculus--connects--region-9","assertion","CONNECTS","Middle Longitudinal Fasciculus CONNECTS region:9 (endpoint: origin, confidence: approximate)","source:seltzer-pandya-1984; source:makris-2009","R2 A8 Middle longitudinal fasciculus","data/networks.yaml","","","",""
"assert:middle-longitudinal-fasciculus--connects--region-8","assertion","CONNECTS","Middle Longitudinal Fasciculus CONNECTS region:8 (endpoint: origin, confidence: approximate)","source:seltzer-pandya-1984; source:makris-2009","R2 A8 Middle longitudinal fasciculus","data/networks.yaml","","","",""
"assert:middle-longitudinal-fasciculus--connects--region-10","assertion","CONNECTS","Middle Longitudinal Fasciculus CONNECTS region:10 (endpoint: origin, confidence: approximate)","source:seltzer-pandya-1984; source:makris-2009","R2 A8 Middle longitudinal fasciculus","data/networks.yaml","","","",""
"assert:middle-longitudinal-fasciculus--connects--region-12","assertion","CONNECTS","Middle Longitudinal Fasciculus CONNECTS region:12 (endpoint: termination, confidence: approximate)","source:seltzer-pandya-1984; source:makris-2009","R2 A8 Middle longitudinal fasciculus","data/networks.yaml","","","",""
"assert:fornix--connects--hippocampus","assertion","CONNECTS","Fornix CONNECTS Hippocampus (endpoint: origin)","source:catani-2012-b; source:kandel-pns; source:purves-neuroscience; source:nolte-human-brain","R2 A9 Fornix; KB anatomy/limbic_system.md (main output of the hippocampus)","data/networks.yaml","","","",""
"assert:fornix--connects--mammillary-bodies","assertion","CONNECTS","Fornix CONNECTS Mammillary Bodies (endpoint: termination)","source:catani-2012-b; source:kandel-pns; source:purves-neuroscience; source:nolte-human-brain","R2 A9 Fornix; KB anatomy/limbic_system.md (Papez circuit)","data/networks.yaml","","","",""
"assert:fornix--connects--thalamus","assertion","CONNECTS","Fornix CONNECTS Thalamus (endpoint: termination)","source:catani-2012-b","R2 A9 Fornix (anterior thalamus)","data/networks.yaml","","","",""
"assert:corpus-callosum--connects--region-1","assertion","CONNECTS","Corpus Callosum CONNECTS region:1 (endpoint: termination)","source:catani-2012-b; source:kandel-pns; source:purves-neuroscience; source:nolte-human-brain","R2 A10 Corpus callosum (rostrum and genu, forceps minor); KB anatomy/corpus_callosum.md (genu links prefrontal; splenium links occipital)","data/networks.yaml","","","",""
"assert:corpus-callosum--connects--region-2","assertion","CONNECTS","Corpus Callosum CONNECTS region:2 (endpoint: termination)","source:catani-2012-b","R2 A10 Corpus callosum (rostrum and genu, forceps minor)","data/networks.yaml","","","",""
"assert:corpus-callosum--connects--region-3","assertion","CONNECTS","Corpus Callosum CONNECTS region:3 (endpoint: termination)","source:catani-2012-b","R2 A10 Corpus callosum (body)","data/networks.yaml","","","",""
"assert:corpus-callosum--connects--region-4","assertion","CONNECTS","Corpus Callosum CONNECTS region:4 (endpoint: termination)","source:catani-2012-b","R2 A10 Corpus callosum (body)","data/networks.yaml","","","",""
"assert:corpus-callosum--connects--region-5","assertion","CONNECTS","Corpus Callosum CONNECTS region:5 (endpoint: termination)","source:catani-2012-b","R2 A10 Corpus callosum (body)","data/networks.yaml","","","",""
"assert:corpus-callosum--connects--region-7","assertion","CONNECTS","Corpus Callosum CONNECTS region:7 (endpoint: termination)","source:catani-2012-b","R2 A10 Corpus callosum (body)","data/networks.yaml","","","",""
"assert:corpus-callosum--connects--region-8","assertion","CONNECTS","Corpus Callosum CONNECTS region:8 (endpoint: termination)","source:catani-2012-b","R2 A10 Corpus callosum (body)","data/networks.yaml","","","",""
"assert:corpus-callosum--connects--region-17","assertion","CONNECTS","Corpus Callosum CONNECTS region:17 (endpoint: termination)","source:catani-2012-b; source:kandel-pns; source:purves-neuroscience; source:nolte-human-brain","R2 A10 Corpus callosum (splenium, forceps major); KB anatomy/corpus_callosum.md (genu links prefrontal; splenium links occipital)","data/networks.yaml","","","",""
"assert:corpus-callosum--connects--region-18","assertion","CONNECTS","Corpus Callosum CONNECTS region:18 (endpoint: termination)","source:catani-2012-b; source:kandel-pns; source:purves-neuroscience; source:nolte-human-brain","R2 A10 Corpus callosum (splenium, forceps major); KB anatomy/corpus_callosum.md (genu links prefrontal; splenium links occipital)","data/networks.yaml","","","",""
"assert:corpus-callosum--connects--region-10","assertion","CONNECTS","Corpus Callosum CONNECTS region:10 (endpoint: termination)","source:catani-2012-b","R2 A10 Corpus callosum (splenium, forceps major)","data/networks.yaml","","","",""
"assert:anterior-commissure--connects--region-12","assertion","CONNECTS","Anterior Commissure CONNECTS region:12 (endpoint: termination)","source:catani-2012-b; source:kandel-pns; source:purves-neuroscience; source:nolte-human-brain","R2 A11 Anterior commissure (anterior temporal lobes); KB anatomy/corpus_callosum.md (temporal lobes)","data/networks.yaml","","","",""
"assert:anterior-commissure--connects--region-15","assertion","CONNECTS","Anterior Commissure CONNECTS region:15 (endpoint: termination)","source:catani-2012-b; source:kandel-pns; source:purves-neuroscience; source:nolte-human-brain","R2 A11 Anterior commissure (piriform cortex, 15-alt); KB anatomy/corpus_callosum.md (olfaction)","data/networks.yaml","","","",""
"assert:internal-capsule--connects--thalamus","assertion","CONNECTS","Internal Capsule CONNECTS Thalamus (endpoint: origin)","source:catani-2012-b","R2 A12 Internal capsule and corona radiata (anterior limb: thalamus to prefrontal)","data/networks.yaml","","","",""
"assert:internal-capsule--connects--region-1","assertion","CONNECTS","Internal Capsule CONNECTS region:1 (endpoint: termination)","source:catani-2012-b","R2 A12 Internal capsule and corona radiata (anterior limb)","data/networks.yaml","","","",""
"assert:internal-capsule--connects--region-2","assertion","CONNECTS","Internal Capsule CONNECTS region:2 (endpoint: termination)","source:catani-2012-b","R2 A12 Internal capsule and corona radiata (anterior limb)","data/networks.yaml","","","",""
"assert:internal-capsule--connects--pons","assertion","CONNECTS","Internal Capsule CONNECTS Pons (endpoint: termination)","source:catani-2012-b","R2 A12 Internal capsule and corona radiata (anterior limb: frontopontine fibres)","data/networks.yaml","","","",""
"assert:internal-capsule--connects--region-5","assertion","CONNECTS","Internal Capsule CONNECTS region:5 (endpoint: origin)","source:catani-2012-b; source:kandel-pns; source:purves-neuroscience; source:blumenfeld-neuroanatomy; source:nolte-human-brain","R2 A12 Internal capsule and corona radiata (genu: corticobulbar from face motor cortex; posterior limb: corticospinal); R1 §2 Pathways and body control (Corticospinal tract)","data/networks.yaml","","","",""
"assert:internal-capsule--connects--region-20","assertion","CONNECTS","Internal Capsule CONNECTS region:20 (endpoint: termination)","source:catani-2012-b","R2 A12 Internal capsule and corona radiata (genu: corticobulbar to cranial nerve nuclei)","data/networks.yaml","","","",""
"assert:internal-capsule--connects--region-3","assertion","CONNECTS","Internal Capsule CONNECTS region:3 (endpoint: origin)","source:catani-2012-b; source:kandel-pns; source:purves-neuroscience; source:blumenfeld-neuroanatomy; source:nolte-human-brain","R2 A12 Internal capsule and corona radiata (posterior limb: corticospinal); R1 §2 Pathways and body control (Corticospinal tract)","data/networks.yaml","","","",""
"assert:internal-capsule--connects--region-4","assertion","CONNECTS","Internal Capsule CONNECTS region:4 (endpoint: origin)","source:catani-2012-b; source:kandel-pns; source:purves-neuroscience; source:blumenfeld-neuroanatomy; source:nolte-human-brain","R2 A12 Internal capsule and corona radiata (posterior limb: corticospinal); R1 §2 Pathways and body control (Corticospinal tract)","data/networks.yaml","","","",""
"assert:internal-capsule--connects--region-7","assertion","CONNECTS","Internal Capsule CONNECTS region:7 (endpoint: termination)","source:catani-2012-b","R2 A12 Internal capsule and corona radiata (posterior limb: sensory thalamocortical fibres)","data/networks.yaml","","","",""
"assert:corona-radiata--connects--region-5","assertion","CONNECTS","Corona Radiata CONNECTS region:5 (endpoint: origin)","source:kandel-pns; source:purves-neuroscience; source:blumenfeld-neuroanatomy; source:nolte-human-brain; source:catani-2012-b","R2 A13 Corticospinal tract (path through the corona radiata); R1 §2 Pathways and body control (Corticospinal tract)","data/networks.yaml","","","",""
"assert:corona-radiata--connects--region-3","assertion","CONNECTS","Corona Radiata CONNECTS region:3 (endpoint: origin)","source:kandel-pns; source:purves-neuroscience; source:blumenfeld-neuroanatomy; source:nolte-human-brain; source:catani-2012-b","R2 A13 Corticospinal tract (path through the corona radiata); R1 §2 Pathways and body control (Corticospinal tract)","data/networks.yaml","","","",""
"assert:corona-radiata--connects--region-4","assertion","CONNECTS","Corona Radiata CONNECTS region:4 (endpoint: origin)","source:kandel-pns; source:purves-neuroscience; source:blumenfeld-neuroanatomy; source:nolte-human-brain; source:catani-2012-b","R2 A13 Corticospinal tract (path through the corona radiata); R1 §2 Pathways and body control (Corticospinal tract)","data/networks.yaml","","","",""
"assert:corona-radiata--connects--region-7","assertion","CONNECTS","Corona Radiata CONNECTS region:7 (endpoint: origin)","source:kandel-pns; source:purves-neuroscience; source:blumenfeld-neuroanatomy; source:nolte-human-brain; source:catani-2012-b","R2 A13 Corticospinal tract (path through the corona radiata); R1 §2 Pathways and body control (Corticospinal tract)","data/networks.yaml","","","",""
"assert:corticospinal-tract--connects--region-5","assertion","CONNECTS","Corticospinal Tract CONNECTS region:5 (endpoint: origin)","source:kandel-pns; source:purves-neuroscience; source:blumenfeld-neuroanatomy; source:nolte-human-brain","R2 A13 Corticospinal tract (M1); R1 §1.5 Primary motor cortex (Connections); R1 §2 Pathways and body control (Corticospinal tract)","data/networks.yaml","","","",""
"assert:corticospinal-tract--connects--region-3","assertion","CONNECTS","Corticospinal Tract CONNECTS region:3 (endpoint: origin)","source:kandel-pns; source:purves-neuroscience; source:blumenfeld-neuroanatomy; source:nolte-human-brain","R2 A13 Corticospinal tract (premotor); R1 §2 Pathways and body control (Corticospinal tract)","data/networks.yaml","","","",""
"assert:corticospinal-tract--connects--region-4","assertion","CONNECTS","Corticospinal Tract CONNECTS region:4 (endpoint: origin)","source:kandel-pns; source:purves-neuroscience; source:blumenfeld-neuroanatomy; source:nolte-human-brain","R2 A13 Corticospinal tract (SMA); R1 §2 Pathways and body control (Corticospinal tract)","data/networks.yaml","","","",""
"assert:corticospinal-tract--connects--region-7","assertion","CONNECTS","Corticospinal Tract CONNECTS region:7 (endpoint: origin)","source:kandel-pns; source:purves-neuroscience; source:blumenfeld-neuroanatomy; source:nolte-human-brain","R2 A13 Corticospinal tract (S1); R1 §2 Pathways and body control (Corticospinal tract)","data/networks.yaml","","","",""
"assert:corticospinal-tract--connects--midbrain","assertion","CONNECTS","Corticospinal Tract CONNECTS Midbrain (endpoint: via)","source:kandel-pns; source:purves-neuroscience; source:blumenfeld-neuroanatomy; source:nolte-human-brain","R2 A13 Corticospinal tract (cerebral peduncle in the midbrain, 15); R1 §2 Pathways and body control (Corticospinal tract)","data/networks.yaml","","","",""
"assert:corticospinal-tract--connects--pons","assertion","CONNECTS","Corticospinal Tract CONNECTS Pons (endpoint: via)","source:kandel-pns; source:purves-neuroscience; source:blumenfeld-neuroanatomy; source:nolte-human-brain","R2 A13 Corticospinal tract (basilar pons); R1 §1.20 Brainstem (Pons); R1 §2 Pathways and body control (Corticospinal tract)","data/networks.yaml","","","",""
"assert:corticospinal-tract--connects--medulla-oblongata","assertion","CONNECTS","Corticospinal Tract CONNECTS Medulla Oblongata (endpoint: via)","source:kandel-pns; source:purves-neuroscience; source:blumenfeld-neuroanatomy; source:nolte-human-brain","R2 A13 Corticospinal tract (medullary pyramids); R1 §1.20 Brainstem (Medulla); R1 §2 Pathways and body control (Corticospinal tract)","data/networks.yaml","","","",""
"assert:corticospinal-tract--connects--region-20","assertion","CONNECTS","Corticospinal Tract CONNECTS region:20 (endpoint: via)","source:kandel-pns; source:purves-neuroscience; source:blumenfeld-neuroanatomy; source:nolte-human-brain","R2 A13 Corticospinal tract (pons and medullary pyramids, 20); R1 §2 Pathways and body control (Corticospinal tract)","data/networks.yaml","","","",""
"assert:corticospinal-tract--connects--spinal-cord","assertion","CONNECTS","Corticospinal Tract CONNECTS Spinal Cord (endpoint: termination)","source:kandel-pns; source:purves-neuroscience; source:blumenfeld-neuroanatomy; source:nolte-human-brain","R2 A13 Corticospinal tract; R1 §2 Pathways and body control (Corticospinal tract)","data/networks.yaml","","","",""
"assert:optic-radiation--connects--lateral-geniculate-nucleus","assertion","CONNECTS","Optic Radiation CONNECTS Lateral Geniculate Nucleus (endpoint: origin)","source:kandel-pns; source:purves-neuroscience; source:blumenfeld-neuroanatomy; source:nolte-human-brain; source:catani-2012-b","R2 A14 Optic radiations and Meyer's loop; R1 §2 Pathways and body control (Visual pathway)","data/networks.yaml","","","",""
"assert:optic-radiation--connects--region-17","assertion","CONNECTS","Optic Radiation CONNECTS region:17 (endpoint: termination)","source:kandel-pns; source:purves-neuroscience; source:blumenfeld-neuroanatomy; source:nolte-human-brain; source:catani-2012-b","R2 A14 Optic radiations and Meyer's loop; R1 §1.17 Primary visual cortex (Connections)","data/networks.yaml","","","",""
"assert:cerebellar-peduncles--connects--deep-cerebellar-nuclei","assertion","CONNECTS","Cerebellar Peduncles CONNECTS Deep Cerebellar Nuclei (endpoint: origin)","source:catani-2012-b","R2 A15 Cerebellar peduncles (superior: from the dentate nucleus)","data/networks.yaml","","","",""
"assert:cerebellar-peduncles--connects--midbrain","assertion","CONNECTS","Cerebellar Peduncles CONNECTS Midbrain (endpoint: via)","source:catani-2012-b","R2 A15 Cerebellar peduncles (superior: crosses in the midbrain, 15)","data/networks.yaml","","","",""
"assert:cerebellar-peduncles--connects--red-nucleus","assertion","CONNECTS","Cerebellar Peduncles CONNECTS Red Nucleus (endpoint: termination)","source:kandel-pns; source:catani-2012-b","R2 A15 Cerebellar peduncles (superior); R1 §1.19 Cerebellum (Connections: superior peduncle to thalamus and red nucleus)","data/networks.yaml","","","",""
"assert:cerebellar-peduncles--connects--thalamus","assertion","CONNECTS","Cerebellar Peduncles CONNECTS Thalamus (endpoint: termination)","source:kandel-pns; source:catani-2012-b","R2 A15 Cerebellar peduncles (superior: VL thalamus); R1 §1.19 Cerebellum (Connections)","data/networks.yaml","","","",""
"assert:cerebellar-peduncles--connects--pons","assertion","CONNECTS","Cerebellar Peduncles CONNECTS Pons (endpoint: origin)","source:kandel-pns; source:catani-2012-b","R2 A15 Cerebellar peduncles (middle: pontine nuclei, 20); R1 §1.19 Cerebellum (Connections: middle peduncle)","data/networks.yaml","","","",""
"assert:cerebellar-peduncles--connects--region-19","assertion","CONNECTS","Cerebellar Peduncles CONNECTS region:19 (endpoint: termination)","source:kandel-pns; source:catani-2012-b","R2 A15 Cerebellar peduncles (middle and inferior: input to the cerebellum); R1 §1.19 Cerebellum (Connections)","data/networks.yaml","","","",""
"assert:cerebellar-peduncles--connects--spinal-cord","assertion","CONNECTS","Cerebellar Peduncles CONNECTS Spinal Cord (endpoint: origin)","source:kandel-pns; source:catani-2012-b","R2 A15 Cerebellar peduncles (inferior); R1 §1.19 Cerebellum (Connections: inferior peduncle)","data/networks.yaml","","","",""
"assert:cerebellar-peduncles--connects--vestibular-nuclei","assertion","CONNECTS","Cerebellar Peduncles CONNECTS Vestibular Nuclei (endpoint: origin)","source:catani-2012-b","R2 A15 Cerebellar peduncles (inferior)","data/networks.yaml","","","",""
"assert:cerebellar-peduncles--connects--medulla-oblongata","assertion","CONNECTS","Cerebellar Peduncles CONNECTS Medulla Oblongata (endpoint: via)","source:catani-2012-b","R2 A15 Cerebellar peduncles (inferior: through the medulla, 20)","data/networks.yaml","","","",""
"assert:medial-forebrain-bundle--connects--ventral-tegmental-area","assertion","CONNECTS","Medial Forebrain Bundle CONNECTS Ventral Tegmental Area (endpoint: origin)","source:catani-2012-b","R2 A16 Medial forebrain bundle (VTA in the midbrain, 15)","data/networks.yaml","","","",""
"assert:medial-forebrain-bundle--connects--hypothalamus","assertion","CONNECTS","Medial Forebrain Bundle CONNECTS Hypothalamus (endpoint: origin)","source:catani-2012-b","R2 A16 Medial forebrain bundle (lateral hypothalamus)","data/networks.yaml","","","",""
"assert:medial-forebrain-bundle--connects--nucleus-accumbens","assertion","CONNECTS","Medial Forebrain Bundle CONNECTS Nucleus Accumbens (endpoint: termination)","source:catani-2012-b","R2 A16 Medial forebrain bundle","data/networks.yaml","","","",""
"assert:medial-forebrain-bundle--connects--region-2","assertion","CONNECTS","Medial Forebrain Bundle CONNECTS region:2 (endpoint: termination)","source:catani-2012-b","R2 A16 Medial forebrain bundle","data/networks.yaml","","","",""
"assert:medial-forebrain-bundle--connects--region-1","assertion","CONNECTS","Medial Forebrain Bundle CONNECTS region:1 (endpoint: termination)","source:catani-2012-b","R2 A16 Medial forebrain bundle","data/networks.yaml","","","",""
"assert:u-fibers--connects--region-7","assertion","CONNECTS","U-Fibres CONNECTS region:7 (endpoint: origin)","source:catani-2012-b","R2 A17 U-fibers (examples: 5 with 7, 17 with 18)","data/networks.yaml","","","",""
"assert:u-fibers--connects--region-5","assertion","CONNECTS","U-Fibres CONNECTS region:5 (endpoint: termination)","source:catani-2012-b","R2 A17 U-fibers (examples: 5 with 7, 17 with 18)","data/networks.yaml","","","",""
"assert:u-fibers--connects--region-17","assertion","CONNECTS","U-Fibres CONNECTS region:17 (endpoint: origin)","source:catani-2012-b","R2 A17 U-fibers (examples: 5 with 7, 17 with 18)","data/networks.yaml","","","",""
"assert:u-fibers--connects--region-18","assertion","CONNECTS","U-Fibres CONNECTS region:18 (endpoint: termination)","source:catani-2012-b","R2 A17 U-fibers (examples: 5 with 7, 17 with 18)","data/networks.yaml","","","",""
"assert:dorsal-column-medial-lemniscus--connects--spinal-cord","assertion","CONNECTS","Dorsal Column-Medial Lemniscus Pathway CONNECTS Spinal Cord (endpoint: origin)","source:kandel-pns; source:purves-neuroscience; source:blumenfeld-neuroanatomy; source:nolte-human-brain","R1 §2 Pathways and body control (Dorsal column-medial lemniscus) (dorsal columns, same side)","data/networks.yaml","","","",""
"assert:dorsal-column-medial-lemniscus--connects--medulla-oblongata","assertion","CONNECTS","Dorsal Column-Medial Lemniscus Pathway CONNECTS Medulla Oblongata (endpoint: via)","source:kandel-pns; source:purves-neuroscience; source:blumenfeld-neuroanatomy; source:nolte-human-brain","R1 §2 Pathways and body control (Dorsal column-medial lemniscus) (nucleus gracilis and cuneatus; crossing as internal arcuate fibres)","data/networks.yaml","","","",""
"assert:dorsal-column-medial-lemniscus--connects--thalamus","assertion","CONNECTS","Dorsal Column-Medial Lemniscus Pathway CONNECTS Thalamus (endpoint: via)","source:kandel-pns; source:purves-neuroscience; source:blumenfeld-neuroanatomy; source:nolte-human-brain","R1 §2 Pathways and body control (Dorsal column-medial lemniscus) (VPL)","data/networks.yaml","","","",""
"assert:dorsal-column-medial-lemniscus--connects--region-7","assertion","CONNECTS","Dorsal Column-Medial Lemniscus Pathway CONNECTS region:7 (endpoint: termination)","source:kandel-pns; source:purves-neuroscience; source:blumenfeld-neuroanatomy; source:nolte-human-brain","R1 §2 Pathways and body control (Dorsal column-medial lemniscus) (S1)","data/networks.yaml","","","",""
"assert:spinothalamic-tract--connects--spinal-cord","assertion","CONNECTS","Spinothalamic Tract CONNECTS Spinal Cord (endpoint: origin)","source:kandel-pns; source:purves-neuroscience; source:blumenfeld-neuroanatomy; source:nolte-human-brain","R1 §2 Pathways and body control (Spinothalamic tract) (dorsal horn; crosses in the anterior white commissure)","data/networks.yaml","","","",""
"assert:spinothalamic-tract--connects--thalamus","assertion","CONNECTS","Spinothalamic Tract CONNECTS Thalamus (endpoint: via)","source:kandel-pns; source:purves-neuroscience; source:blumenfeld-neuroanatomy; source:nolte-human-brain","R1 §2 Pathways and body control (Spinothalamic tract) (VPL)","data/networks.yaml","","","",""
"assert:spinothalamic-tract--connects--region-7","assertion","CONNECTS","Spinothalamic Tract CONNECTS region:7 (endpoint: termination)","source:kandel-pns; source:purves-neuroscience; source:blumenfeld-neuroanatomy; source:nolte-human-brain","R1 §2 Pathways and body control (Spinothalamic tract) (S1)","data/networks.yaml","","","",""
"assert:spinothalamic-tract--connects--insula","assertion","CONNECTS","Spinothalamic Tract CONNECTS Insula (endpoint: termination)","source:kandel-pns; source:purves-neuroscience; source:blumenfeld-neuroanatomy; source:nolte-human-brain","R1 §2 Pathways and body control (Spinothalamic tract)","data/networks.yaml","","","",""
"assert:spinothalamic-tract--connects--region-16","assertion","CONNECTS","Spinothalamic Tract CONNECTS region:16 (endpoint: termination)","source:kandel-pns; source:purves-neuroscience; source:blumenfeld-neuroanatomy; source:nolte-human-brain","R1 §2 Pathways and body control (Spinothalamic tract) (cingulate)","data/networks.yaml","","","",""
"assert:cortico-basal-ganglia-loop--includes--region-4","assertion","INCLUDES","Cortico-Basal Ganglia Loop INCLUDES region:4 (order: 1)","source:alexander-1986","R2 B1 Cortico-basal ganglia-thalamo-cortical loops (motor loop: SMA)","data/networks.yaml","","","",""
"assert:cortico-basal-ganglia-loop--includes--region-3","assertion","INCLUDES","Cortico-Basal Ganglia Loop INCLUDES region:3 (order: 1)","source:alexander-1986","R2 B1 Cortico-basal ganglia-thalamo-cortical loops (motor and oculomotor loops)","data/networks.yaml","","","",""
"assert:cortico-basal-ganglia-loop--includes--region-5","assertion","INCLUDES","Cortico-Basal Ganglia Loop INCLUDES region:5 (order: 1)","source:alexander-1986","R2 B1 Cortico-basal ganglia-thalamo-cortical loops (motor loop: M1)","data/networks.yaml","","","",""
"assert:cortico-basal-ganglia-loop--includes--region-7","assertion","INCLUDES","Cortico-Basal Ganglia Loop INCLUDES region:7 (order: 1)","source:alexander-1986","R2 B1 Cortico-basal ganglia-thalamo-cortical loops (motor loop: S1)","data/networks.yaml","","","",""
"assert:cortico-basal-ganglia-loop--includes--region-1","assertion","INCLUDES","Cortico-Basal Ganglia Loop INCLUDES region:1 (order: 1)","source:alexander-1986","R2 B1 Cortico-basal ganglia-thalamo-cortical loops (oculomotor and dorsolateral prefrontal loops)","data/networks.yaml","","","",""
"assert:cortico-basal-ganglia-loop--includes--frontal-eye-field","assertion","INCLUDES","Cortico-Basal Ganglia Loop INCLUDES Frontal Eye Field (order: 1)","source:alexander-1986","R2 B1 Cortico-basal ganglia-thalamo-cortical loops (oculomotor loop)","data/networks.yaml","","","",""
"assert:cortico-basal-ganglia-loop--includes--region-8","assertion","INCLUDES","Cortico-Basal Ganglia Loop INCLUDES region:8 (order: 1)","source:alexander-1986","R2 B1 Cortico-basal ganglia-thalamo-cortical loops (oculomotor loop: posterior parietal)","data/networks.yaml","","","",""
"assert:cortico-basal-ganglia-loop--includes--region-2","assertion","INCLUDES","Cortico-Basal Ganglia Loop INCLUDES region:2 (order: 1)","source:alexander-1986","R2 B1 Cortico-basal ganglia-thalamo-cortical loops (lateral orbitofrontal loop)","data/networks.yaml","","","",""
"assert:cortico-basal-ganglia-loop--includes--region-16","assertion","INCLUDES","Cortico-Basal Ganglia Loop INCLUDES region:16 (order: 1)","source:alexander-1986","R2 B1 Cortico-basal ganglia-thalamo-cortical loops (anterior cingulate loop)","data/networks.yaml","","","",""
"assert:cortico-basal-ganglia-loop--includes--putamen","assertion","INCLUDES","Cortico-Basal Ganglia Loop INCLUDES Putamen (order: 2)","source:alexander-1986","R2 B1 Cortico-basal ganglia-thalamo-cortical loops (motor loop)","data/networks.yaml","","","",""
"assert:cortico-basal-ganglia-loop--includes--caudate-nucleus","assertion","INCLUDES","Cortico-Basal Ganglia Loop INCLUDES Caudate Nucleus (order: 2)","source:alexander-1986","R2 B1 Cortico-basal ganglia-thalamo-cortical loops (oculomotor, prefrontal and orbitofrontal loops)","data/networks.yaml","","","",""
"assert:cortico-basal-ganglia-loop--includes--nucleus-accumbens","assertion","INCLUDES","Cortico-Basal Ganglia Loop INCLUDES Nucleus Accumbens (order: 2)","source:alexander-1986","R2 B1 Cortico-basal ganglia-thalamo-cortical loops (anterior cingulate loop)","data/networks.yaml","","","",""
"assert:cortico-basal-ganglia-loop--includes--globus-pallidus","assertion","INCLUDES","Cortico-Basal Ganglia Loop INCLUDES Globus Pallidus (order: 3)","source:alexander-1986","R2 B1 Cortico-basal ganglia-thalamo-cortical loops (GPi)","data/networks.yaml","","","",""
"assert:cortico-basal-ganglia-loop--includes--substantia-nigra","assertion","INCLUDES","Cortico-Basal Ganglia Loop INCLUDES Substantia Nigra (order: 3)","source:alexander-1986","R2 B1 Cortico-basal ganglia-thalamo-cortical loops (SNr; SNc dopamine)","data/networks.yaml","","","",""
"assert:cortico-basal-ganglia-loop--includes--thalamus","assertion","INCLUDES","Cortico-Basal Ganglia Loop INCLUDES Thalamus (order: 4)","source:alexander-1986","R2 B1 Cortico-basal ganglia-thalamo-cortical loops (VL/VA and MD thalamus)","data/networks.yaml","","","",""
"assert:cortico-basal-ganglia-loop--includes--subthalamic-nucleus","assertion","INCLUDES","Cortico-Basal Ganglia Loop INCLUDES Subthalamic Nucleus","source:alexander-1986","R2 B1 Cortico-basal ganglia-thalamo-cortical loops (indirect and hyperdirect pathways)","data/networks.yaml","","","",""
"assert:cerebro-cerebellar-loop--includes--region-5","assertion","INCLUDES","Cerebro-Cerebellar Loop INCLUDES region:5 (order: 1)","source:kandel-pns; source:purves-neuroscience","R2 B2 Cerebro-cerebellar loop (cortex)","data/networks.yaml","","","",""
"assert:cerebro-cerebellar-loop--includes--region-3","assertion","INCLUDES","Cerebro-Cerebellar Loop INCLUDES region:3 (order: 1)","source:kandel-pns; source:purves-neuroscience","R2 B2 Cerebro-cerebellar loop (cortex)","data/networks.yaml","","","",""
"assert:cerebro-cerebellar-loop--includes--region-1","assertion","INCLUDES","Cerebro-Cerebellar Loop INCLUDES region:1 (order: 1)","source:kandel-pns; source:purves-neuroscience","R2 B2 Cerebro-cerebellar loop (cortex)","data/networks.yaml","","","",""
"assert:cerebro-cerebellar-loop--includes--region-8","assertion","INCLUDES","Cerebro-Cerebellar Loop INCLUDES region:8 (order: 1)","source:kandel-pns; source:purves-neuroscience","R2 B2 Cerebro-cerebellar loop (cortex)","data/networks.yaml","","","",""
"assert:cerebro-cerebellar-loop--includes--midbrain","assertion","INCLUDES","Cerebro-Cerebellar Loop INCLUDES Midbrain (order: 2)","source:kandel-pns; source:purves-neuroscience","R2 B2 Cerebro-cerebellar loop (cerebral peduncle, 15)","data/networks.yaml","","","",""
"assert:cerebro-cerebellar-loop--includes--pons","assertion","INCLUDES","Cerebro-Cerebellar Loop INCLUDES Pons (order: 3)","source:kandel-pns; source:purves-neuroscience","R2 B2 Cerebro-cerebellar loop (pontine nuclei, 20)","data/networks.yaml","","","",""
"assert:cerebro-cerebellar-loop--includes--cerebellar-peduncles","assertion","INCLUDES","Cerebro-Cerebellar Loop INCLUDES Cerebellar Peduncles (order: 4)","source:kandel-pns; source:purves-neuroscience","R2 B2 Cerebro-cerebellar loop (middle peduncle in; superior peduncle out)","data/networks.yaml","","","",""
"assert:cerebro-cerebellar-loop--includes--region-19","assertion","INCLUDES","Cerebro-Cerebellar Loop INCLUDES region:19 (order: 5)","source:kandel-pns; source:purves-neuroscience","R2 B2 Cerebro-cerebellar loop (cerebellar cortex)","data/networks.yaml","","","",""
"assert:cerebro-cerebellar-loop--includes--deep-cerebellar-nuclei","assertion","INCLUDES","Cerebro-Cerebellar Loop INCLUDES Deep Cerebellar Nuclei (order: 6)","source:kandel-pns; source:purves-neuroscience","R2 B2 Cerebro-cerebellar loop (dentate nucleus)","data/networks.yaml","","","",""
"assert:cerebro-cerebellar-loop--includes--thalamus","assertion","INCLUDES","Cerebro-Cerebellar Loop INCLUDES Thalamus (order: 7)","source:kandel-pns; source:purves-neuroscience","R2 B2 Cerebro-cerebellar loop (VL thalamus)","data/networks.yaml","","","",""
"assert:thalamocortical-loop--includes--thalamus","assertion","INCLUDES","Thalamocortical Loop INCLUDES Thalamus (order: 1)","source:kandel-pns; source:purves-neuroscience","R2 B3 Thalamocortical loops and thalamic reticular nucleus (relay nuclei: VPL/VPM, VL)","data/networks.yaml","","","",""
"assert:thalamocortical-loop--includes--lateral-geniculate-nucleus","assertion","INCLUDES","Thalamocortical Loop INCLUDES Lateral Geniculate Nucleus (order: 1)","source:kandel-pns; source:purves-neuroscience","R2 B3 Thalamocortical loops and thalamic reticular nucleus (LGN)","data/networks.yaml","","","",""
"assert:thalamocortical-loop--includes--medial-geniculate-nucleus","assertion","INCLUDES","Thalamocortical Loop INCLUDES Medial Geniculate Nucleus (order: 1)","source:kandel-pns; source:purves-neuroscience","R2 B3 Thalamocortical loops and thalamic reticular nucleus (MGN)","data/networks.yaml","","","",""
"assert:thalamocortical-loop--includes--region-17","assertion","INCLUDES","Thalamocortical Loop INCLUDES region:17 (order: 2)","source:kandel-pns; source:purves-neuroscience","R2 B3 Thalamocortical loops and thalamic reticular nucleus (LGN to 17)","data/networks.yaml","","","",""
"assert:thalamocortical-loop--includes--region-11","assertion","INCLUDES","Thalamocortical Loop INCLUDES region:11 (order: 2)","source:kandel-pns; source:purves-neuroscience","R2 B3 Thalamocortical loops and thalamic reticular nucleus (MGN to 11)","data/networks.yaml","","","",""
"assert:thalamocortical-loop--includes--region-7","assertion","INCLUDES","Thalamocortical Loop INCLUDES region:7 (order: 2)","source:kandel-pns; source:purves-neuroscience","R2 B3 Thalamocortical loops and thalamic reticular nucleus (VPL/VPM to 7)","data/networks.yaml","","","",""
"assert:thalamocortical-loop--includes--region-5","assertion","INCLUDES","Thalamocortical Loop INCLUDES region:5 (order: 2)","source:kandel-pns; source:purves-neuroscience","R2 B3 Thalamocortical loops and thalamic reticular nucleus (VL to 5)","data/networks.yaml","","","",""
"assert:papez--includes--hippocampus","assertion","INCLUDES","Papez Circuit INCLUDES Hippocampus (order: 1)","source:papez-1937; source:kandel-pns; source:purves-neuroscience; source:nolte-human-brain","R2 B4 Papez circuit (1937) and modern view; KB anatomy/limbic_system.md","data/networks.yaml","","","",""
"assert:papez--includes--fornix","assertion","INCLUDES","Papez Circuit INCLUDES Fornix (order: 2)","source:papez-1937; source:kandel-pns; source:purves-neuroscience; source:nolte-human-brain","R2 B4 Papez circuit (1937) and modern view; KB anatomy/limbic_system.md","data/networks.yaml","","","",""
"assert:papez--includes--mammillary-bodies","assertion","INCLUDES","Papez Circuit INCLUDES Mammillary Bodies (order: 3)","source:papez-1937; source:kandel-pns; source:purves-neuroscience; source:nolte-human-brain","R2 B4 Papez circuit (1937) and modern view; KB anatomy/limbic_system.md","data/networks.yaml","","","",""
"assert:papez--includes--thalamus","assertion","INCLUDES","Papez Circuit INCLUDES Thalamus (order: 4)","source:papez-1937; source:kandel-pns; source:purves-neuroscience; source:nolte-human-brain","R2 B4 Papez circuit (1937) and modern view; KB anatomy/limbic_system.md","data/networks.yaml","","","",""
"assert:papez--includes--region-16","assertion","INCLUDES","Papez Circuit INCLUDES region:16 (order: 5)","source:papez-1937; source:kandel-pns; source:purves-neuroscience; source:nolte-human-brain","R2 B4 Papez circuit (1937) and modern view; KB anatomy/limbic_system.md","data/networks.yaml","","","",""
"assert:papez--includes--cingulum-bundle","assertion","INCLUDES","Papez Circuit INCLUDES Cingulum Bundle (order: 6)","source:papez-1937; source:kandel-pns; source:purves-neuroscience; source:nolte-human-brain","R2 B4 Papez circuit (1937) and modern view; KB anatomy/limbic_system.md","data/networks.yaml","","","",""
"assert:papez--includes--parahippocampal-gyrus","assertion","INCLUDES","Papez Circuit INCLUDES Parahippocampal Gyrus (order: 7)","source:papez-1937; source:kandel-pns; source:purves-neuroscience; source:nolte-human-brain","R2 B4 Papez circuit (1937) and modern view; KB anatomy/limbic_system.md","data/networks.yaml","","","",""
"assert:papez--includes--entorhinal-cortex","assertion","INCLUDES","Papez Circuit INCLUDES Entorhinal Cortex (order: 7)","source:papez-1937; source:kandel-pns; source:purves-neuroscience; source:nolte-human-brain","R2 B4 Papez circuit (1937) and modern view","data/networks.yaml","","","",""
"assert:amygdala-fear-circuit--includes--thalamus","assertion","INCLUDES","Amygdala Fear Circuit INCLUDES Thalamus (order: 1)","source:kandel-pns; source:purves-neuroscience","R2 B5 Amygdala fear circuit (LeDoux low road and high road) (sensory thalamus: low and high roads)","data/networks.yaml","","","",""
"assert:amygdala-fear-circuit--includes--region-11","assertion","INCLUDES","Amygdala Fear Circuit INCLUDES region:11 (order: 2)","source:kandel-pns; source:purves-neuroscience","R2 B5 Amygdala fear circuit (LeDoux low road and high road) (high road via sensory cortex)","data/networks.yaml","","","",""
"assert:amygdala-fear-circuit--includes--region-17","assertion","INCLUDES","Amygdala Fear Circuit INCLUDES region:17 (order: 2)","source:kandel-pns; source:purves-neuroscience","R2 B5 Amygdala fear circuit (LeDoux low road and high road) (high road via sensory cortex)","data/networks.yaml","","","",""
"assert:amygdala-fear-circuit--includes--region-18","assertion","INCLUDES","Amygdala Fear Circuit INCLUDES region:18 (order: 2)","source:kandel-pns; source:purves-neuroscience","R2 B5 Amygdala fear circuit (LeDoux low road and high road) (high road via sensory cortex)","data/networks.yaml","","","",""
"assert:amygdala-fear-circuit--includes--amygdala","assertion","INCLUDES","Amygdala Fear Circuit INCLUDES Amygdala (order: 3)","source:kandel-pns; source:purves-neuroscience","R2 B5 Amygdala fear circuit (LeDoux low road and high road) (lateral and central nuclei)","data/networks.yaml","","","",""
"assert:amygdala-fear-circuit--includes--hypothalamus","assertion","INCLUDES","Amygdala Fear Circuit INCLUDES Hypothalamus (order: 4)","source:kandel-pns; source:purves-neuroscience","R2 B5 Amygdala fear circuit (LeDoux low road and high road) (hormones)","data/networks.yaml","","","",""
"assert:amygdala-fear-circuit--includes--periaqueductal-gray","assertion","INCLUDES","Amygdala Fear Circuit INCLUDES Periaqueductal Gray (order: 4)","source:kandel-pns; source:purves-neuroscience","R2 B5 Amygdala fear circuit (LeDoux low road and high road) (freezing; midbrain, 15)","data/networks.yaml","","","",""
"assert:amygdala-fear-circuit--includes--region-20","assertion","INCLUDES","Amygdala Fear Circuit INCLUDES region:20 (order: 4)","source:kandel-pns; source:purves-neuroscience","R2 B5 Amygdala fear circuit (LeDoux low road and high road) (brain stem nuclei: startle, heart rate)","data/networks.yaml","","","",""
"assert:amygdala-fear-circuit--includes--ventromedial-prefrontal-cortex","assertion","INCLUDES","Amygdala Fear Circuit INCLUDES Ventromedial Prefrontal Cortex","source:kandel-pns; source:purves-neuroscience","R2 B5 Amygdala fear circuit (LeDoux low road and high road) (regulates extinction (1, 2))","data/networks.yaml","","","",""
"assert:amygdala-fear-circuit--includes--hippocampus","assertion","INCLUDES","Amygdala Fear Circuit INCLUDES Hippocampus","source:kandel-pns; source:purves-neuroscience","R2 B5 Amygdala fear circuit (LeDoux low road and high road) (regulates context)","data/networks.yaml","","","",""
"assert:mesolimbic-reward-pathway--includes--ventral-tegmental-area","assertion","INCLUDES","Mesolimbic Reward Pathway INCLUDES Ventral Tegmental Area (order: 1)","source:kandel-pns","R2 B6 Mesolimbic and mesocortical dopamine reward circuit (VTA, 15)","data/networks.yaml","","","",""
"assert:mesolimbic-reward-pathway--includes--nucleus-accumbens","assertion","INCLUDES","Mesolimbic Reward Pathway INCLUDES Nucleus Accumbens (order: 2)","source:kandel-pns","R2 B6 Mesolimbic and mesocortical dopamine reward circuit (mesolimbic)","data/networks.yaml","","","",""
"assert:mesolimbic-reward-pathway--includes--amygdala","assertion","INCLUDES","Mesolimbic Reward Pathway INCLUDES Amygdala (order: 2)","source:kandel-pns","R2 B6 Mesolimbic and mesocortical dopamine reward circuit (mesolimbic)","data/networks.yaml","","","",""
"assert:mesolimbic-reward-pathway--includes--hippocampus","assertion","INCLUDES","Mesolimbic Reward Pathway INCLUDES Hippocampus (order: 2)","source:kandel-pns","R2 B6 Mesolimbic and mesocortical dopamine reward circuit (mesolimbic)","data/networks.yaml","","","",""
"assert:mesolimbic-reward-pathway--includes--region-1","assertion","INCLUDES","Mesolimbic Reward Pathway INCLUDES region:1 (order: 2)","source:kandel-pns","R2 B6 Mesolimbic and mesocortical dopamine reward circuit (mesocortical)","data/networks.yaml","","","",""
"assert:mesolimbic-reward-pathway--includes--region-2","assertion","INCLUDES","Mesolimbic Reward Pathway INCLUDES region:2 (order: 2)","source:kandel-pns","R2 B6 Mesolimbic and mesocortical dopamine reward circuit (mesocortical)","data/networks.yaml","","","",""
"assert:mesolimbic-reward-pathway--includes--region-16","assertion","INCLUDES","Mesolimbic Reward Pathway INCLUDES region:16 (order: 2)","source:kandel-pns","R2 B6 Mesolimbic and mesocortical dopamine reward circuit (mesocortical: ACC)","data/networks.yaml","","","",""
"assert:nigrostriatal-pathway--includes--substantia-nigra","assertion","INCLUDES","Nigrostriatal Pathway INCLUDES Substantia Nigra (order: 1)","source:kandel-pns; source:purves-neuroscience; source:blumenfeld-neuroanatomy","R2 B7 Nigrostriatal pathway (pars compacta, 15); R1 §1.15 Midbrain (Parts)","data/networks.yaml","","","",""
"assert:nigrostriatal-pathway--includes--striatum","assertion","INCLUDES","Nigrostriatal Pathway INCLUDES Striatum (order: 2)","source:kandel-pns; source:purves-neuroscience; source:blumenfeld-neuroanatomy","R2 B7 Nigrostriatal pathway (dorsal striatum); R1 §1.15 Midbrain (Parts)","data/networks.yaml","","","",""
"assert:trisynaptic-circuit--includes--entorhinal-cortex","assertion","INCLUDES","Hippocampal Trisynaptic Circuit INCLUDES Entorhinal Cortex (order: 1)","source:kandel-pns","R2 B8 Hippocampal trisynaptic circuit (entorhinal layer II, perforant path)","data/networks.yaml","","","",""
"assert:trisynaptic-circuit--includes--hippocampus","assertion","INCLUDES","Hippocampal Trisynaptic Circuit INCLUDES Hippocampus (order: 2)","source:kandel-pns","R2 B8 Hippocampal trisynaptic circuit (dentate gyrus, CA3, CA1, subiculum)","data/networks.yaml","","","",""
"assert:spinal-reflex-arc--includes--spinal-cord","assertion","INCLUDES","Spinal Reflex Arc INCLUDES Spinal Cord","source:kandel-pns","R2 B9 Spinal reflex arcs (stretch and withdrawal reflexes)","data/networks.yaml","","","",""
"assert:spinal-reflex-arc--includes--region-5","assertion","INCLUDES","Spinal Reflex Arc INCLUDES region:5","source:kandel-pns","R2 B9 Spinal reflex arcs (modulates reflexes from above)","data/networks.yaml","","","",""
"assert:spinal-reflex-arc--includes--region-20","assertion","INCLUDES","Spinal Reflex Arc INCLUDES region:20","source:kandel-pns","R2 B9 Spinal reflex arcs (modulates reflexes from above)","data/networks.yaml","","","",""
"assert:central-pattern-generator--includes--spinal-cord","assertion","INCLUDES","Central Pattern Generators INCLUDES Spinal Cord","source:brown-1911","R2 B10 Central pattern generators (walking: spinal interneuron networks)","data/networks.yaml","","","",""
"assert:central-pattern-generator--includes--midbrain","assertion","INCLUDES","Central Pattern Generators INCLUDES Midbrain","source:kandel-pns","R2 B10 Central pattern generators (mesencephalic locomotor region, 15)","data/networks.yaml","","","",""
"assert:central-pattern-generator--includes--region-5","assertion","INCLUDES","Central Pattern Generators INCLUDES region:5","source:kandel-pns","R2 B10 Central pattern generators (cortex refines walking)","data/networks.yaml","","","",""
"assert:central-pattern-generator--includes--region-3","assertion","INCLUDES","Central Pattern Generators INCLUDES region:3","source:kandel-pns","R2 B10 Central pattern generators (cortex refines walking)","data/networks.yaml","","","",""
"assert:central-pattern-generator--includes--region-19","assertion","INCLUDES","Central Pattern Generators INCLUDES region:19","source:kandel-pns","R2 B10 Central pattern generators (cerebellum refines walking)","data/networks.yaml","","","",""
"assert:central-pattern-generator--includes--medulla-oblongata","assertion","INCLUDES","Central Pattern Generators INCLUDES Medulla Oblongata","source:smith-1991","R2 B10 Central pattern generators (breathing: pre-Bötzinger complex, ventrolateral medulla, 20)","data/networks.yaml","","","",""
"assert:ascending-arousal-system--includes--locus-coeruleus","assertion","INCLUDES","Ascending Arousal System INCLUDES Locus Coeruleus (order: 1)","source:kandel-pns","R2 B11 Ascending arousal system (noradrenaline)","data/networks.yaml","","","",""
"assert:ascending-arousal-system--includes--raphe-nuclei","assertion","INCLUDES","Ascending Arousal System INCLUDES Raphe Nuclei (order: 1)","source:kandel-pns","R2 B11 Ascending arousal system (serotonin; 15, 20)","data/networks.yaml","","","",""
"assert:ascending-arousal-system--includes--pons","assertion","INCLUDES","Ascending Arousal System INCLUDES Pons (order: 1)","source:kandel-pns","R2 B11 Ascending arousal system (PPT and LDT, acetylcholine)","data/networks.yaml","","","",""
"assert:ascending-arousal-system--includes--hypothalamus","assertion","INCLUDES","Ascending Arousal System INCLUDES Hypothalamus (order: 1)","source:kandel-pns","R2 B11 Ascending arousal system (tuberomammillary histamine, lateral hypothalamus orexin; VLPO)","data/networks.yaml","","","",""
"assert:ascending-arousal-system--includes--ventral-tegmental-area","assertion","INCLUDES","Ascending Arousal System INCLUDES Ventral Tegmental Area (order: 1)","source:kandel-pns","R2 B11 Ascending arousal system (dopamine)","data/networks.yaml","","","",""
"assert:ascending-arousal-system--includes--thalamus","assertion","INCLUDES","Ascending Arousal System INCLUDES Thalamus (order: 2)","source:kandel-pns","R2 B11 Ascending arousal system (relay to cortex)","data/networks.yaml","","","",""
"assert:vestibulo-ocular-reflex--includes--vestibulocochlear-nerve","assertion","INCLUDES","Vestibulo-Ocular Reflex INCLUDES Vestibulocochlear Nerve (order: 1)","source:kandel-pns; source:blumenfeld-neuroanatomy","R2 B12 Vestibulo-ocular reflex (vestibular nerve, CN VIII)","data/networks.yaml","","","",""
"assert:vestibulo-ocular-reflex--includes--vestibular-nuclei","assertion","INCLUDES","Vestibulo-Ocular Reflex INCLUDES Vestibular Nuclei (order: 2)","source:kandel-pns; source:blumenfeld-neuroanatomy","R2 B12 Vestibulo-ocular reflex (20)","data/networks.yaml","","","",""
"assert:vestibulo-ocular-reflex--includes--pons","assertion","INCLUDES","Vestibulo-Ocular Reflex INCLUDES Pons (order: 3)","source:kandel-pns; source:blumenfeld-neuroanatomy","R2 B12 Vestibulo-ocular reflex (abducens nucleus)","data/networks.yaml","","","",""
"assert:vestibulo-ocular-reflex--includes--midbrain","assertion","INCLUDES","Vestibulo-Ocular Reflex INCLUDES Midbrain (order: 3)","source:kandel-pns; source:blumenfeld-neuroanatomy","R2 B12 Vestibulo-ocular reflex (oculomotor nucleus, 15)","data/networks.yaml","","","",""
"assert:vestibulo-ocular-reflex--includes--region-19","assertion","INCLUDES","Vestibulo-Ocular Reflex INCLUDES region:19","source:kandel-pns; source:blumenfeld-neuroanatomy","R2 B12 Vestibulo-ocular reflex (flocculus tunes gain)","data/networks.yaml","","","",""
"assert:hpa-axis--includes--hypothalamus","assertion","INCLUDES","HPA Axis INCLUDES Hypothalamus (order: 1)","source:kandel-pns; source:purves-neuroscience","R2 B13 HPA stress axis (paraventricular nucleus: CRH, vasopressin)","data/networks.yaml","","","",""
"assert:hpa-axis--includes--pituitary-gland","assertion","INCLUDES","HPA Axis INCLUDES Pituitary Gland (order: 2)","source:kandel-pns; source:purves-neuroscience","R2 B13 HPA stress axis (anterior pituitary: ACTH)","data/networks.yaml","","","",""
"assert:hpa-axis--includes--amygdala","assertion","INCLUDES","HPA Axis INCLUDES Amygdala","source:kandel-pns; source:purves-neuroscience","R2 B13 HPA stress axis (drives the axis)","data/networks.yaml","","","",""
"assert:hpa-axis--includes--hippocampus","assertion","INCLUDES","HPA Axis INCLUDES Hippocampus","source:kandel-pns; source:purves-neuroscience","R2 B13 HPA stress axis (cortisol feedback; restrains the axis)","data/networks.yaml","","","",""
"assert:hpa-axis--includes--region-1","assertion","INCLUDES","HPA Axis INCLUDES region:1","source:kandel-pns; source:purves-neuroscience","R2 B13 HPA stress axis (cortisol feedback; medial PFC restrains the axis)","data/networks.yaml","","","",""
